MeshGeometry
1
1
3509
13638
7
1
-2.193869 5.958899 4.526437
-2.193869 5.7599 4.526437
-2.785955 5.7599 4.02005
-2.785955 5.983395 4.02005
-2.193869 6.093091 4.526437
-2.785955 6.108307 4.02005
-4.640069 5.983394 2.434294
-4.640069 6.108306 2.434294
-2.193869 6.225474 4.526437
-2.785955 6.225474 4.02005
-4.640069 6.225473 2.434294
-4.701133 6.319491 2.505782
-2.847063 6.319492 4.091498
-2.254977 6.319492 4.597888
-2.889961 6.565807 4.141655
-2.297875 6.565807 4.648045
-4.744031 6.565807 2.555939
-2.254977 6.812122 4.597888
-2.847064 6.812122 4.091497
-4.701133 6.812121 2.505781
-2.729865 6.992438 3.954464
-2.137778 6.992438 4.460855
-2.569768 7.058438 3.767274
-4.583933 6.992437 2.368749
-1.977682 7.058438 4.273664
-4.423838 7.058436 2.18156
-1.817585 6.992438 4.086473
-4.263741 6.992437 1.99437
-2.409672 6.992438 3.580085
-4.146542 6.812121 1.857337
-1.700386 6.812122 3.949441
-2.292473 6.812122 3.443052
-4.103644 6.565807 1.807179
-2.249574 6.565807 3.392895
-1.657488 6.565807 3.899284
-1.700386 6.319492 3.949441
-4.146542 6.319491 1.857337
-2.292472 6.319492 3.443053
-1.761494 6.225474 4.020892
-2.35358 6.225474 3.514502
-4.207694 6.225474 1.928748
-2.35358 6.108307 3.514502
-4.207694 6.108306 1.928748
-4.207694 5.983394 1.928748
-1.761494 6.093091 4.020891
-2.35358 5.983395 3.514502
-1.761494 5.958899 4.020891
-2.35358 5.7599 3.514502
-1.761494 5.7599 4.020891
-4.515653 6.09011 2.288823
-4.518027 5.9541 2.291599
-2.663912 5.954101 3.877353
-2.663912 6.090602 3.877353
-4.515653 6.09011 2.288823
-2.663912 6.090602 3.877353
-2.612035 6.090602 3.816696
-4.464181 6.108155 2.228381
-2.569767 6.091302 3.767276
-4.424046 6.106053 2.181381
-4.382155 6.090377 2.132733
-2.527499 6.090602 3.717854
-4.33211 6.09011 2.074219
-2.475622 6.090602 3.657198
-2.785955 5.7599 4.02005
-2.193869 5.7599 4.526437
-2.14768 5.705335 4.472432
-2.739766 5.705335 3.966043
-2.065561 5.640635 4.376415
-2.657647 5.640635 3.870028
-2.611214 5.619691 3.815737
-2.017235 5.619691 4.319911
-2.569767 5.608641 3.767276
-1.977681 5.608641 4.273664
-4.606002 5.9541 2.394462
-4.640069 5.983394 2.434294
-2.785955 5.983395 4.02005
-2.751887 5.954101 3.980217
-4.518027 5.9541 2.291599
-2.663912 5.954101 3.877353
-4.329736 5.9541 2.071445
-2.475622 5.954101 3.657198
-2.387647 5.954101 3.554335
-4.241761 5.9541 1.96858
-2.35358 5.983395 3.514502
-4.207694 5.983394 1.928748
-4.33211 6.09011 2.074219
-2.475622 6.090602 3.657198
-2.475622 5.954101 3.657198
-4.329736 5.9541 2.071445
-1.807683 5.705335 4.074896
-1.761494 5.7599 4.020891
-2.35358 5.7599 3.514502
-2.399768 5.705335 3.568507
-1.889802 5.640635 4.170914
-2.481888 5.640635 3.664525
-2.52832 5.619691 3.718814
-1.938128 5.619691 4.227417
-2.569767 5.608641 3.767276
-1.977681 5.608641 4.273664
0.488765 5.870528 6.880317
0.734354 5.733959 6.593165
0.543161 5.736156 6.429645
0.298253 5.872345 6.715999
0.308981 6.147133 7.090527
0.118968 6.148182 6.925624
0.057185 6.524982 6.994596
0.243175 6.524982 7.167469
0.30898 6.902832 7.090527
0.122847 6.899406 6.917265
0.459972 7.211445 6.912911
0.275316 7.211442 6.737841
0.492578 7.359755 6.872106
0.309384 7.360312 6.700086
0.504558 7.508063 6.855418
0.322823 7.509182 6.686447
0.281122 7.643171 6.744058
0.462444 7.64257 6.90198
0.399703 7.777079 6.972661
0.222527 7.781961 6.806303
-0.076646 8.027427 7.156479
0.103625 8.022195 7.317771
-0.447021 8.651412 7.589533
-0.266684 8.648351 7.75075
-0.598994 9.531903 7.776452
-0.420563 9.531903 7.930668
-0.266684 10.41546 7.75075
-0.447021 10.4124 7.589533
0.153719 11.06227 7.259201
-0.028075 11.05696 7.099689
0.548773 11.38034 6.434446
0.7279999 11.38162 6.587733
-2.43463 7.737611 4.249799
-2.469349 7.73578 4.191267
-2.494113 7.744108 4.202162
-2.388008 7.621044 4.211724
-0.288625 7.715406 6.121601
-2.419955 7.619317 4.153881
-0.25504 7.610719 6.084935
-2.362024 7.504476 4.19776
-0.242081 7.506032 6.072388
-2.389037 7.503456 4.14269
-0.236262 7.401336 6.0654
-2.361658 7.376823 4.192441
-0.25107 7.296641 6.08253
-2.388515 7.379064 4.137752
-2.38192 7.249169 4.21124
-2.410511 7.234711 4.159639
-2.494113 7.744108 4.202162
-2.469349 7.73578 4.191267
-2.470556 7.730502 4.122014
-2.419955 7.619317 4.153881
-2.414752 7.614749 4.086535
-2.389037 7.503456 4.14269
-2.407377 7.708833 3.906163
-2.372218 7.501054 4.082277
-2.388515 7.379064 4.137752
-2.356571 7.602594 3.949615
-2.371202 7.385417 4.078113
-2.410511 7.234711 4.159639
-2.23033 7.614749 3.870902
-2.203935 7.730502 3.810273
-2.305767 7.496356 3.993064
-2.22794 7.501054 3.913583
-2.305794 7.397899 3.993042
-2.164607 7.619317 3.855318
-2.135332 7.73578 3.800725
-2.128409 7.744108 3.77457
-2.170867 7.503456 3.887599
-2.175665 7.379064 3.88888
-2.231897 7.385417 3.915232
-2.157452 7.234711 3.863755
-2.30582 7.299439 3.99302
-2.207092 7.201635 3.884955
-2.30583 7.030611 3.993011
-2.397265 7.201635 4.107313
-2.074648 7.065969 3.730862
-2.035679 7.110912 3.723556
-1.896172 6.868505 3.560446
-2.528954 7.065969 4.262053
-2.530128 7.110912 4.301682
-2.669631 6.868505 4.464797
-2.416197 7.073432 4.122056
-2.6581 6.841482 4.413071
-2.729429 6.524983 4.534709
-2.484565 6.959057 4.201993
-2.713118 6.524983 4.477389
-2.66959 6.1815 4.464739
-2.588702 6.77625 4.323754
-2.657952 6.208622 4.41288
-2.506154 5.930071 4.273642
-2.30583 6.524983 3.993011
-2.632463 6.524983 4.37492
-2.588702 6.273714 4.323754
-2.127095 6.959057 3.784029
-2.507405 5.977086 4.236854
-2.195463 7.073432 3.863966
-1.945485 6.841482 3.579859
-1.83638 6.524983 3.490527
-2.022958 6.776251 3.662267
-1.890476 6.524983 3.515532
-1.896223 6.1815 3.560493
-1.979198 6.524983 3.611102
-1.94565 6.208622 3.580034
-2.059663 5.930071 3.75159
-2.022958 6.273714 3.662267
-2.0962 5.977086 3.756058
-2.142514 6.089773 3.802058
-2.3016 5.862782 3.996629
-2.282849 5.805935 4.012667
-2.30583 6.019353 3.993011
-2.469146 6.089773 4.183966
0.543161 5.736156 6.429645
0.734354 5.733959 6.593165
0.9799439 5.870528 6.306015
0.7837269 5.879612 6.145101
1.159728 6.147133 6.095806
0.9673529 6.148182 5.933665
1.025908 6.524982 5.861934
1.225533 6.524982 6.018865
1.159728 6.902832 6.095806
0.959696 6.899406 5.938795
1.007677 7.211445 6.272515
0.815571 7.211451 6.11165
0.972423 7.359756 6.311057
0.783081 7.359869 6.152194
0.957796 7.508063 6.32548
0.771219 7.508289 6.168622
0.8131309 7.643171 6.122016
0.997263 7.64257 6.276654
0.87567 7.778055 6.051294
1.057357 7.777079 6.203711
1.172444 8.023242 5.705229
1.352376 8.022196 5.857694
1.542767 8.648964 5.272235
1.722685 8.648351 5.424716
1.696539 9.531903 5.092441
1.876563 9.531903 5.244796
1.722685 10.41546 5.424716
1.542767 10.41485 5.272234
1.302281 11.06227 5.916265
1.122656 11.0612 5.763443
0.548773 11.38034 6.434446
0.7279999 11.38162 6.587733
0.226859 7.78732 5.534285
-2.072124 7.737611 3.825945
0.109844 7.715406 5.655696
-2.060714 7.827362 3.527518
-2.128409 7.744108 3.77457
-3.693447 7.778656 2.431087
-2.203935 7.730502 3.810273
-2.407377 7.708833 3.906163
-3.879273 7.753469 2.647305
-4.432259 7.823387 2.174357
-4.254939 7.854199 1.967029
-4.7301 7.983257 1.919626
-3.547407 7.838819 2.260544
-4.570927 8.025888 1.733514
-5.00312 8.251438 1.686121
-4.115291 7.91177 1.803748
-4.871107 8.28287 1.531768
-5.176861 8.525784 1.537527
-4.445569 8.077567 1.586944
-5.072634 8.545763 1.415661
-5.31208 8.863924 1.421879
-4.767141 8.325731 1.410207
-5.242099 8.869785 1.340056
-5.388255 9.156085 1.35673
-4.990551 8.579602 1.319686
-5.347952 9.164334 1.312701
-5.420012 9.554892 1.329569
-5.186987 8.892506 1.275616
-5.317155 9.177029 1.276693
-5.257167 9.219207 1.206553
-5.078843 8.967946 1.149171
-4.829483 8.691959 1.131362
-4.563136 8.468042 1.171678
-4.199591 8.249158 1.299337
-3.841271 8.102922 1.483356
-3.261048 8.03858 1.925725
-4.940512 9.201848 0.9874297
-4.623456 9.040328 0.8904697
-4.302186 8.909281 0.8665677
-3.884953 8.781179 0.9314526
-3.490763 8.695597 1.073531
-2.894758 8.657937 1.497446
-5.180649 9.34885 1.117085
-4.537846 9.531903 0.7903697
-3.754208 9.531903 0.7785807
-5.148767 9.531903 1.07981
-4.193752 9.531903 0.7397817
-4.883031 9.531903 0.9202197
-4.623458 10.02348 0.8904697
-4.940513 9.861958 0.9874297
-5.180649 9.714955 1.117085
-5.267747 9.84896 1.218923
-5.388255 9.901215 1.35673
-5.097556 10.10357 1.17105
-5.31208 10.22287 1.421879
-4.857354 10.38334 1.163948
-5.176861 10.56101 1.537527
-4.598436 10.61032 1.212952
-5.003121 10.83536 1.686121
-4.302186 10.15452 0.8665667
-3.884952 10.28263 0.9314518
-4.242154 10.8322 1.349103
-4.7301 11.10354 1.919625
-3.888686 10.98043 1.538795
-4.432259 11.28271 2.174357
-3.490764 10.36821 1.07353
-2.894757 10.40587 1.497445
-3.310599 11.04566 1.98366
-3.878647 11.36154 2.647841
-3.345113 9.531903 0.9032326
-1.822303 11.0559 3.24876
-2.394196 11.37393 3.917436
-0.080529 11.37393 5.896227
-2.74255 9.531903 1.31948
-1.25041 9.531904 2.580085
-1.403648 10.41178 2.759255
0.491364 11.0559 5.227552
1.122656 11.0612 5.763443
0.548773 11.38034 6.434446
0.9100189 10.41178 4.738048
1.542767 10.41485 5.272234
1.696539 9.531903 5.092441
-1.403649 8.652024 2.759256
1.063257 9.531903 4.558877
0.9100189 8.652024 4.738049
1.542767 8.648964 5.272235
-1.772417 8.028473 3.190432
0.541229 8.028473 5.169249
1.172444 8.023242 5.705229
0.87567 7.778055 6.051294
0.8131309 7.643171 6.122016
0.170958 7.646664 5.605292
0.771219 7.508289 6.168622
0.135684 7.506007 5.652184
0.783081 7.359869 6.152194
0.145004 7.355666 5.638455
0.815571 7.211451 6.11165
0.174951 7.205324 5.600609
0.340888 6.896565 5.409859
0.959696 6.899406 5.938795
1.025908 6.524982 5.861934
-1.985109 7.130716 3.750026
0.077072 7.296641 5.698855
-2.102041 7.249169 3.883997
-2.035679 7.110912 3.723556
-2.157452 7.234711 3.863755
-1.840999 6.879963 3.581522
-1.896172 6.868505 3.560446
-1.83638 6.524983 3.490527
0.405617 6.524982 5.334185
-1.779181 6.524983 3.509231
-1.896223 6.1815 3.560493
0.340908 6.153428 5.409843
0.9673529 6.148182 5.933665
0.7837269 5.879612 6.145101
-1.841007 6.170002 3.581513
-2.059663 5.930071 3.75159
0.164118 5.881429 5.616552
-2.009912 5.91014 3.778997
-2.282849 5.805935 4.012667
-2.240637 5.781836 4.048769
-0.07738 5.747135 5.898921
0.543161 5.736156 6.429645
0.077072 7.296641 5.698855
0.174951 7.205324 5.600609
0.145004 7.355666 5.638455
0.062444 7.401336 5.716143
0.135684 7.506007 5.652184
0.068445 7.506032 5.709311
0.078831 7.610719 5.694561
0.170958 7.646664 5.605292
0.109844 7.715406 5.655696
0.226859 7.78732 5.534285
-2.072124 7.737611 3.825945
-2.128409 7.744108 3.77457
-2.135332 7.73578 3.800725
-2.102507 7.621044 3.877908
0.109844 7.715406 5.655696
-2.164607 7.619317 3.855318
0.078831 7.610719 5.694561
-2.112274 7.504477 3.905745
0.068445 7.506032 5.709311
-2.170867 7.503456 3.887599
0.062444 7.401336 5.716143
-2.117472 7.376823 3.90693
0.077072 7.296641 5.698855
-2.175665 7.379064 3.88888
-2.102041 7.249169 3.883997
-2.157452 7.234711 3.863755
-0.390765 0.7784424 6.338873
-0.330458 0.5040515 6.390454
-0.198487 0.5042655 6.235571
-0.258725 0.7786565 6.183911
-0.40277 1.446066 6.055349
-0.54794 1.445845 6.225683
-0.213169 0.6013525 6.056263
-0.383686 0.5042655 5.953433
-0.252317 0.7787595 6.022888
-0.597733 2.315254 5.882135
-0.758733 2.315025 6.071001
-0.284975 0.6013415 5.947112
-0.395266 1.446163 5.893508
-0.873613 3.272758 5.643253
-1.041787 3.272526 5.840517
-0.324479 0.7787596 5.913219
-0.444953 0.7786565 5.900894
-0.588897 2.315345 5.719293
-0.468361 1.446163 5.778974
-1.24104 4.334547 5.325758
-1.417169 4.334311 5.532329
-1.870997 5.434951 5.172092
-0.577014 0.7784425 6.055879
-0.515678 0.5040515 6.108338
-0.732901 1.445845 5.936121
-0.587711 1.446066 5.765765
-0.941993 2.315025 5.77365
-0.864096 3.272846 5.479832
-0.662988 2.315345 5.59905
-0.780974 2.315254 5.584763
-1.222979 3.272526 5.540748
-0.937497 3.272846 5.358365
-1.054785 3.272758 5.343463
-1.596066 4.334311 5.229877
-1.23077 4.334631 5.161691
-1.303404 4.334631 5.038867
-1.419918 4.334547 5.023284
-1.947848 5.222184 4.936443
-1.667554 5.435196 4.933559
-2.395871 6.535592 4.751093
-2.165115 6.535848 4.480599
-2.097513 6.412897 4.361074
-1.628619 5.373765 4.791764
-2.091308 6.232728 4.294803
-1.661834 5.283679 4.697217
-2.15046 6.110309 4.324086
-1.749667 5.222427 4.704065
-2.370674 6.110056 4.582245
0.482915 0.9917365 7.069129
0.529904 0.7582074 7.109321
0.662143 0.7584215 6.954124
0.615171 0.9919514 6.913916
0.504023 1.559972 6.81247
0.358653 1.559751 6.983039
0.618339 0.8557535 6.807775
0.338291 0.7584215 6.748757
0.590846 0.9920534 6.784204
0.346793 2.315254 6.670301
0.185613 2.315025 6.859378
0.468967 0.8557504 6.712941
0.479175 1.56007 6.683312
0.071188 3.272758 6.431099
-0.097158 3.272527 6.628562
0.440904 0.9920534 6.688998
0.290116 0.9919515 6.707519
0.321296 2.315345 6.541806
0.325165 1.56007 6.587084
-0.295935 4.334548 6.113247
-0.472226 4.334311 6.320008
-0.924973 5.434951 5.958508
0.157877 0.9917365 6.862712
0.206069 0.7582074 6.903932
0.173848 1.559972 6.606133
0.028496 1.559751 6.776679
0.162587 2.315345 6.444497
0.045262 3.272846 6.30291
0.01062 2.315254 6.464183
-0.150543 2.315025 6.653237
-0.720358 5.435197 5.718604
-1.448765 6.535592 5.536245
-1.215826 6.535848 5.263196
-0.322338 4.334631 5.985398
-0.113786 3.272846 6.206399
-0.266182 3.272758 6.226381
-0.434511 3.272526 6.423823
-0.747665 5.435275 5.592339
-1.244036 6.535918 5.138516
-0.48176 4.334631 5.889771
-0.634633 4.334548 5.910079
-0.810906 4.334311 6.116822
-0.9098209 5.435275 5.498899
-1.408926 6.535918 5.047266
-1.063621 5.435198 5.520772
-1.270895 5.434951 5.763787
-1.563655 6.535849 5.070703
-1.801929 6.535592 5.349992
0.977572 0.7646814 7.377646
1.027346 0.4876544 7.420218
1.159429 0.4878685 7.265203
1.109706 0.7648954 7.222574
0.850043 1.438497 7.281661
0.995302 1.438716 7.111223
0.673468 2.315024 7.146415
0.834551 2.315254 6.957454
0.392613 3.272527 6.913359
0.560866 3.272758 6.716005
0.019671 4.334311 6.602321
0.195875 4.334547 6.39566
-0.425772 5.434951 6.232279
-0.222255 5.435196 5.993659
-0.942258 6.535592 5.801475
-0.711431 6.535848 5.530896
-0.254508 5.435275 5.87997
-0.744629 6.535918 5.420015
0.164569 4.334631 6.279161
0.530117 3.272846 6.598778
0.8043039 2.315345 6.839572
0.965885 1.438813 6.992054
-0.409409 5.435275 5.816132
-0.904917 6.535918 5.359124
0.015053 4.334631 6.212375
0.381622 3.272846 6.530934
0.656728 2.315345 6.770774
-0.568393 5.435196 5.850844
-1.064874 6.535848 5.396623
-1.295685 6.535592 5.667181
-0.771893 5.434951 6.089445
-0.142958 4.334547 6.244306
-0.319144 4.334311 6.450945
0.055923 3.272527 6.759499
0.224158 3.272758 6.562166
0.338692 2.315025 6.990315
0.499757 2.315254 6.801373
0.522563 1.438498 7.123239
0.6678039 1.438716 6.952821
0.6562749 0.7646814 7.217412
0.823964 1.438813 6.923449
0.78839 0.7648954 7.062361
0.943892 0.7649984 7.033998
0.839214 0.4878685 7.105933
0.707148 0.4876544 7.260925
0.976867 0.5851024 7.062112
1.080963 0.7649984 7.102344
1.113346 0.5851085 7.130132
0.030443 0.8954105 6.753734
0.082746 0.6434275 6.798471
0.215013 0.6436425 6.643241
0.162719 0.8956255 6.598495
0.036449 1.508532 6.488559
-0.108939 1.508309 6.659148
0.186493 0.7410035 6.476578
-0.061444 0.6436425 6.352144
0.154263 0.8957285 6.449053
-0.138244 2.315254 6.336809
-0.29944 2.315025 6.525905
0.052606 0.7410024 6.335696
0.028275 1.508628 6.338634
-0.415048 3.272758 6.099009
-0.583408 3.272526 6.296488
0.019825 0.8957285 6.307619
-0.115005 0.8956255 6.306314
-0.146079 2.315345 6.186288
-0.10813 1.508628 6.193592
-0.7835 4.334548 5.782711
-0.959803 4.334311 5.989488
-0.247294 0.8954105 6.46157
-0.193724 0.6434275 6.507389
-0.242683 1.508532 6.191789
-0.388083 1.508309 6.362393
-0.422772 3.272846 5.948089
-0.284665 2.315345 6.037085
-0.418889 2.315254 6.034662
-0.580097 2.315025 6.223772
-1.212488 5.435198 5.393404
-1.419791 5.434951 5.636453
-0.791102 4.334631 5.631347
-0.560666 3.272846 5.798621
-0.694779 3.272758 5.795793
-0.863151 3.272526 5.993288
-1.712523 6.535849 4.943335
-1.950825 6.535592 5.222658
-1.219438 5.435275 5.241335
-1.718818 6.535918 4.79056
-0.928225 4.334631 5.481587
-1.062217 4.334548 5.47831
-1.238533 4.334311 5.685102
-1.692361 5.434951 5.324865
-1.355377 5.435275 5.090119
-1.853575 6.535918 4.637889
-1.488736 5.435197 5.086117
-2.217234 6.535592 4.903865
-1.9863 6.535848 4.633162
-0.924973 5.434951 5.958508
-1.448765 6.535592 5.536245
-1.412314 6.535574 5.599508
-0.888817 5.434933 6.021519
-0.472226 4.334311 6.320008
-1.362814 6.535574 5.641844
-0.436364 4.33429 6.382767
-0.097158 3.272527 6.628562
-0.838702 5.434933 6.06438
-1.295685 6.535592 5.667181
-0.771893 5.434951 6.089445
-0.385635 4.33429 6.426154
-0.319144 4.334311 6.450945
-0.06179 3.272503 6.690899
0.185613 2.315025 6.859378
-0.010025 3.272503 6.735171
0.055923 3.272527 6.759499
0.220534 2.315002 6.921334
0.358653 1.559751 6.983039
0.273234 2.315002 6.966407
0.338692 2.315025 6.990315
0.402412 1.512637 7.052552
0.482915 0.9917365 7.069129
0.44943 1.483281 7.092765
0.522563 1.438498 7.123239
0.534427 0.9035334 7.145274
0.529904 0.7582074 7.109321
0.5764 0.8485625 7.18117
0.6562749 0.7646814 7.217412
0.585408 0.6493234 7.188876
0.532295 0.6533664 7.149292
0.490966 0.7581825 7.083698
0.212044 0.6525145 6.941163
0.246098 0.7581825 6.928417
0.206069 0.7582074 6.903932
0.62399 0.5904315 7.221874
0.707148 0.4876544 7.260925
0.7164119 0.3918064 7.300919
0.747491 0.4876285 7.280124
0.988145 0.4876284 7.399822
1.031012 0.3940864 7.464063
1.027346 0.4876544 7.420218
1.042593 0.5848584 7.465291
0.977572 0.7646814 7.377646
0.9954489 0.8483425 7.424971
0.850043 1.438497 7.281661
0.8751879 1.483162 7.335199
0.673468 2.315024 7.146415
1.097916 0.7581824 7.512607
1.151511 0.4787454 7.558444
1.053127 0.9917124 7.474299
0.706997 2.315002 7.207126
0.937722 1.559726 7.388683
0.426646 3.272503 6.9745
0.392613 3.272527 6.913359
0.054263 4.33429 6.66394
0.019671 4.334311 6.602321
-0.390853 5.434932 6.294177
-0.425772 5.434951 6.232279
-0.907015 6.535574 5.863651
-0.942258 6.535592 5.801475
-0.840693 6.535574 5.920374
-0.324202 5.434932 6.351182
-0.671055 6.535574 5.784389
-0.166786 5.434932 6.229484
0.121241 4.33429 6.721225
0.266438 4.33429 6.613816
0.494185 3.272503 7.032264
0.635828 3.272503 6.929009
0.775041 2.315002 7.265321
0.913478 2.315002 7.165815
1.069085 1.559726 7.297448
1.178622 0.9917124 7.389927
1.223412 0.7581825 7.428234
1.285558 0.4341544 7.481386
1.208985 0.1790844 7.607599
1.334516 0.1788934 7.523257
1.075831 0.1785854 7.522385
1.213604 0.1094224 7.579471
1.315358 0.1093654 7.510871
1.100742 0.1092754 7.51251
1.198035 0.08056743 7.488709
1.235636 0.08056743 7.452346
1.153034 0.08056744 7.393906
1.13205 0.08056743 7.451151
0.802689 0.1095065 7.336564
0.8402389 0.08056745 7.276591
0.872003 0.08056746 7.206182
0.771993 0.1793685 7.348454
0.677241 0.08056746 7.174032
0.714869 0.08056746 7.097655
0.640076 0.1094854 7.233367
0.6146359 0.1792974 7.246131
0.379731 0.08056747 6.952671
0.424322 0.08056748 6.872348
0.338639 0.1095535 7.010799
0.309654 0.1795315 7.024645
0.089159 0.5389104 6.836063
0.238062 0.08056749 6.831156
0.283919 0.08056749 6.752267
0.19558 0.1095595 6.888343
-0.059513 0.0805675 6.564649
-0.018408 0.08056751 6.48582
0.165644 0.1795485 6.901478
-0.09862 0.1095095 6.62286
-0.215503 0.08056752 6.392447
-0.181332 0.08056752 6.320614
-0.125323 0.1793825 6.633548
-0.191337 0.5431195 6.549201
-0.325013 0.3987965 6.428524
-0.253332 0.1094795 6.45433
-0.436761 0.08056754 6.148197
-0.411758 0.08056754 6.08681
-0.469291 0.1093015 6.210841
-0.490076 0.1786685 6.220289
-0.280679 0.1792805 6.469238
-0.535197 0.08056755 6.017698
-0.518017 0.08056755 5.964942
-0.615021 0.1092405 6.024366
-0.574745 0.1091726 5.901761
-0.661016 0.1784605 6.016069
-0.611145 0.1782316 5.864556
-0.7140869 0.4138205 5.970679
-0.66187 0.4031906 5.821173
-0.520015 0.4140135 6.152714
-0.791737 0.7581826 5.904268
-0.741917 0.7581826 5.752712
-0.596939 0.5679605 6.070871
-0.844397 0.9917115 5.859231
-0.7945769 0.9917115 5.707675
-0.65616 0.8321306 6.020222
-0.979181 1.559726 5.757523
-0.930881 1.559726 5.592635
-0.806753 1.474506 5.904994
-1.164087 2.315002 5.615737
-1.117176 2.315002 5.435156
-1.009818 2.315002 5.747677
-1.445072 3.272504 5.382832
-1.394914 3.272504 5.198455
-1.291203 3.272504 5.51443
-1.81816 4.33429 5.071962
-1.764403 4.33429 4.883377
-1.664735 4.33429 5.203181
-2.169945 5.222165 4.778525
-2.106202 5.222165 4.578266
-2.592774 6.110039 4.424327
-2.519047 6.110039 4.212392
-2.439908 6.110039 4.555068
-2.016798 5.222165 4.909505
-2.370674 6.110056 4.582245
-1.947848 5.222184 4.936443
-1.596066 4.334311 5.229877
-1.222979 3.272526 5.540748
-0.941993 2.315025 5.77365
-0.732901 1.445845 5.936121
-0.577014 0.7784425 6.055879
-0.515678 0.5040515 6.108338
-0.491253 0.5040255 6.144054
-0.353742 0.5040255 6.353545
-0.330458 0.5040515 6.390454
-0.304595 0.5465055 6.444648
-0.390765 0.7784424 6.338873
-0.363169 0.8138065 6.394553
-0.54794 1.445845 6.225683
-0.25108 0.6010565 6.490417
-0.516521 1.46472 6.284633
-0.306342 0.8601375 6.443154
-0.193724 0.6434275 6.507389
-0.160539 0.6434025 6.541165
0.050659 0.6434025 6.763548
-0.247294 0.8954105 6.46157
0.082746 0.6434275 6.798471
-0.450827 1.489462 6.340816
-0.388083 1.508309 6.362393
-0.580097 2.315025 6.223772
0.109001 0.6825694 6.853034
0.030443 0.8954105 6.753734
-0.647123 2.315002 6.198534
-0.863151 3.272526 5.993288
0.058173 0.9283105 6.809563
-0.108939 1.508309 6.659148
0.148181 0.7190375 6.886544
0.098516 0.9588085 6.844067
0.157877 0.9917365 6.862712
-0.722885 2.315002 6.133738
-0.758733 2.315025 6.071001
-0.930605 3.272504 5.967684
-1.238533 4.334311 5.685102
-1.005531 3.272504 5.903603
-1.041787 3.272526 5.840517
-1.306461 4.33429 5.659091
-1.692361 5.434951 5.324865
-1.380458 4.33429 5.595803
-1.417169 4.334311 5.532329
-1.760581 5.434933 5.298606
-2.217234 6.535592 4.903865
-2.285745 6.535574 4.877358
-1.83401 5.434933 5.235806
-1.870997 5.434951 5.172092
-2.358605 6.535574 4.815044
-2.395871 6.535592 4.751093
-0.383686 0.5042655 5.953433
-0.491253 0.5040255 6.144054
-0.515678 0.5040515 6.108338
-0.198487 0.5042655 6.235571
-0.353742 0.5040255 6.353545
-0.330458 0.5040515 6.390454
-0.061444 0.6436425 6.352144
-0.160539 0.6434025 6.541165
-0.193724 0.6434275 6.507389
0.215013 0.6436425 6.643241
0.050659 0.6434025 6.763548
0.082746 0.6434275 6.798471
0.338291 0.7584215 6.748757
0.246098 0.7581825 6.928417
0.206069 0.7582074 6.903932
0.490966 0.7581825 7.083698
0.662143 0.7584215 6.954124
0.529904 0.7582074 7.109321
0.839214 0.4878685 7.105933
0.747491 0.4876285 7.280124
0.707148 0.4876544 7.260925
0.988145 0.4876284 7.399822
1.159429 0.4878685 7.265203
1.027346 0.4876544 7.420218
0.452111 0.8954105 5.643803
0.505683 0.6434276 5.689619
0.372832 0.6436425 5.844375
0.319251 0.8956256 5.798569
0.186309 1.508533 5.690197
0.3323 1.50831 5.520098
0.003757 2.315254 5.540492
0.165577 2.315025 5.351905
-0.275009 3.272758 5.304985
-0.106016 3.272526 5.108022
-0.645635 4.334548 4.991229
-0.468689 4.334311 4.784976
-0.89495 5.434951 4.392508
-1.09923 5.435197 4.630694
-1.392256 6.535592 3.939275
-1.62387 6.535848 4.209397
-1.598616 6.535918 4.339784
-1.074594 5.435275 4.761819
-1.426893 6.535918 4.449233
-0.621618 4.334631 5.123093
-0.904125 5.435275 4.872662
-1.274992 6.535849 4.431759
-0.251416 3.272846 5.437037
-0.452404 4.334631 5.235331
-0.75282 5.435198 4.855945
0.026966 2.315345 5.672716
-0.54486 5.434951 4.613455
-1.036005 6.535593 4.153021
-0.12476 4.334311 5.013128
-0.301693 4.334548 5.219367
0.2369 3.272526 5.337358
-0.082371 3.272846 5.550081
0.06792 3.272758 5.534307
0.50758 2.315025 5.582311
0.208958 1.508628 5.822843
0.195857 2.315345 5.786486
0.345772 2.315254 5.770882
0.668756 1.508309 5.749843
0.3734 1.508628 5.935103
0.522778 1.508533 5.919928
0.783813 0.8954105 5.872869
0.341448 0.8957286 5.931566
0.502022 0.8957285 6.042442
0.37427 0.7410025 5.959596
0.534211 0.7410035 6.070015
0.703282 0.6436425 6.072342
0.836121 0.6434276 5.917602
0.650966 0.8956255 6.02762
0.236417 0.5042655 5.727069
0.368959 0.5040516 5.572674
0.308649 0.7784425 5.521096
0.176039 0.7786566 5.67557
0.057001 0.6013526 5.740373
-0.07103 0.5042656 5.587866
0.026693 1.446066 5.553207
0.172452 1.445845 5.383377
0.017957 0.7787596 5.706874
-0.174661 2.315254 5.387466
-0.013049 2.315025 5.199123
-0.06196599 0.6013415 5.686363
-0.132026 1.446163 5.58572
-0.453438 3.272758 5.151971
-0.284643 3.272526 4.955239
-0.101575 0.7787596 5.652594
-0.132435 0.7786566 5.535488
-0.334163 2.315345 5.42145
-0.256511 1.446163 5.531271
-0.8240759 4.334547 4.838229
-0.647318 4.334311 4.632195
-1.073578 5.434951 4.239726
0.000194 0.7784426 5.38099
0.061531 0.5040516 5.433448
-0.142291 1.445845 5.245561
-0.288069 1.446066 5.415414
-0.335223 2.315025 5.064195
-0.464442 2.315345 5.366903
-0.613407 3.272846 5.186717
-0.496854 2.315254 5.252561
-0.608886 3.272526 4.82273
-1.277674 5.435196 4.477699
-1.570884 6.535593 3.786493
-1.802318 6.535848 4.056406
-1.909913 6.412897 4.141726
-0.9845629 4.334631 4.873819
-0.744787 3.272846 5.133042
-0.777698 3.272758 5.019485
-0.973854 4.334311 4.502367
-1.411716 5.373765 4.538154
-1.974421 6.232728 4.158134
-1.117166 4.334631 4.821112
-1.15063 4.334547 4.708424
-1.318295 5.222184 4.20035
-1.510271 5.283679 4.520003
-1.954666 6.110309 4.095158
-1.517126 5.222427 4.432171
-1.733781 6.110056 3.83757
1.079746 0.7584215 6.465848
1.212556 0.7582075 6.311141
1.165565 0.9917365 6.270954
1.032739 0.9919515 6.425681
0.9283749 0.8557535 6.445271
0.8266389 0.7584215 6.177765
0.915284 1.559973 6.33161
1.061244 1.559752 6.161547
0.900826 0.9920534 6.421766
0.750451 2.315254 6.198332
0.912244 2.315025 6.009778
0.811523 0.8557505 6.312414
0.783835 1.56007 6.327093
0.471401 3.272758 5.963157
0.640366 3.272527 5.766225
0.783518 0.9920534 6.288404
0.778428 0.9919515 6.136568
0.619557 2.315345 6.19307
0.664887 1.560071 6.189871
0.100459 4.334548 5.64977
0.277379 4.334311 5.443547
-0.149962 5.434951 5.052341
0.911236 0.9917365 5.981861
0.959431 0.7582075 6.023077
0.660238 1.559973 6.03743
0.806179 1.559752 5.867387
0.340743 3.272846 5.957425
0.498811 2.315345 6.051373
0.494691 2.315254 5.898191
0.656465 2.315025 5.709659
-0.355232 5.435197 5.291686
-0.648349 6.535592 4.600373
-0.881969 6.535848 4.87284
-0.029938 4.334631 5.643515
0.220733 3.272846 5.815269
0.216838 3.272758 5.661618
0.385786 3.272526 5.464705
-0.484204 5.435275 5.284291
-1.009515 6.535918 4.864307
-0.149133 4.334631 5.500852
-0.152778 4.334548 5.346679
0.024126 4.334311 5.140476
-0.601661 5.435275 5.138588
-1.125234 6.535918 4.715563
-0.603905 5.435198 4.983256
-0.395975 5.434951 4.740802
-1.126077 6.535849 4.559072
-0.8871199 6.535593 4.280367
1.464185 0.4878685 6.908875
1.596838 0.4876545 6.754349
1.547063 0.7646815 6.711781
1.414359 0.7648954 6.866364
1.432461 1.438498 6.600679
1.286612 1.438717 6.770614
1.271467 2.315025 6.447215
1.109774 2.315254 6.635654
0.997674 3.272527 6.205902
0.8288019 3.272758 6.402726
0.632561 4.334311 5.885709
0.455728 4.334548 6.091832
0.197915 5.434951 5.503046
-0.006254999 5.435196 5.741107
-0.307777 6.535592 5.059618
-0.539284 6.535848 5.329617
-0.123572 5.435275 5.726874
-0.653971 6.535918 5.314015
0.335783 4.334631 6.078972
0.708224 3.272846 6.39053
0.988627 2.315345 6.624056
1.164323 1.438814 6.760034
-0.210661 5.435275 5.583748
-0.738985 6.535918 5.165111
0.246617 4.334631 5.941623
0.618172 3.272846 6.254352
0.897774 2.315345 6.488935
-0.201023 5.435196 5.421303
-0.726747 6.535848 5.001274
-0.495257 6.535592 4.731296
0.003129 5.434951 5.183263
0.253655 4.334548 5.780571
0.430472 4.334311 5.574471
0.79346 3.272527 5.897148
0.624605 3.272758 6.09395
1.065337 2.315025 6.140698
0.903661 2.315254 6.329117
1.225168 1.438498 6.30173
1.079337 1.438717 6.471643
1.338939 0.7646815 6.419219
1.074538 1.438814 6.63047
1.206253 0.7648955 6.573783
1.20235 0.7649984 6.731802
1.25718 0.4878685 6.617232
1.389815 0.4876545 6.462729
1.235237 0.5851024 6.760017
1.291126 0.7649984 6.856615
1.323599 0.5851085 6.884297
-0.07103 0.5042656 5.587866
0.061531 0.5040516 5.433448
0.100603 0.5040256 5.452038
0.236417 0.5042655 5.727069
0.328883 0.5040256 5.555396
0.368959 0.5040516 5.572674
0.372832 0.6436425 5.844375
0.505683 0.6434276 5.689619
0.544198 0.6434026 5.717164
0.703282 0.6436425 6.072342
0.7966449 0.6434025 5.891319
0.836121 0.6434276 5.917602
1.181205 0.7581825 6.276649
1.212556 0.7582075 6.311141
1.079746 0.7584215 6.465848
0.8266389 0.7584215 6.177765
0.989828 0.7581825 6.058825
0.959431 0.7582075 6.023077
1.57061 0.4876285 6.718785
1.596838 0.4876545 6.754349
1.464185 0.4878685 6.908875
1.25718 0.4878685 6.617232
1.415039 0.4876285 6.499607
1.389815 0.4876545 6.462729
-0.240887 6.535574 5.084794
-0.307777 6.535592 5.059618
0.197915 5.434951 5.503046
0.264479 5.434933 5.527942
-0.174565 6.535574 5.141517
0.632561 4.334311 5.885709
0.33113 5.434933 5.584946
-0.282597 6.535574 5.330191
0.235317 5.434933 5.75933
0.6988 4.33429 5.910327
0.997674 3.272527 6.205902
0.765779 4.33429 5.967611
0.682187 4.33429 6.127709
1.063354 3.272504 6.230042
1.271467 2.315025 6.447215
1.130893 3.272504 6.287805
1.050855 3.272504 6.443748
1.336643 2.315002 6.470923
1.404687 2.315002 6.529118
1.327855 2.315002 6.681312
1.551786 1.559726 6.6707
1.482027 1.559726 6.814623
1.489252 1.483162 6.617217
1.432461 1.438498 6.600679
1.654265 0.9917125 6.771431
1.590374 0.9917125 6.908492
1.596587 0.8483425 6.722101
1.547063 0.7646815 6.711781
1.699054 0.7581825 6.809737
1.635164 0.7581825 6.946798
1.64373 0.5848585 6.762421
1.596838 0.4876545 6.754349
1.752649 0.4787455 6.855575
1.697312 0.4341545 6.999951
1.640722 0.3940865 6.751171
1.57061 0.4876285 6.718785
1.430762 0.3918065 6.465679
1.415039 0.4876285 6.499607
1.389815 0.4876545 6.462729
1.810123 0.1790845 6.904729
1.746269 0.1788935 7.041821
1.338339 0.5904315 6.386634
1.252414 0.6533665 6.307305
1.338939 0.7646815 6.419219
1.290749 0.8485625 6.345932
1.225168 1.438498 6.30173
1.705289 0.1785855 6.786403
1.783051 0.1094225 6.913656
1.731063 0.1093655 7.024817
1.699396 0.1092755 6.812543
1.690973 0.08056748 6.912351
1.660881 0.08056747 6.955136
1.590338 0.08056748 6.882597
1.643637 0.08056748 6.852989
1.479356 0.1095065 6.545383
1.425932 0.0805675 6.59178
1.3613 0.0805675 6.634079
1.486342 0.1793685 6.513215
1.299335 0.08056752 6.44666
1.229717 0.08056751 6.495677
1.352189 0.1094855 6.400743
1.360853 0.1792975 6.373631
1.034513 0.08056753 6.187079
0.9620779 0.08056753 6.243587
1.085565 0.1095535 6.137469
0.8924969 0.08056754 6.065969
0.821675 0.08056754 6.123507
1.094748 0.1795315 6.106688
0.997138 0.6525145 6.023206
0.874253 0.5389105 5.918107
0.9424049 0.1095595 6.015132
0.583065 0.08056756 5.813325
0.511565 0.08056755 5.866159
0.950738 0.1795485 5.983521
0.634506 0.1095096 5.765665
0.388754 0.08056757 5.685929
0.323091 0.08056757 5.730827
0.640925 0.1793826 5.737627
0.547361 0.5431195 5.685493
0.407413 0.3987966 5.572149
0.444022 0.1094796 5.638961
0.113146 0.08056758 5.505228
0.056379 0.08056758 5.539449
0.169987 0.1093016 5.463376
0.176097 0.1786686 5.441378
0.454509 0.1792806 5.609632
-0.031039 0.08056759 5.428222
-0.080493 0.08056759 5.453374
-0.036832 0.1092406 5.34833
-0.151708 0.1091726 5.407132
-0.052162 0.1784606 5.304177
-0.194106 0.1782316 5.376943
-0.105233 0.4138206 5.258787
-0.244832 0.4031906 5.333559
0.104697 0.4140136 5.42228
-0.182883 0.7581826 5.192376
-0.324879 0.7581826 5.265098
0.011915 0.5679606 5.35898
-0.235543 0.9917116 5.147339
-0.377539 0.9917116 5.22006
-0.047306 0.8321306 5.308331
-0.356923 1.559726 5.029959
-0.512325 1.559726 5.103246
-0.184495 1.474506 5.17743
-0.525669 2.315002 4.869279
-0.69679 2.315002 4.943628
-0.371401 2.315002 5.001219
-0.7993339 3.272504 4.627813
-0.9737 3.272504 4.705959
-0.645465 3.272504 4.759412
-1.164303 4.33429 4.30745
-1.34227 4.33429 4.389805
-1.010877 4.33429 4.43867
-1.508746 5.222165 4.005431
-1.696697 5.222165 4.09946
-1.924233 6.110039 3.642648
-2.12217 6.110039 3.748351
-1.771368 6.110039 3.773388
-1.3556 5.222165 4.13641
-1.733781 6.110056 3.83757
-1.318295 5.222184 4.20035
-0.973854 4.334311 4.502367
-0.608886 3.272526 4.82273
-0.335223 2.315025 5.064195
-0.142291 1.445845 5.245561
0.000194 0.7784426 5.38099
0.061531 0.5040516 5.433448
0.100603 0.5040256 5.452038
0.328883 0.5040256 5.555396
0.368959 0.5040516 5.572674
0.426507 0.5465055 5.58982
0.308649 0.7784425 5.521096
0.367933 0.8138066 5.539723
0.172452 1.445845 5.383377
0.480023 0.6010565 5.635589
0.235562 1.46472 5.405274
0.424761 0.8601375 5.588326
0.505683 0.6434276 5.689619
0.544198 0.6434026 5.717164
0.7966449 0.6434025 5.891319
0.452111 0.8954105 5.643803
0.836121 0.6434276 5.917602
0.301255 1.489463 5.461459
0.3323 1.50831 5.520098
0.165577 2.315025 5.351905
0.894095 0.6825695 5.935077
0.783813 0.8954105 5.872869
0.130251 2.315002 5.289604
-0.106016 3.272526 5.108022
0.843267 0.9283105 5.891606
0.668756 1.508309 5.749843
0.054488 2.315002 5.224808
-0.013049 2.315025 5.199123
-0.141771 3.272504 5.045354
-0.468689 4.334311 4.784976
-0.216697 3.272504 4.981273
-0.284643 3.272526 4.955239
-0.50492 4.33429 4.721904
-0.89495 5.434951 4.392508
-0.578918 4.33429 4.658617
-0.647318 4.334311 4.632195
-0.9314709 5.434933 4.329185
-1.392256 6.535592 3.939275
-1.429067 6.535574 3.875705
-1.0049 5.434933 4.266384
-1.073578 5.434951 4.239726
-1.501927 6.535574 3.81339
-1.570884 6.535593 3.786493
0.252273 11.12162 7.388579
0.8488269 11.36755 6.691071
0.962215 11.36755 6.788047
0.365661 11.12162 7.485557
-0.184434 10.44973 7.899191
1.259024 11.29351 7.041896
-0.071046 10.44973 7.996169
-0.344279 9.531904 8.086089
0.68653 11.0575 7.711275
1.04029 10.90574 7.898534
1.555833 11.11827 7.295746
-0.230891 9.531904 8.183065
-0.184433 8.614083 7.899191
0.267436 10.41271 8.201293
0.114037 9.531904 8.380652
-0.071046 8.614083 7.996169
0.252274 7.942193 7.38858
0.267437 8.6511 8.201293
0.365661 7.942193 7.485557
0.8488269 7.696263 6.691071
0.962215 7.696263 6.788047
0.686531 8.006308 7.711276
1.259024 7.770297 7.041897
1.555833 7.945539 7.295746
0.662886 8.738722 8.339808
1.04029 8.158072 7.898535
1.852642 8.241828 7.549595
1.433389 8.414666 8.039802
2.001047 8.484937 7.67652
1.6608 8.625203 8.074349
2.149451 8.856589 7.803445
0.524747 9.531905 8.501324
1.126474 8.886866 8.398656
0.662886 10.32509 8.339808
1.411721 9.008421 8.365581
1.014135 9.531905 8.530005
1.126474 10.17694 8.398656
1.433388 10.64914 8.0398
1.852642 10.82198 7.549595
1.660799 10.43861 8.074349
2.001047 10.57887 7.67652
1.411721 10.05539 8.365581
1.929985 10.11674 8.060052
2.149451 10.20722 7.803445
1.769325 9.869562 8.247902
1.71052 9.531905 8.316658
1.320552 9.531905 8.472178
2.091393 9.863783 8.00592
2.215933 9.915124 7.860304
2.257068 9.531905 7.895485
2.000223 9.723516 8.11252
1.769325 9.194247 8.247902
1.966853 9.531905 8.151537
2.000223 9.340296 8.11252
1.929986 8.947064 8.060052
2.091393 9.200027 8.00592
2.215933 9.148685 7.860304
1.44538 7.942194 5.993563
0.8488269 7.696263 6.691071
0.962215 7.696263 6.788047
1.558768 7.942194 6.090539
1.882088 8.614083 5.482949
1.259024 7.770297 7.041897
1.995476 8.614083 5.579926
2.041933 9.531903 5.296052
2.155321 9.531903 5.393028
1.882087 10.44972 5.482949
1.995475 10.44972 5.579926
1.445381 11.12162 5.99356
1.558769 11.12162 6.090537
0.8488269 11.36755 6.691071
0.962215 11.36755 6.788047
1.259024 11.29351 7.041896
2.250612 10.41271 5.882501
2.404012 9.531903 5.703142
2.250612 8.6511 5.882502
1.831517 8.006308 6.372519
1.831518 11.0575 6.372519
2.071376 10.90574 6.692955
1.555833 11.11827 7.295746
1.852642 10.82198 7.549595
2.448779 10.32509 6.251684
2.071376 8.158072 6.692956
1.555833 7.945539 7.295746
2.448779 8.738722 6.251685
2.586919 9.531903 6.090168
2.271896 10.64914 7.059391
2.271896 8.414664 7.059391
1.852642 8.241828 7.549595
2.001047 8.484937 7.67652
2.578811 8.886866 6.700537
2.341295 10.43861 7.278691
2.001047 10.57887 7.67652
2.69115 9.531903 6.569185
2.578811 10.17694 6.700535
2.368918 10.11674 7.546838
2.149451 10.20722 7.803445
2.215933 9.915124 7.860304
2.590373 10.05539 6.987463
2.681542 9.531903 6.880865
2.590373 9.008421 6.987463
2.340473 9.863782 7.714688
2.257068 9.531905 7.895485
2.529578 9.869562 7.358989
2.588383 9.531906 7.290233
2.431643 9.723514 7.608089
2.341295 8.625203 7.278693
2.368918 8.947065 7.54684
2.149451 8.856589 7.803445
2.215933 9.148685 7.860304
2.465013 9.531906 7.569072
2.529577 9.194247 7.358991
2.431643 9.340296 7.608089
2.340473 9.200027 7.714688
0.252274 7.942193 7.38858
0.8488269 7.696263 6.691071
0.8488269 7.816224 6.691071
0.29126 8.046082 7.342998
-0.184433 8.614083 7.899191
-0.116909 8.674065 7.82024
-0.266309 9.531904 7.994923
-0.344279 9.531904 8.086089
-0.184434 10.44973 7.899191
-0.116909 10.38974 7.82024
0.252273 11.12162 7.388579
0.291259 11.01773 7.342997
0.8488269 11.36755 6.691071
0.8488269 11.24758 6.691071
0.8488269 11.36755 6.691071
0.8488269 11.24758 6.691071
1.406395 11.01773 6.039144
1.445381 11.12162 5.99356
1.814563 10.38974 5.561902
1.882087 10.44972 5.482949
1.963963 9.531903 5.387218
2.041933 9.531903 5.296052
1.882088 8.614083 5.482949
1.814564 8.674064 5.561902
1.44538 7.942194 5.993563
1.406395 8.046082 6.039145
0.8488269 7.696263 6.691071
0.8488269 7.816224 6.691071
-3.905389 5.571355 2.762186
-3.888403 5.521822 2.774307
-4.005302 5.511189 2.868603
-4.021975 5.560986 2.860155
-4.064954 5.508584 2.868289
-4.081054 5.558566 2.860258
-4.097574 5.508584 2.843708
-4.183988 5.555841 2.783098
-4.460946 5.508584 2.43962
-4.495753 5.547591 2.549398
-4.744294 5.545775 2.336831
-4.722601 5.508584 2.306209
-5.866552 5.545761 1.377007
-5.849195 5.508585 1.342668
-4.554749 5.508585 2.069295
-5.71488 5.508585 1.077079
-5.473484 5.508585 0.9033744
-4.346882 5.508585 1.866906
-5.442252 5.545761 0.8809014
-4.319994 5.545775 1.840726
-4.174506 5.508585 2.104705
-4.071454 5.547591 2.053293
-3.792231 5.555841 2.325043
-3.718954 5.508584 2.401012
-3.700041 5.558566 2.414766
-3.68961 5.508584 2.429425
-3.690981 5.560986 2.473147
-3.680049 5.511189 2.488306
-3.769683 5.571355 2.603515
-3.755075 5.521822 2.618417
-5.744591 5.949317 1.207543
-5.744591 6.073225 1.207543
-4.609064 6.073225 2.178716
-4.609064 5.949317 2.178716
-4.322035 6.073225 2.424202
-4.322035 5.949317 2.424202
-4.035006 6.073225 2.669688
-4.035006 5.949317 2.669688
-4.413064 5.428372 2.190475
-4.554749 5.508585 2.069295
-4.460946 5.508584 2.43962
-4.317535 5.42064 2.510261
-4.238353 5.211101 2.339897
-4.097574 5.508584 2.843708
-4.197397 5.231756 2.61301
-4.088519 4.993827 2.468045
-4.029141 5.418679 2.827091
-4.064954 5.508584 2.868289
-4.102137 5.042873 2.694483
-4.002622 4.681029 2.541508
-3.966882 5.236992 2.880338
-3.997929 5.418679 2.853785
-4.005302 5.511189 2.868603
-4.022143 4.704675 2.762898
-3.960408 4.36823 2.577612
-3.929501 5.055307 2.912309
-3.938754 5.42096 2.856781
-3.888403 5.521822 2.774307
-3.852219 5.427562 2.793092
-3.935694 5.236992 2.907012
-3.878384 5.239223 2.907946
-3.798369 5.245592 2.839149
-3.769395 5.063622 2.863928
-3.898321 5.055307 2.938976
-3.843013 5.057478 2.937881
-3.739216 4.710915 2.889739
-3.900541 4.710669 2.937077
-3.869453 4.710669 2.963666
-3.813793 4.710732 2.962978
-3.828256 4.363996 2.950712
-3.752719 4.358209 2.878191
-3.884396 4.366027 2.950886
-3.895008 4.03458 2.882345
-3.831635 4.025071 2.810697
-3.985832 4.366474 2.793954
-3.915266 4.366027 2.924484
-4.015639 3.704937 2.767991
-3.964047 3.691936 2.69745
-3.949385 4.038246 2.884353
-4.043139 4.043994 2.737221
-3.986328 4.06667 2.555444
-4.065742 3.765111 2.487524
-3.979903 4.038246 2.858253
-4.148197 3.383122 2.589952
-4.096552 3.365593 2.544634
-4.067945 3.710464 2.772004
-4.153943 3.721516 2.634733
-4.24248 3.453979 2.336367
-4.098036 3.710464 2.746268
-4.182987 3.298801 2.54396
-4.131073 3.280576 2.504822
-4.20134 3.401101 2.591362
-4.269905 3.424212 2.532721
-4.323425 3.442645 2.442849
-4.199964 3.278649 2.504503
-4.134252 3.257757 2.46031
-4.236838 3.319021 2.543601
-4.237799 3.29313 2.503851
-4.314384 3.350132 2.477456
-4.33203 3.329964 2.423541
-4.36731 3.369375 2.391438
-4.289605 3.371021 2.296063
-4.352494 3.33851 2.391887
-4.275219 3.339047 2.300325
-4.091831 3.286834 2.543688
-4.131073 3.280576 2.504822
-4.096552 3.365593 2.544634
-4.055847 3.37219 2.584956
-3.964047 3.691936 2.69745
-3.923342 3.698532 2.737772
-3.831635 4.025071 2.810697
-3.790929 4.031669 2.85102
-3.752719 4.358209 2.878191
-3.712013 4.364805 2.918513
-3.739216 4.710915 2.889739
-3.69851 4.717511 2.930061
-3.769395 5.063622 2.863928
-3.728689 5.070219 2.904251
-3.757663 5.252189 2.879471
-3.798369 5.245592 2.839149
-3.811513 5.434159 2.833416
-3.852219 5.427562 2.793092
-3.847697 5.528419 2.814629
-3.888403 5.521822 2.774307
-3.864683 5.577951 2.802509
-3.905389 5.571355 2.762186
-3.909991 5.710073 2.770174
-3.950698 5.703475 2.729852
-3.97534 5.900629 2.723541
-4.016046 5.894032 2.683218
-3.9943 5.955914 2.710009
-4.035006 5.949317 2.669688
-4.035006 6.073225 2.669688
-3.9943 6.079823 2.710009
-4.134252 3.257757 2.46031
-4.237799 3.29313 2.503851
-4.199964 3.278649 2.504503
-4.33203 3.329964 2.423541
-4.352494 3.33851 2.391887
-4.275219 3.339047 2.300325
-4.098198 3.242837 2.459766
-4.098855 3.253886 2.498893
-4.131073 3.280576 2.504822
-4.091831 3.286834 2.543688
-4.044712 3.27257 2.505511
-4.006711 3.359964 2.538012
-4.055847 3.37219 2.584956
-3.923342 3.698532 2.737772
-4.075006 3.246361 2.479602
-4.059795 3.253886 2.453222
-4.014453 3.286834 2.453215
-4.058934 3.280576 2.420475
-3.968104 3.37219 2.482363
-4.103401 3.257757 2.424238
-4.275219 3.339047 2.300325
-4.204842 3.33851 2.219246
-4.170396 3.329964 2.234555
-4.076445 3.29313 2.31519
-4.069933 3.278649 2.352467
-3.796587 3.698532 2.589566
-3.863182 3.690052 2.660767
-3.72671 4.025639 2.777486
-3.664174 4.031669 2.702814
-3.790929 4.031669 2.85102
-3.643735 4.361226 2.848451
-3.585259 4.364805 2.770307
-3.63079 4.717625 2.859522
-3.712013 4.364805 2.918513
-3.571756 4.717511 2.781856
-3.69851 4.717511 2.930061
-3.601935 5.070219 2.756045
-3.728689 5.070219 2.904251
-3.661528 5.074021 2.833233
-3.630908 5.252189 2.731265
-3.757663 5.252189 2.879471
-3.686653 5.256124 2.811745
-3.684759 5.434159 2.68521
-3.811513 5.434159 2.833416
-3.736655 5.438224 2.768981
-3.76631 5.53448 2.743618
-3.708927 5.528419 2.652376
-3.847697 5.528419 2.814629
-3.783489 5.583309 2.728925
-3.723537 5.577951 2.637475
-3.864683 5.577951 2.802509
-3.829315 5.713555 2.689731
-3.762506 5.710073 2.597729
-3.909991 5.710073 2.770174
-3.895409 5.901412 2.633204
-3.818711 5.900629 2.540404
-3.914584 5.955914 2.616804
-3.97534 5.900629 2.723541
-3.835018 5.955914 2.523772
-3.9943 5.955914 2.710009
-3.835018 6.079823 2.523772
-3.9943 6.079823 2.710009
-3.914584 6.094687 2.616804
-5.865524 5.937542 1.348943
-4.735772 5.935615 2.326867
-5.866552 5.880558 1.377007
-4.744294 5.880558 2.336832
-4.448743 5.935616 2.572352
-5.866552 5.694571 1.377007
-4.454053 5.880558 2.585063
-4.254946 5.935616 2.738099
-4.249235 5.881337 2.744242
-4.190961 5.935616 2.792823
-4.477234 5.695459 2.565237
-4.744294 5.694571 2.336831
-4.744294 5.545775 2.336831
-5.866552 5.545761 1.377007
-4.495753 5.547591 2.549398
-4.211676 5.69277 2.770924
-4.183988 5.555841 2.783098
-4.181611 5.881596 2.796798
-4.137928 5.938188 2.790029
-4.123997 5.691881 2.838836
-4.081054 5.558566 2.860258
-4.125464 5.884054 2.794347
-4.035006 5.949317 2.669688
-4.016046 5.894032 2.683218
-4.066442 5.693812 2.837621
-4.021975 5.560986 2.860155
-3.950698 5.703475 2.729852
-3.905389 5.571355 2.762186
0.8436319 11.2424 6.795932
0.830061 11.26326 6.773239
1.445499 11.26666 7.299546
1.441402 11.24651 7.307185
1.165756 10.90448 7.070157
1.682893 11.19223 7.502173
1.465948 10.90448 7.3269
1.672306 11.17421 7.504275
1.581685 10.85112 7.425684
1.69742 10.79777 7.524469
1.902792 11.03433 7.701001
1.784852 10.65153 7.5987
2.044927 10.74255 7.821473
1.809093 10.5053 7.618885
2.126108 10.45119 7.889813
2.066038 10.74803 7.828331
1.815637 10.21481 7.623394
2.149377 10.44819 7.898483
2.139278 9.871357 7.89891
2.162832 9.852265 7.907764
1.902792 11.03433 7.701001
1.672306 11.17421 7.504275
1.682893 11.19223 7.502173
1.920166 11.04799 7.704692
2.044927 10.74255 7.821473
2.066038 10.74803 7.828331
1.835969 10.45474 5.635663
1.831406 10.4578 5.602436
2.448745 10.45946 6.126522
2.436053 10.45678 6.144208
1.967252 10.28576 6.133025
2.267444 10.28576 6.389769
2.644075 10.42216 6.37833
2.626099 10.42055 6.389072
2.353048 10.25909 6.523784
2.438652 10.23241 6.657799
2.777621 10.35069 6.678124
2.79992 10.35012 6.676056
2.443501 10.15929 6.828588
2.754977 10.2048 6.99126
2.776396 10.20014 6.997758
2.385157 10.08617 6.945333
2.671616 10.05912 7.25199
2.227651 9.94093 7.141656
2.690405 10.05023 7.265896
2.357331 9.769202 7.643957
2.367319 9.752261 7.668673
1.885599 8.738477 5.577633
1.875489 8.720672 5.550894
2.492791 8.718923 6.075023
2.485673 8.736405 6.086194
2.017189 8.908261 6.074639
2.317381 8.908261 6.331383
2.688126 8.756235 6.326827
2.675725 8.772651 6.331049
2.403033 8.935071 6.46534
2.488687 8.96188 6.599299
2.827438 8.843015 6.619881
2.844168 8.828796 6.624321
2.493672 9.035357 6.76993
2.805064 8.989621 6.9327
2.820923 8.979512 6.945699
2.435464 9.108832 6.886515
2.721973 9.13602 7.193112
2.278227 9.254792 7.082522
2.735209 9.130169 7.213513
2.408224 9.427366 7.584453
2.412675 9.429599 7.615644
0.942651 7.818338 6.680163
0.91801 7.797552 6.670412
1.533376 7.79416 7.196803
1.540399 7.814235 7.19144
1.265386 8.156259 6.953674
1.565578 8.156259 7.210416
1.77078 7.868586 7.399418
1.771314 7.88653 7.388515
1.681411 8.209614 7.309085
1.797246 8.262969 7.407755
2.002181 8.026406 7.584798
2.008446 8.012827 7.601476
1.884948 8.4092 7.481669
2.144854 8.318181 7.704639
2.154874 8.312779 7.724466
1.909457 8.55543 7.501538
2.226573 8.609538 7.772351
1.916538 8.845917 7.505423
2.238764 8.612612 7.793972
2.240815 9.189368 7.780196
2.253322 9.208531 7.801966
-0.045285 8.618994 7.83529
-0.078834 8.616117 7.835954
0.534642 8.614489 8.364556
0.550161 8.616982 8.349257
0.467351 8.785465 7.886764
0.767543 8.785464 8.143507
0.8139029 8.651236 8.51823
0.821734 8.652676 8.498796
0.9133579 8.811749 8.207119
1.059176 8.838031 8.270732
1.131174 8.721498 8.603209
1.132592 8.722205 8.625553
1.229053 8.910065 8.248565
1.437812 8.865229 8.531337
1.447581 8.869964 8.551459
1.335738 8.982099 8.172353
1.683259 9.008753 8.407612
1.506058 9.125195 7.98537
1.699962 9.017663 8.423959
2.023339 9.294381 8.034476
2.049398 9.311215 8.040402
-0.085402 10.33584 7.882196
-0.113286 10.35376 7.876238
0.500245 10.35554 8.404777
0.51008 10.33794 8.396124
0.425051 10.16357 7.936223
0.725243 10.16357 8.192966
0.779087 10.31768 8.558939
0.7812439 10.30117 8.546142
0.8707139 10.13637 8.256982
1.016185 10.10917 8.321
1.089716 10.22978 8.651683
1.096777 10.24406 8.667432
1.185114 10.03462 8.299941
1.394462 10.08102 8.582025
1.409821 10.09114 8.595608
1.290851 9.960067 8.224836
1.638022 9.932482 8.460506
1.459288 9.811971 8.040055
1.660259 9.938273 8.470381
1.974343 9.636871 8.091764
2.005834 9.63446 8.091339
0.498646 11.41177 6.186853
0.498646 11.10141 6.186853
0.73451 11.10141 6.388578
0.73451 11.41177 6.388578
0.690854 11.44985 6.406054
0.488151 11.60853 6.23269
0.659514 11.53829 6.423986
0.563548 11.71528 6.34191
0.5327849 11.41177 6.624441
0.5327849 11.10141 6.624441
0.296921 11.10141 6.422716
0.296921 11.41177 6.422716
0.543279 11.44985 6.578603
0.340576 11.60853 6.40524
0.556134 11.53829 6.54486
0.460169 11.71528 6.462784
-5.442252 5.694571 0.8809014
-5.442252 5.545761 0.8809014
-4.319994 5.545775 1.840726
-4.319994 5.694571 1.840726
-4.071454 5.547591 2.053293
-4.319994 5.880558 1.840726
-5.442252 5.880558 0.8809014
-4.052934 5.695459 2.069133
-4.328516 5.935615 1.850691
-5.469817 5.937543 0.8862694
-4.041487 5.935616 2.096176
-4.029753 5.880558 2.088959
-3.847691 5.935616 2.261924
-3.840736 5.881337 2.266613
-3.783705 5.935616 2.316648
-3.808552 5.69277 2.299579
-3.792231 5.555841 2.325043
-3.778328 5.881596 2.325267
-3.778242 5.938188 2.369472
-3.727865 5.691881 2.375665
-3.700041 5.558566 2.414766
-3.772042 5.884054 2.381115
-3.881165 5.949317 2.489812
-3.864858 5.894032 2.506444
-3.720138 5.693812 2.432712
-3.690981 5.560986 2.473147
-3.808653 5.703475 2.563769
-3.769683 5.571355 2.603515
-3.881165 6.073225 2.489812
-3.835018 6.079823 2.523772
-3.914584 6.094687 2.616804
-3.958011 6.088089 2.579664
-4.168194 6.073225 2.244327
-4.035006 6.073225 2.669688
-3.9943 6.079823 2.710009
-4.322035 6.073225 2.424202
-4.24504 6.088089 2.334177
-4.455224 6.073225 1.998842
-4.609064 6.073225 2.178716
-4.53207 6.088089 2.088692
-5.59075 6.073225 1.027668
-5.744591 6.073225 1.207543
-5.667597 6.088089 1.117519
-4.455224 6.073225 1.998842
-5.59075 6.073225 1.027668
-5.59075 5.949317 1.027668
-4.455224 5.949317 1.998842
-4.168194 6.073225 2.244327
-4.168194 5.949317 2.244327
-3.881165 6.073225 2.489812
-3.881165 5.949317 2.489812
-6.165917 5.509253 0.3164924
-6.351064 5.508585 0.5329754
-6.329056 5.508585 0.5517973
-6.120659 5.508648 0.3503854
-5.784528 5.508585 1.017512
-6.142035 5.546455 0.2880264
-5.545732 5.508585 0.8415964
-5.71488 5.508585 1.077079
-5.473484 5.508585 0.9033744
-6.093644 5.545763 0.3242764
-5.514827 5.545732 0.8188304
-5.442252 5.545761 0.8809014
-5.514827 5.694571 0.8188304
-5.442252 5.694571 0.8809014
-5.442252 5.880558 0.8809014
-6.093645 5.695239 0.3242764
-6.142092 5.702291 0.2879844
-5.514827 5.880558 0.8188304
-6.093645 5.881821 0.3242764
-6.14215 5.895192 0.2879395
-5.516399 5.935826 0.8206684
-5.469817 5.937543 0.8862694
-6.093645 5.937055 0.3242764
-6.142217 5.952314 0.2878904
-6.093645 6.061764 0.3242764
-6.14229 6.071424 0.2878354
-6.093645 6.301056 0.3242765
-6.142371 6.299929 0.2877755
-6.088431 6.36132 0.2245415
-5.516198 6.065646 0.8204334
-5.467982 6.10442 0.8841245
-5.516198 6.303269 0.8204334
-5.467982 6.320309 0.8841245
-5.410244 6.378323 0.8166144
-5.459272 6.367124 0.7538735
-5.372872 6.55806 0.7729185
-6.037059 6.365361 0.2581155
-6.048976 6.551507 0.1782445
-5.995636 6.564581 0.2096825
-6.088601 6.778541 0.2244305
-5.418138 6.564955 0.7057775
-5.410244 6.772645 0.8166145
-5.459272 6.801144 0.7538735
-5.512346 6.929734 0.9359955
-6.037059 6.80243 0.2581155
-6.196684 6.944723 0.3507065
-5.571652 6.974047 0.8852726
-5.667597 6.987233 1.117519
-6.150229 6.976548 0.3904375
-6.352468 7.00516 0.5317745
-5.726903 7.037333 1.066796
-6.30548 7.040278 0.5719615
-6.460877 6.976548 0.7536585
-6.507334 6.944723 0.7139275
-5.882301 6.974047 1.248493
-5.822995 6.929734 1.299217
-6.574049 6.80243 0.8859805
-6.615318 6.778541 0.8402865
-5.994682 6.801144 1.379892
-5.925097 6.772645 1.418597
-6.615473 6.564581 0.9344145
-6.654802 6.551507 0.8865955
-6.035817 6.564955 1.427989
-5.962469 6.55806 1.462293
-5.994682 6.367124 1.379892
-5.925097 6.378323 1.418597
-6.574049 6.365361 0.8859805
-6.517464 6.301056 0.8198205
-6.615183 6.36132 0.8404364
-6.56108 6.299929 0.7773435
-6.561007 6.071424 0.7774145
-5.937757 6.303269 1.313332
-5.867359 6.320309 1.351087
-5.867359 6.10442 1.351087
-5.937757 6.065646 1.313332
-5.865524 5.937542 1.348943
-6.517464 6.061764 0.8198205
-6.560943 5.952314 0.7774784
-5.937555 5.935826 1.313097
-5.866552 5.880558 1.377007
-6.517464 5.937055 0.8198204
-6.560884 5.895192 0.7775344
-6.517464 5.881821 0.8198204
-6.56083 5.702291 0.7775864
-5.939127 5.880558 1.314935
-6.517464 5.695239 0.8198204
-6.560781 5.546454 0.7776363
-5.939127 5.694571 1.314935
-5.866552 5.694571 1.377007
-5.866552 5.545761 1.377007
-6.517464 5.545763 0.8198204
-5.939127 5.545732 1.314935
-5.849195 5.508585 1.342668
-5.92143 5.508585 1.280875
-5.71488 5.508585 1.077079
-5.784528 5.508585 1.017512
-6.495861 5.508648 0.7890834
-6.536362 5.509253 0.7496284
-6.329056 5.508585 0.5517973
-6.351064 5.508585 0.5329754
-3.778242 5.938188 2.369472
-3.847691 5.935616 2.261924
-3.783705 5.935616 2.316648
-3.881165 5.949317 2.489812
-4.168194 5.949317 2.244327
-4.041487 5.935616 2.096176
-4.328516 5.935615 1.850691
-4.455224 5.949317 1.998842
-5.469817 5.937543 0.8862694
-5.59075 5.949317 1.027668
-5.59075 6.073225 1.027668
-5.467982 6.10442 0.8841245
-5.580093 6.332624 1.015206
-5.467982 6.320309 0.8841245
-5.548064 6.381902 0.9777584
-5.516036 6.431179 0.9403095
-5.410244 6.378323 0.8166144
-5.667597 6.296551 1.117519
-5.667597 6.088089 1.117519
-5.49259 6.565807 0.9128954
-5.372872 6.55806 0.7729185
-5.410244 6.772645 0.8166145
-5.516036 6.700435 0.9403095
-5.512346 6.929734 0.9359955
-5.580093 6.798988 1.015208
-5.744591 6.073225 1.207543
-5.667597 6.987233 1.117519
-5.667597 6.835063 1.117519
-5.755249 6.798988 1.220004
-5.822995 6.929734 1.299217
-5.819304 6.700435 1.294901
-5.925097 6.772645 1.418597
-5.842752 6.565807 1.322317
-5.962469 6.55806 1.462293
-5.925097 6.378323 1.418597
-5.819304 6.431179 1.294901
-5.867359 6.320309 1.351087
-5.787277 6.381902 1.257453
-5.755249 6.332624 1.220004
-5.867359 6.10442 1.351087
-5.865524 5.937542 1.348943
-5.744591 5.949317 1.207543
-4.609064 5.949317 2.178716
-4.735772 5.935615 2.326867
-4.322035 5.949317 2.424202
-4.448743 5.935616 2.572352
-4.254946 5.935616 2.738099
-4.035006 5.949317 2.669688
-4.137928 5.938188 2.790029
-4.190961 5.935616 2.792823
-4.01425 3.365593 2.448404
-4.058934 3.280576 2.420475
-4.014453 3.286834 2.453215
-3.968104 3.37219 2.482363
-3.842734 3.691936 2.555607
-3.796587 3.698532 2.589566
-3.710321 4.025071 2.668854
-3.664174 4.031669 2.702814
-3.631406 4.358209 2.736347
-3.585259 4.364805 2.770307
-3.617903 4.710915 2.747896
-3.571756 4.717511 2.781856
-3.648082 5.063622 2.722085
-3.601935 5.070219 2.756045
-3.630908 5.252189 2.731265
-3.677056 5.245592 2.697305
-3.684759 5.434159 2.68521
-3.730906 5.427562 2.651249
-3.708927 5.528419 2.652376
-3.755075 5.521822 2.618417
-3.723537 5.577951 2.637475
-3.769683 5.571355 2.603515
-3.762506 5.710073 2.597729
-3.808653 5.703475 2.563769
-3.818711 5.900629 2.540404
-3.864858 5.894032 2.506444
-3.835018 5.955914 2.523772
-3.881165 5.949317 2.489812
-3.881165 6.073225 2.489812
-3.835018 6.079823 2.523772
-4.289605 3.371021 2.296063
-4.275219 3.339047 2.300325
-4.204842 3.33851 2.219246
-4.207583 3.369375 2.204681
-4.170396 3.329964 2.234555
-4.24248 3.453979 2.336367
-4.114398 3.350132 2.243626
-4.076445 3.29313 2.31519
-4.149988 3.442645 2.240061
-4.037027 3.319021 2.309975
-4.069933 3.278649 2.352467
-3.934141 3.721516 2.377734
-4.065742 3.765111 2.487524
-4.052903 3.424212 2.278995
-3.81571 4.043994 2.471303
-3.986328 4.06667 2.555444
-3.960408 4.36823 2.577612
-3.815286 3.710464 2.415666
-3.984338 3.401101 2.337636
-4.028319 3.298801 2.363119
-4.058934 3.280576 2.420475
-4.103401 3.257757 2.424238
-4.01425 3.365593 2.448404
-3.97749 3.383123 2.390356
-3.842734 3.691936 2.555607
-3.785194 3.710464 2.441402
-3.781046 3.704937 2.493698
-3.710321 4.025071 2.668854
-3.686336 4.038246 2.515004
-3.655818 4.038246 2.541105
-3.649369 4.03458 2.595135
-3.631406 4.358209 2.736347
-3.750775 4.366474 2.519118
-3.610882 4.366027 2.568588
-3.580012 4.366027 2.59499
-3.571476 4.363996 2.650476
-3.617903 4.710915 2.747896
-3.787086 4.704675 2.488063
-4.002622 4.681029 2.541508
-3.596157 4.710669 2.581181
-3.565069 4.710669 2.60777
-3.557116 4.710732 2.662863
-3.586441 5.057478 2.637888
-3.648082 5.063622 2.722085
-3.86708 5.042873 2.419647
-4.088519 4.993827 2.468045
-3.625116 5.055307 2.556414
-3.593937 5.055307 2.58308
-3.621499 5.239223 2.607588
-3.677056 5.245592 2.697305
-3.730906 5.427562 2.651249
-3.962341 5.231756 2.338174
-4.238353 5.211101 2.339897
-3.662498 5.236992 2.524442
-3.63131 5.236992 2.551116
-3.681408 5.420961 2.555884
-3.755075 5.521822 2.618417
-3.680049 5.511189 2.488306
-3.693545 5.418679 2.497889
-3.68961 5.508584 2.429425
-3.724757 5.418679 2.471195
-3.718954 5.508584 2.401012
-4.082479 5.42064 2.235425
-4.413064 5.428372 2.190475
-4.174506 5.508585 2.104705
-4.554749 5.508585 2.069295
-2.785955 5.7599 4.02005
-2.751887 5.954101 3.980217
-2.785955 5.983395 4.02005
-2.739766 5.705335 3.966043
-2.663912 5.954101 3.877353
-2.657647 5.640635 3.870028
-2.611512 5.958285 3.816085
-2.663912 6.090602 3.877353
-2.611214 5.619691 3.815737
-2.569767 5.958296 3.767276
-2.612035 6.090602 3.816696
-2.569767 5.608641 3.767276
-2.569767 6.091302 3.767276
-2.52832 5.619691 3.718814
-2.527499 6.090602 3.717854
-2.528023 5.958285 3.718466
-2.475622 6.090602 3.657198
-2.481888 5.640635 3.664525
-2.475622 5.954101 3.657198
-2.399768 5.705335 3.568507
-2.387647 5.954101 3.554335
-2.35358 5.7599 3.514502
-2.35358 5.983395 3.514502
-2.43463 7.737611 4.249799
-0.390422 7.78732 6.256029
-0.288625 7.715406 6.121601
-2.727678 7.827362 4.307353
-2.494113 7.744108 4.202162
-4.064055 7.778656 2.864415
-2.470556 7.730502 4.122014
-2.407377 7.708833 3.906163
-3.879273 7.753469 2.647305
-4.432259 7.823387 2.174357
-4.609579 7.854199 2.381685
-4.7301 7.983257 1.919626
-4.209887 7.838819 3.035136
-4.889274 8.025888 2.105736
-5.00312 8.251438 1.686121
-4.749226 7.91177 2.544966
-5.135133 8.28287 1.840474
-5.176861 8.525784 1.537527
-5.01463 8.077567 2.252306
-5.281088 8.545763 1.659393
-5.31208 8.863924 1.421879
-5.239099 8.325731 1.962036
-5.38206 8.869785 1.503704
-5.388255 9.156085 1.35673
-5.363173 8.579602 1.755368
-5.4255 9.164334 1.403374
-5.420012 9.554892 1.329569
-5.437174 8.892506 1.568142
-5.456297 9.177029 1.439382
-5.516285 9.219207 1.509522
-5.545318 8.967946 1.694588
-5.524239 8.691959 1.943693
-5.443104 8.468042 2.200564
-5.260609 8.249158 2.539913
-5.023247 8.102922 2.865359
-4.496245 8.038579 3.369957
-5.683648 9.201848 1.856328
-5.730265 9.040328 2.184584
-5.704054 8.909281 2.505675
-5.575247 8.781178 2.907798
-5.373754 8.695596 3.275185
-4.862536 8.657937 3.798234
-5.705992 9.531903 3.060669
-5.815876 9.531903 2.284684
-5.592803 9.34885 1.59899
-5.624683 9.531903 1.636265
-5.519403 9.531903 3.445482
-5.812489 9.531903 2.632461
-5.74113 9.531903 1.923538
-5.730265 10.02348 2.184584
-5.683648 9.861958 1.856328
-5.592803 9.714955 1.59899
-5.505705 9.84896 1.497152
-5.388255 9.901215 1.35673
-5.526606 10.10357 1.672709
-5.31208 10.22287 1.421879
-5.496369 10.38334 1.911105
-5.176861 10.56101 1.537527
-5.407804 10.61032 2.159291
-5.003121 10.83536 1.686121
-5.704054 10.15452 2.505675
-5.575247 10.28263 2.907799
-5.218046 10.8322 2.490147
-4.7301 11.10354 1.919625
-4.975831 10.98043 2.80992
-4.432259 11.28271 2.174357
-5.373755 10.36821 3.275184
-4.862537 10.40587 3.798236
-4.446696 11.04566 3.312021
-3.878647 11.36154 2.647841
-2.966089 11.0559 4.586111
-2.394196 11.37393 3.917436
-0.080529 11.37393 5.896227
-5.014744 9.531903 3.976202
-3.537982 9.531903 5.254786
-3.384744 10.41178 5.075616
-0.652422 11.0559 6.564903
-0.028075 11.05696 7.099689
0.548773 11.38034 6.434446
-1.071077 10.41178 7.054409
-0.447021 10.4124 7.589533
-1.224314 9.531903 7.233579
-0.598994 9.531903 7.776452
-0.447021 8.651412 7.589533
-3.384743 8.652024 5.075614
-1.071076 8.652024 7.054408
-3.015975 8.028473 4.64444
-0.702286 8.028473 6.623208
-0.076646 8.027427 7.156479
0.222527 7.781961 6.806303
-0.328942 7.646664 6.189793
0.281122 7.643171 6.744058
0.322823 7.509182 6.686447
-0.288089 7.506007 6.147674
0.309384 7.360312 6.700086
-0.300205 7.355666 6.159009
0.275316 7.211442 6.737841
-0.332949 7.205324 6.194462
-0.495658 6.896565 6.387974
0.122847 6.899406 6.917265
0.057185 6.524982 6.994596
-2.496137 7.130716 4.347536
-0.25107 7.296641 6.08253
-2.38192 7.249169 4.21124
-2.530128 7.110912 4.301682
-2.410511 7.234711 4.159639
-2.640253 6.879962 4.516035
-2.669631 6.868505 4.464797
-2.729429 6.524983 4.534709
-0.560378 6.524982 6.463656
-2.702081 6.524983 4.588315
-2.66959 6.1815 4.464739
-0.495669 6.153427 6.387996
0.118968 6.148182 6.925624
0.298253 5.872345 6.715999
-2.640262 6.170002 4.516027
-2.506154 5.930071 4.273642
-0.318879 5.881429 6.181288
-2.471362 5.91014 4.318541
-2.282849 5.805935 4.012667
-2.240637 5.781836 4.048769
-0.07738 5.747135 5.898921
0.543161 5.736156 6.429645
-0.328942 7.646664 6.189793
-0.288625 7.715406 6.121601
-0.390422 7.78732 6.256029
-0.25504 7.610719 6.084935
-0.288089 7.506007 6.147674
-0.242081 7.506032 6.072388
-0.236262 7.401336 6.0654
-0.300205 7.355666 6.159009
-0.25107 7.296641 6.08253
-0.332949 7.205324 6.194462
0.424322 0.08056748 6.872348
0.6415589 0.08056751 6.513802
0.283919 0.08056749 6.752267
0.7755159 0.0805675 6.628369
0.714869 0.08056746 7.097655
0.9620779 0.08056753 6.243587
0.821675 0.08056754 6.123507
1.229717 0.08056751 6.495677
1.041797 0.08056748 6.85611
0.872003 0.08056746 7.206182
1.3613 0.0805675 6.634079
1.179528 0.08056747 6.973907
1.153034 0.08056744 7.393906
1.590338 0.08056748 6.882597
1.422854 0.08056746 7.182014
1.235636 0.08056743 7.452346
1.660881 0.08056747 6.955136
1.492592 0.08056746 7.241658
1.315358 0.1093654 7.510871
1.731063 0.1093655 7.024817
1.540477 0.1093474 7.282612
1.334516 0.1788934 7.523257
1.746269 0.1788935 7.041821
1.549271 0.1788324 7.290133
1.501789 0.4263954 7.249524
1.285558 0.4341544 7.481386
1.697312 0.4341545 6.999951
1.438154 0.7581825 7.195099
1.223412 0.7581825 7.428234
1.635164 0.7581825 6.946798
1.393366 0.9917125 7.156793
1.178622 0.9917124 7.389927
1.590374 0.9917125 6.908492
1.284423 1.559726 7.063619
1.069085 1.559726 7.297448
1.482027 1.559726 6.814623
1.129533 2.315002 6.931148
0.913478 2.315002 7.165815
1.327855 2.315002 6.681312
0.852208 3.272503 6.693963
0.635828 3.272503 6.929009
1.050855 3.272504 6.443748
0.483179 4.33429 6.378345
0.266438 4.33429 6.613816
0.682187 4.33429 6.127709
0.043133 5.434933 6.00199
-0.166786 5.434932 6.229484
0.235317 5.434933 5.75933
-0.467959 6.535574 5.564873
-0.671055 6.535574 5.784389
-0.282597 6.535574 5.330191
-1.898187 6.535574 5.26717
-1.419791 5.434951 5.636453
-1.950825 6.535592 5.222658
-1.375499 5.434933 5.690138
-1.853942 6.535574 5.305011
-0.959803 4.334311 5.989488
-1.330668 5.434933 5.72848
-1.801929 6.535592 5.349992
-1.270895 5.434951 5.763787
-0.9238569 4.33429 6.052344
-0.583408 3.272526 6.296488
-0.87844 4.33429 6.091187
-0.810906 4.334311 6.116822
-0.547947 3.272504 6.35893
-0.29944 2.315025 6.525905
-0.5015529 3.272504 6.39861
-0.434511 3.272526 6.423823
-0.264417 2.315002 6.587974
-0.217142 2.315002 6.628406
-0.150543 2.315025 6.653237
-0.077834 1.525868 6.717865
-0.034216 1.542155 6.755169
0.028496 1.559751 6.776679
-0.149962 5.434951 5.052341
-0.5801989 6.535574 4.626573
-0.648349 6.535592 4.600373
-0.08210799 5.434933 5.078288
0.277379 4.334311 5.443547
-0.530699 6.535574 4.668909
0.344939 4.334291 5.469243
0.640366 3.272527 5.766225
-0.031992 5.434933 5.12115
-0.495257 6.535592 4.731296
0.003129 5.434951 5.183263
0.395668 4.334291 5.51263
0.430472 4.334311 5.574471
0.707434 3.272504 5.791498
0.912244 2.315025 6.009778
0.759199 3.272504 5.83577
0.79346 3.272527 5.897148
0.9788659 2.315002 6.034668
1.061244 1.559752 6.161547
1.031566 2.315002 6.079741
1.065337 2.315025 6.140698
1.136703 1.512637 6.193995
1.165565 0.9917365 6.270954
1.183721 1.483281 6.234209
1.248776 0.9035335 6.310034
1.212556 0.7582075 6.311141
1.299757 0.6493235 6.353635
1.181205 0.7581825 6.276649
0.989828 0.7581825 6.058825
0.959431 0.7582075 6.023077
0.933275 0.7190375 5.968587
0.88361 0.9588085 5.926109
0.911236 0.9917365 5.981861
0.731586 1.525869 5.771465
0.775204 1.542156 5.80877
0.806179 1.559752 5.867387
0.656465 2.315025 5.709659
0.621604 2.315002 5.647717
0.385786 3.272526 5.464705
0.574329 2.315002 5.607284
0.50758 2.315025 5.582311
0.35048 3.272504 5.402385
0.024126 4.334311 5.140476
0.304086 3.272504 5.362705
0.2369 3.272526 5.337358
-0.011672 4.33429 5.077734
-0.395975 5.434951 4.740802
-0.057089 4.33429 5.038891
-0.12476 4.334311 5.013128
-0.440125 5.434933 4.687229
-0.8871199 6.535593 4.280367
-0.939623 6.535574 4.23596
-0.484956 5.434933 4.648887
-0.54486 5.434951 4.613455
-0.983868 6.535574 4.19812
-1.036005 6.535593 4.153021
0.945811 11.24285 6.676463
1.536581 11.26705 7.193051
0.921208 11.26366 6.666666
1.543566 11.24695 7.18773
1.267921 10.90492 6.950703
1.568113 10.90492 7.207446
1.773846 11.19263 7.395826
1.774349 11.17466 7.384963
1.683849 10.85157 7.306231
1.799585 10.79821 7.405016
2.004956 11.03478 7.581546
2.011248 11.04838 7.598197
1.887017 10.65198 7.479246
2.147091 10.743 7.702018
2.15712 10.74843 7.721835
1.911257 10.50575 7.499431
2.228272 10.45164 7.77036
1.917801 10.21526 7.503942
2.240458 10.44859 7.791988
2.241443 9.871804 7.779456
2.253914 9.852665 7.801269
1.887059 10.31859 5.575927
2.494286 10.3381 6.073274
1.87698 10.33636 5.54915
2.487136 10.32065 6.084481
2.018334 10.14964 6.073299
2.318526 10.14964 6.330041
2.689552 10.30097 6.325157
2.67712 10.28459 6.329416
2.40413 10.12296 6.464056
2.489734 10.09628 6.598073
2.828703 10.21457 6.618398
2.845461 10.22876 6.622808
2.494583 10.02317 6.768861
2.80606 10.06868 6.931532
2.821937 10.07878 6.944512
2.436239 9.950049 6.885605
2.722698 9.922997 7.192263
2.278733 9.804805 7.081928
2.735945 9.928866 7.212648
2.408413 9.633076 7.58423
2.41286 9.630901 7.615426
1.834259 8.602555 5.637663
2.447026 8.597765 6.128532
1.82969 8.599424 5.604444
2.434339 8.600504 6.146214
1.965855 8.772359 6.13466
2.266047 8.77236 6.391404
2.642426 8.635244 6.38026
2.624452 8.63691 6.390998
2.3517 8.799169 6.525362
2.437354 8.825977 6.659319
2.776104 8.707112 6.679902
2.798403 8.707636 6.677832
2.442338 8.899453 6.829949
2.753731 8.85372 6.992721
2.775158 8.858354 6.999209
2.384131 8.972931 6.946537
2.670639 9.000117 7.253133
2.226893 9.11889 7.142544
2.689444 9.009008 7.267023
2.35689 9.291464 7.644475
2.36691 9.30844 7.669154
0.840473 7.819231 6.799634
1.442296 7.794957 7.303298
0.8268639 7.798349 6.776983
1.438236 7.815128 7.310893
1.163223 8.157152 7.073127
1.463414 8.157154 7.329868
1.679827 7.869382 7.505763
1.669273 7.887423 7.507826
1.579248 8.210508 7.428538
1.695083 8.263862 7.527207
1.900018 8.027301 7.70425
1.917365 8.013623 7.707971
1.782785 8.410092 7.601122
2.042691 8.319075 7.824091
2.063793 8.313577 7.830962
1.807295 8.556324 7.620992
2.124411 8.610432 7.891803
1.814375 8.84681 7.624875
2.147683 8.613408 7.900467
2.138652 9.190262 7.899646
2.162241 9.209328 7.90846
-0.09561799 8.755803 7.89414
0.489776 8.736441 8.417015
-0.123733 8.738155 7.888452
0.499836 8.753773 8.408101
0.417024 8.922256 7.945607
0.717216 8.922256 8.20235
0.769099 8.773018 8.570618
0.7714679 8.789305 8.55757
0.8630319 8.948539 8.265961
1.008849 8.974822 8.329576
1.080848 8.85829 8.662051
1.087725 8.844157 8.678013
1.178727 9.046856 8.307407
1.387485 9.00202 8.590179
1.402714 8.991916 8.603918
1.285412 9.11889 8.231194
1.632933 9.145543 8.466456
1.455731 9.261985 8.044213
1.655094 9.139615 8.476418
1.973012 9.431171 8.09332
2.004531 9.433167 8.092861
-0.033309 10.47108 7.821289
0.546679 10.47609 8.350483
-0.066818 10.47441 7.821906
0.562165 10.47317 8.335226
0.477135 10.2988 7.875323
0.777328 10.2988 8.132065
0.825456 10.43806 8.504723
0.833267 10.43623 8.485314
0.922798 10.27159 8.196083
1.06827 10.24439 8.2601
1.1418 10.365 8.590782
1.143212 10.36461 8.613138
1.237199 10.16984 8.239041
1.446548 10.21625 8.521125
1.456255 10.21169 8.541316
1.342936 10.09529 8.163938
1.690107 10.06771 8.399608
1.511373 9.947194 7.979156
1.706694 10.05883 8.416089
2.026428 9.772096 8.030866
2.052268 9.755015 8.037047
0.498646 11.41177 6.186853
0.296921 11.10141 6.422716
0.498646 11.10141 6.186853
0.296921 11.41177 6.422716
0.488151 11.60853 6.23269
0.340576 11.60853 6.40524
0.563548 11.71528 6.34191
0.460169 11.71528 6.462784
0.659514 11.53829 6.423986
0.556134 11.53829 6.54486
0.543279 11.44985 6.578603
0.690854 11.44985 6.406054
0.73451 11.41177 6.388578
0.5327849 11.41177 6.624441
0.5327849 11.10141 6.624441
0.73451 11.10141 6.388578
0.341186 6.145239 7.141062
0.341186 6.921113 7.141062
0.638511 6.921113 7.395353
0.638511 6.145239 7.395353
0.776947 7.303936 6.629594
1.075241 7.309051 6.884715
0.638511 6.921113 7.395353
0.341186 6.921113 7.141062
0.777916 5.757303 6.630424
0.341186 6.145239 7.141062
0.638511 6.145239 7.395353
1.075241 5.757303 6.884715
1.511972 6.921113 6.374074
1.214647 6.921113 6.119783
1.214647 6.145239 6.119783
1.511972 6.145239 6.374074
0.776947 7.303936 6.629594
1.214647 6.921113 6.119783
1.511972 6.921113 6.374074
1.075241 7.309051 6.884715
1.511972 6.921113 6.374074
1.511972 6.145239 6.374074
1.075241 5.757303 6.884715
1.075241 7.309051 6.884715
0.638511 6.921113 7.395353
0.638511 6.145239 7.395353
1.511972 6.145239 6.374074
1.214647 6.145239 6.119783
0.777916 5.757303 6.630424
1.075241 5.757303 6.884715
-9.430283 6.195986 -2.100266
-9.543532 6.342394 -2.197123
-9.614149 6.371507 -2.114554
-9.548481 6.244713 -1.962065
-9.235673 6.062439 -1.933823
-9.397273 6.129058 -1.744878
-9.665845 6.451042 -2.054111
-9.515572 6.311064 -1.606559
-9.635008 6.377838 -1.860893
-9.684768 6.55969 -2.031986
-9.666679 6.55969 -1.823864
-9.558871 6.55969 -1.555932
-9.635008 6.741542 -1.860893
-9.515572 6.808316 -1.606558
-9.665845 6.668339 -2.054111
-9.397273 6.990324 -1.744878
-9.548481 6.874668 -1.962064
-9.614149 6.747874 -2.114554
-9.430283 6.923395 -2.100266
-9.235673 7.056942 -1.933823
-9.312084 6.874668 -2.238467
-9.543532 6.776987 -2.197123
-9.074076 6.990324 -2.122771
-9.472915 6.747874 -2.279691
-8.955776 6.808316 -2.261088
-9.421219 6.668338 -2.340137
-9.225557 6.741542 -2.339636
-8.912477 6.55969 -2.311717
-9.402297 6.55969 -2.36226
-9.193887 6.55969 -2.376667
-8.955776 6.311064 -2.261089
-9.225557 6.377838 -2.339636
-9.421219 6.451042 -2.340137
-9.312085 6.244713 -2.238466
-9.074076 6.129058 -2.12277
-9.235673 6.062439 -1.933823
-9.472915 6.371507 -2.279691
-9.430283 6.195986 -2.100266
-9.543532 6.342394 -2.197123
-9.582899 6.485545 -2.174463
-9.555076 6.474075 -2.206995
-9.537477 6.505796 -2.191943
-9.554991 6.513017 -2.171464
-8.526454 6.505795 -1.327254
-9.603269 6.516882 -2.150649
-8.543968 6.513018 -1.306776
-9.567813 6.532743 -2.156472
-9.610724 6.55969 -2.141932
-8.55679 6.532743 -1.291783
-9.572506 6.55969 -2.150985
-9.603269 6.602499 -2.150649
-8.561483 6.55969 -1.286296
-9.567813 6.586637 -2.156472
-8.55679 6.586637 -1.291783
-9.582899 6.633835 -2.174463
-9.554991 6.606364 -2.171464
-8.543968 6.606364 -1.306776
-9.537477 6.613584 -2.191943
-9.555076 6.645307 -2.206995
-8.526454 6.613585 -1.327254
-9.527252 6.633835 -2.239528
-9.519961 6.606364 -2.212421
-8.508939 6.606364 -1.347733
-9.506885 6.602499 -2.263344
-9.50714 6.586637 -2.227413
-8.496118 6.586637 -1.362724
-9.502447 6.55969 -2.232901
-9.499429 6.55969 -2.272061
-8.491425 6.55969 -1.368212
-9.506885 6.516882 -2.263344
-9.50714 6.532743 -2.227413
-8.496118 6.532743 -1.362724
-9.527252 6.485545 -2.239528
-9.519961 6.513017 -2.212421
-8.508939 6.513018 -1.347733
-9.537477 6.505796 -2.191943
-9.555076 6.474075 -2.206995
-8.526454 6.505795 -1.327254
-8.878901 5.907706 -1.133371
-8.634238 5.806844 -1.419438
-8.758574 5.806844 -1.525778
-9.003237 5.907706 -1.239709
-9.058006 6.183268 -0.9239545
-9.182342 6.183267 -1.030295
-9.2479 6.55969 -0.9536415
-9.123565 6.55969 -0.8473024
-9.182343 6.936114 -1.030294
-9.058007 6.936114 -0.9239544
-8.878901 7.211676 -1.13337
-9.003237 7.211676 -1.23971
-8.758574 7.312537 -1.525777
-8.634238 7.312537 -1.419437
-8.51391 7.211674 -1.811845
-8.389575 7.211674 -1.705506
-8.334805 6.936113 -2.021261
-8.21047 6.936113 -1.914922
-8.269248 6.55969 -2.097913
-8.144913 6.55969 -1.991574
-8.334805 6.183267 -2.02126
-8.21047 6.183268 -1.914922
-8.513911 5.907706 -1.811844
-8.389576 5.907706 -1.705505
-8.634238 5.806844 -1.419438
-8.758574 5.806844 -1.525778
-9.127572 5.907706 -1.346048
-8.882909 5.806844 -1.632116
-9.007244 5.806844 -1.738455
-9.251906 5.907706 -1.452388
-9.306677 6.183267 -1.136634
-9.431012 6.183267 -1.242972
-9.49657 6.55969 -1.166319
-9.372235 6.55969 -1.059981
-9.431012 6.936114 -1.242972
-9.306678 6.936114 -1.136633
-9.127572 7.211676 -1.346049
-9.251906 7.211675 -1.452388
-9.007244 7.312537 -1.738455
-8.882909 7.312537 -1.632116
-8.762581 7.211674 -2.024523
-8.638246 7.211674 -1.918184
-8.583475 6.936113 -2.233939
-8.459141 6.936113 -2.1276
-8.517919 6.55969 -2.310591
-8.393583 6.55969 -2.204252
-8.583476 6.183267 -2.233938
-8.459141 6.183267 -2.127599
-8.762581 5.907706 -2.024523
-8.638247 5.907706 -1.918184
-8.882909 5.806844 -1.632116
-9.007244 5.806844 -1.738455
-9.255914 5.806844 -1.951133
-9.131578 5.806844 -1.844793
-8.886914 5.907706 -2.130862
-9.01125 5.907706 -2.2372
-8.70781 6.183267 -2.340277
-8.832146 6.183267 -2.446616
-8.642253 6.55969 -2.416929
-8.766588 6.55969 -2.523268
-8.707809 6.936113 -2.340278
-8.832145 6.936113 -2.446618
-8.886914 7.211674 -2.130862
-9.01125 7.211674 -2.237201
-9.131578 7.312537 -1.844793
-9.255914 7.312537 -1.951133
-9.376241 7.211675 -1.558726
-9.500576 7.211675 -1.665066
-9.679682 6.936114 -1.455651
-9.555345 6.936114 -1.34931
-9.620903 6.55969 -1.272658
-9.745238 6.55969 -1.378997
-9.679682 6.183267 -1.455649
-9.555345 6.183267 -1.349311
-9.500576 5.907706 -1.665066
-9.376241 5.907706 -1.558727
-9.131578 5.806844 -1.844793
-9.255914 5.806844 -1.951133
0.341186 6.145239 7.141062
0.776947 7.303936 6.629594
0.341186 6.921113 7.141062
0.777916 5.757303 6.630424
1.214647 6.145239 6.119783
1.214647 6.921113 6.119783
-9.397273 6.129058 -1.744878
-8.969557 6.037794 -1.706225
-9.235673 6.062439 -1.933823
-9.139166 6.107714 -1.507913
-8.260008 6.016414 -1.099373
-8.436564 6.089199 -0.8929375
-9.515572 6.311064 -1.606559
-9.263328 6.298742 -1.362739
-8.565812 6.288053 -0.7418165
-8.61312 6.55969 -0.6865014
-9.308774 6.55969 -1.309602
-9.558871 6.55969 -1.555932
-8.565812 6.831328 -0.7418165
-9.263328 6.820639 -1.362741
-9.515572 6.808316 -1.606558
-8.436565 7.030182 -0.8929375
-9.397273 6.990324 -1.744878
-9.139166 7.011665 -1.507914
-8.260009 7.102968 -1.099373
-8.969557 7.081587 -1.706225
-9.235673 7.056942 -1.933823
-9.074076 6.990324 -2.122771
-8.79995 7.011665 -1.904536
-8.083452 7.030182 -1.305808
-8.955776 6.808316 -2.261088
-7.954204 6.831329 -1.456928
-8.675788 6.82064 -2.04971
-8.912477 6.55969 -2.311717
-8.630342 6.55969 -2.102847
-7.906895 6.55969 -1.512244
-8.955776 6.311064 -2.261089
-7.954204 6.288052 -1.456928
-8.675788 6.298742 -2.04971
-8.79995 6.107714 -1.904536
-9.074076 6.129058 -2.12277
-8.08345 6.089199 -1.305809
-9.235673 6.062439 -1.933823
-8.260008 6.016414 -1.099373
-8.969557 6.037794 -1.706225
-9.472915 6.371507 -2.279691
-9.555076 6.474075 -2.206995
-9.543532 6.342394 -2.197123
-9.527252 6.485545 -2.239528
-9.506885 6.516882 -2.263344
-9.421219 6.451042 -2.340137
-9.499429 6.55969 -2.272061
-9.402297 6.55969 -2.36226
-9.506885 6.602499 -2.263344
-9.421219 6.668338 -2.340137
-9.527252 6.633835 -2.239528
-9.472915 6.747874 -2.279691
-9.555076 6.645307 -2.206995
-9.543532 6.776987 -2.197123
-9.614149 6.747874 -2.114554
-9.582899 6.633835 -2.174463
-9.603269 6.602499 -2.150649
-9.665845 6.668339 -2.054111
-9.684768 6.55969 -2.031986
-9.610724 6.55969 -2.141932
-9.665845 6.451042 -2.054111
-9.603269 6.516882 -2.150649
-9.614149 6.371507 -2.114554
-9.582899 6.485545 -2.174463
-9.543532 6.342394 -2.197123
-8.33344 6.246825 -1.162176
-4.203047 6.246827 2.370393
-4.101372 6.288743 2.25151
-8.231764 6.288743 -1.281059
-4.026939 6.403258 2.164481
-8.157331 6.403258 -1.368087
-3.999695 6.55969 2.132627
-8.130088 6.55969 -1.399942
-4.026939 6.716125 2.164481
-8.157331 6.716124 -1.368087
-4.101371 6.830639 2.251509
-8.231764 6.830639 -1.281059
-4.203047 6.872556 2.370393
-8.33344 6.872556 -1.162176
-4.304723 6.830639 2.489275
-8.435116 6.830639 -1.043293
-4.379155 6.716125 2.576303
-8.509547 6.716124 -0.9562645
-4.406399 6.559691 2.608159
-8.536792 6.55969 -0.9244105
-4.379155 6.403258 2.576303
-8.509547 6.403258 -0.9562645
-4.304723 6.288743 2.489275
-8.435115 6.288743 -1.043293
-4.203047 6.246827 2.370393
-8.33344 6.246825 -1.162176
0.864492 7.782944 6.717014
0.757391 7.792139 6.612869
0.191996 8.025223 7.273947
0.295061 8.025223 7.362094
-0.221903 8.662022 7.757891
-0.118838 8.662022 7.846037
-0.270334 9.531904 8.023172
-0.368473 9.531903 7.953895
-0.221903 10.40179 7.757891
-0.118838 10.40179 7.846037
0.191996 11.03859 7.273948
0.295061 11.03859 7.362094
0.757391 11.27167 6.612869
0.860456 11.27167 6.701016
1.322787 11.03859 5.951789
1.425852 11.03859 6.039937
1.736685 10.40179 5.467847
1.83975 10.40179 5.555995
1.991247 9.531903 5.37886
1.907586 9.531903 5.292654
1.755121 8.656452 5.470923
1.853135 8.652507 5.561059
1.322787 8.025224 5.951791
1.425852 8.025224 6.039938
0.757391 7.792139 6.612869
0.864492 7.782944 6.717014
-9.376241 7.211675 -1.558726
-9.131578 7.312537 -1.844793
-9.131578 6.984017 -1.844793
-8.886914 7.211674 -2.130862
-9.269477 6.927168 -1.683557
-8.993678 6.927167 -2.00603
-9.555345 6.936114 -1.34931
-8.892731 6.771853 -2.124062
-9.370426 6.771853 -1.565526
-8.707809 6.936113 -2.340278
-9.620903 6.55969 -1.272658
-8.855781 6.55969 -2.167265
-9.407375 6.55969 -1.522323
-8.642253 6.55969 -2.416929
-9.555345 6.183267 -1.349311
-8.892731 6.347528 -2.124063
-9.370426 6.347528 -1.565526
-8.70781 6.183267 -2.340277
-9.376241 5.907706 -1.558727
-8.993678 6.192213 -2.00603
-9.269477 6.192213 -1.683558
-8.886914 5.907706 -2.130862
-9.131578 5.806844 -1.844793
-9.131578 6.135364 -1.844793
-9.127572 7.211676 -1.346049
-8.882909 7.312537 -1.632116
-8.882909 6.984017 -1.632116
-8.638246 7.211674 -1.918184
-9.020808 6.927168 -1.47088
-8.74501 6.927167 -1.793352
-9.306678 6.936114 -1.136633
-9.121758 6.771853 -1.352847
-9.372235 6.55969 -1.059981
-9.158707 6.55969 -1.309644
-8.459141 6.936113 -2.1276
-8.644061 6.771853 -1.911385
-8.607111 6.55969 -1.954587
-8.393583 6.55969 -2.204252
-8.644061 6.347528 -1.911385
-8.459141 6.183267 -2.127599
-8.74501 6.192213 -1.793352
-8.638247 5.907706 -1.918184
-8.882909 6.135365 -1.632116
-8.882909 5.806844 -1.632116
-9.306677 6.183267 -1.136634
-9.121758 6.347528 -1.352848
-9.020808 6.192213 -1.470881
-9.127572 5.907706 -1.346048
-8.878901 7.211676 -1.13337
-8.634238 7.312537 -1.419437
-8.634238 6.984017 -1.419437
-8.389575 7.211674 -1.705506
-8.772138 6.927168 -1.258202
-8.49634 6.927167 -1.580673
-9.058007 6.936114 -0.9239544
-8.873086 6.771853 -1.14017
-9.123565 6.55969 -0.8473024
-8.910036 6.55969 -1.096967
-8.21047 6.936113 -1.914922
-8.395391 6.771853 -1.698706
-8.35844 6.55969 -1.74191
-8.144913 6.55969 -1.991574
-8.395391 6.347528 -1.698706
-8.21047 6.183268 -1.914922
-8.49634 6.192214 -1.580674
-8.389576 5.907706 -1.705505
-8.634238 6.135365 -1.419438
-8.634238 5.806844 -1.419438
-9.058006 6.183268 -0.9239545
-8.873086 6.347528 -1.14017
-8.772138 6.192214 -1.258203
-8.878901 5.907706 -1.133371
-8.496118 6.586637 -1.362724
-8.526454 6.55969 -1.327254
-8.491425 6.55969 -1.368212
-8.508939 6.606364 -1.347733
-8.496118 6.532743 -1.362724
-8.526454 6.613585 -1.327254
-8.508939 6.513018 -1.347733
-8.543968 6.606364 -1.306776
-8.526454 6.505795 -1.327254
-8.55679 6.586637 -1.291783
-8.543968 6.513018 -1.306776
-8.561483 6.55969 -1.286296
-8.55679 6.532743 -1.291783
-6.507334 6.944723 0.7139275
-6.379428 6.947981 0.5087165
-6.352468 7.00516 0.5317745
-6.196684 6.944723 0.3507065
-6.521134 6.894131 0.6744035
-6.615318 6.778541 0.8402865
-6.23787 6.894131 0.3432025
-6.088601 6.778541 0.2244305
-6.616927 6.746901 0.7864075
-6.654802 6.551507 0.8865955
-6.379428 6.565807 0.5087165
-6.142078 6.746901 0.2311995
-6.048976 6.551507 0.1782445
-6.652014 6.545656 0.8274325
-6.106991 6.545656 0.1901735
-6.616928 6.377097 0.7864084
-6.615183 6.36132 0.8404364
-6.088431 6.36132 0.2245415
-6.56108 6.299929 0.7773435
-6.142076 6.377097 0.2311975
-6.142371 6.299929 0.2877755
-6.563061 6.315967 0.7234254
-6.195944 6.315967 0.2941805
-6.563061 6.087757 0.7234254
-6.561007 6.071424 0.7774145
-6.563061 5.976345 0.7234254
-6.560943 5.952314 0.7774784
-6.473143 6.126662 0.6182895
-6.195944 6.087757 0.2941805
-6.14229 6.071424 0.2878354
-6.195944 5.976345 0.2941805
-6.142217 5.952314 0.2878904
-6.285862 6.126662 0.3993165
-6.447416 6.247404 0.5882105
-6.311588 6.247404 0.4293955
-6.379428 6.219436 0.5087164
-6.379428 6.088089 0.5087164
-6.195944 5.916182 0.2941805
-6.14215 5.895192 0.2879395
-6.379428 6.013373 0.5087164
-6.195944 5.71295 0.2941804
-6.142092 5.702291 0.2879844
-6.563061 5.916182 0.7234254
-6.560884 5.895192 0.7775344
-6.379428 5.760979 0.5087164
-6.563061 5.71295 0.7234254
-6.56083 5.702291 0.7775864
-6.195944 5.54704 0.2941804
-6.142035 5.546455 0.2880264
-6.165917 5.509253 0.3164924
-6.351064 5.508585 0.5329754
-6.379428 5.545909 0.5087164
-6.563061 5.54704 0.7234254
-6.560781 5.546454 0.7776363
-6.536362 5.509253 0.7496284
-0.122325 0.08056756 5.860481
-0.518017 0.08056755 5.964942
-0.411758 0.08056754 6.08681
-0.181332 0.08056752 6.320614
-0.330084 0.08056757 5.682793
-0.574745 0.1091726 5.901761
0.137608 0.08056754 6.082791
-0.018408 0.08056751 6.48582
-0.392934 0.1091496 5.629039
-0.611145 0.1782316 5.864556
0.32134 0.08056753 6.23993
0.283919 0.08056749 6.752267
0.6415589 0.08056751 6.513802
0.821675 0.08056754 6.123507
0.511565 0.08056755 5.866159
0.323091 0.08056757 5.730827
0.056379 0.08056758 5.539449
-0.080493 0.08056759 5.453374
-0.151708 0.1091726 5.407132
-0.194106 0.1782316 5.376943
-0.431858 0.1781516 5.595748
-0.474384 0.3667426 5.559378
-0.244832 0.4031906 5.333559
-0.56265 0.7581826 5.483887
-0.66187 0.4031906 5.821173
-0.324879 0.7581826 5.265098
-0.741917 0.7581826 5.752712
-0.377539 0.9917116 5.22006
-0.7945769 0.9917115 5.707675
-0.615309 0.9917116 5.43885
-0.971058 2.315002 5.134592
-0.512325 1.559726 5.103246
-0.930881 1.559726 5.592635
-0.69679 2.315002 4.943628
-1.117176 2.315002 5.435156
-0.9737 3.272504 4.705959
-1.394914 3.272504 5.198455
-1.248383 3.272504 4.897406
-1.34227 4.33429 4.389805
-1.764403 4.33429 4.883377
-1.617411 4.33429 4.581789
-1.696697 5.222165 4.09946
-2.106202 5.222165 4.578266
-1.965525 5.222165 4.284061
-2.12217 6.110039 3.748351
-2.519047 6.110039 4.212392
-2.384683 6.110039 3.925571
1.876563 9.531903 5.244796
1.755121 8.656452 5.470923
1.907586 9.531903 5.292654
1.736685 10.40179 5.467847
1.722685 10.41546 5.424716
1.322787 11.03859 5.951789
1.302281 11.06227 5.916265
0.7279999 11.38162 6.587733
0.7695569 11.36466 6.623273
0.771094 11.25812 6.624588
1.313698 10.97806 5.989999
1.710969 10.36684 5.525496
1.736685 10.40179 5.467847
1.856381 9.531904 5.355477
1.907586 9.531903 5.292654
1.710969 8.696965 5.525496
1.722685 8.648351 5.424716
1.361036 8.105264 5.93465
1.388207 8.036039 5.89993
1.352376 8.022196 5.857694
1.056105 7.784029 6.290394
1.055041 7.901058 6.292429
1.057357 7.777079 6.203711
0.997263 7.64257 6.276654
0.771095 7.815043 6.62459
1.00088 7.645298 6.358377
0.957796 7.508063 6.32548
0.771907 7.668639 6.625283
0.485144 7.784029 6.957981
0.48699 7.901058 6.956613
0.150909 8.036039 7.34662
0.180995 8.105264 7.314391
-0.221903 8.662022 7.757891
-0.168938 8.696965 7.723545
-0.31435 9.531904 7.893565
-0.368473 9.531903 7.953895
-0.221903 10.40179 7.757891
-0.168939 10.36684 7.723546
0.228333 10.97806 7.259043
0.191996 11.03859 7.273948
0.771094 11.25812 6.624588
0.7695569 11.36466 6.623273
0.7279999 11.38162 6.587733
0.153719 11.06227 7.259201
-0.221903 10.40179 7.757891
-0.266684 10.41546 7.75075
-0.420563 9.531903 7.930668
-0.368473 9.531903 7.953895
-0.266684 8.648351 7.75075
0.103625 8.022195 7.317771
0.399703 7.777079 6.972661
0.462444 7.64257 6.90198
0.54374 7.645298 6.892879
0.504558 7.508063 6.855418
0.773163 7.583868 6.626359
0.581709 7.506569 6.851899
0.966282 7.506569 6.402243
0.575154 7.351336 6.86413
0.492578 7.359755 6.872106
0.77442 7.499098 6.627432
0.775684 7.401516 6.628513
0.977349 7.351336 6.39387
0.972423 7.359756 6.311057
0.547975 7.196098 6.900479
0.459972 7.211445 6.912911
0.376385 6.88249 7.10181
0.30898 6.902832 7.090527
0.243175 6.524982 7.167469
0.776947 7.303936 6.629594
1.009044 7.196098 6.361382
1.007677 7.211445 6.272515
1.181329 6.88249 6.160645
1.159728 6.902832 6.095806
1.225533 6.524982 6.018865
0.778226 7.090637 6.630688
0.6137 6.968031 6.826562
0.946215 6.968031 6.437775
0.492398 6.780777 6.969218
1.068332 6.780777 6.295817
1.112881 6.524982 6.243729
0.447849 6.524982 7.021306
1.243592 6.524982 6.087844
1.159728 6.147133 6.095806
1.068332 6.269188 6.295817
0.314122 6.524982 7.174611
0.308981 6.147133 7.090527
0.376385 6.167475 7.10181
0.492398 6.269188 6.969218
0.546489 5.905765 6.902919
0.614107 6.081933 6.826911
0.488765 5.870528 6.880317
0.780461 5.95933 6.632599
0.777916 5.757303 6.630424
0.734354 5.733959 6.593165
0.9799439 5.870528 6.306015
1.011225 5.905765 6.359535
0.946623 6.081933 6.438125
1.181329 6.167475 6.160645
2.844168 8.828796 6.624321
2.688126 8.756235 6.326827
2.687695 8.734693 6.331587
2.492791 8.718923 6.075023
2.84553 8.808163 6.632672
2.820923 8.979512 6.945699
2.490171 8.696939 6.076907
1.875489 8.720672 5.550894
1.866671 8.697803 5.545232
1.853135 8.652507 5.561059
2.474011 8.654155 6.095801
2.821922 8.960584 6.957596
2.735209 9.130169 7.213513
2.735124 9.113002 7.228474
2.412675 9.429599 7.615644
2.408951 9.415781 7.635075
2.805762 8.917799 6.97649
2.718963 9.070218 7.24737
2.39279 9.372998 7.653969
2.376629 9.330215 7.672866
2.702802 9.027434 7.266264
2.36691 9.30844 7.669154
2.689444 9.009008 7.267023
2.789602 8.875015 6.995387
2.775158 8.858354 6.999209
2.82937 8.76538 6.651567
2.813209 8.722596 6.670464
2.655439 8.649299 6.369302
2.798403 8.707636 6.677832
2.642426 8.635244 6.38026
2.447026 8.597765 6.128532
2.671566 8.691996 6.350446
2.45785 8.611372 6.114697
1.82969 8.599424 5.604444
1.834256 8.611985 5.583134
0.816571 10.42415 8.519369
0.825456 10.43806 8.504723
1.143212 10.36461 8.613138
0.546679 10.47609 8.350483
1.138147 10.34978 8.629004
1.456255 10.21169 8.541316
0.534615 10.46264 8.363408
-0.066818 10.47441 7.821906
-0.087231 10.46201 7.829801
-0.106335 10.42174 7.852137
0.518217 10.42006 8.382581
1.454627 10.19513 8.556286
1.706694 10.05883 8.416089
1.707916 10.04048 8.429523
2.052268 9.755015 8.037047
2.057322 9.733274 8.046213
1.438231 10.15256 8.575458
1.691519 9.997912 8.448694
2.040925 9.690701 8.065386
2.024528 9.648131 8.084558
1.12175 10.30721 8.648175
1.675122 9.955342 8.467866
2.005834 9.63446 8.091339
1.660259 9.938273 8.470381
1.421833 10.10999 8.59463
1.409821 10.09114 8.595608
1.105353 10.26464 8.667348
0.783843 10.33919 8.557635
1.096777 10.24406 8.667432
0.779087 10.31768 8.558939
0.500245 10.35554 8.404777
0.8002059 10.38167 8.538503
0.501821 10.37749 8.401751
-0.113286 10.35376 7.876238
-0.120122 10.37662 7.868258
0.489776 8.736441 8.417015
0.769099 8.773018 8.570618
0.773577 8.751432 8.569639
1.087725 8.844157 8.678013
0.491068 8.714421 8.414325
-0.123733 8.738155 7.888452
-0.130863 8.715275 7.880816
-0.117663 8.669744 7.865383
0.506911 8.671357 8.3958
1.096034 8.823463 8.678243
1.111877 8.780399 8.659719
1.402714 8.991916 8.603918
1.41448 8.972892 8.603227
1.655094 9.139615 8.476418
1.669735 9.122319 8.474164
2.004531 9.433167 8.092861
2.023047 9.419156 8.086287
1.430324 8.929828 8.584702
1.685579 9.079255 8.455639
2.03889 9.376093 8.067762
2.054734 9.333029 8.049238
1.446167 8.886764 8.566176
1.701421 9.036192 8.437115
2.049398 9.311215 8.040402
1.699962 9.017663 8.423959
1.447581 8.869964 8.551459
1.127721 8.737336 8.641193
0.8052 8.66548 8.532664
1.132592 8.722205 8.625553
0.8139029 8.651236 8.51823
0.534642 8.614489 8.364556
0.789388 8.708457 8.551152
0.522754 8.628294 8.377276
-0.078834 8.616117 7.835954
-0.09908399 8.628894 7.84366
1.695282 7.861814 7.491951
1.679827 7.869382 7.505763
1.917365 8.013623 7.707971
1.442296 7.794957 7.303298
1.935634 8.007861 7.696555
2.063793 8.313577 7.830962
2.083616 8.311203 7.82085
2.147683 8.613408 7.900467
1.45506 7.786503 7.287193
0.8268639 7.798349 6.776983
0.832252 7.787977 6.754709
0.864492 7.782944 6.717014
1.487222 7.786221 7.249588
1.967796 8.00758 7.658948
2.168408 8.614545 7.891098
2.162241 9.209328 7.90846
2.183095 9.217129 7.899154
2.215257 9.216847 7.861548
2.115779 8.310922 7.783244
2.20057 8.614264 7.853494
2.24742 9.216567 7.823943
2.232732 8.613982 7.815888
2.253322 9.208531 7.801966
2.238764 8.612612 7.793972
2.147941 8.310639 7.745638
2.154874 8.312779 7.724466
1.999958 8.007298 7.621343
1.759476 7.861252 7.416893
2.008446 8.012827 7.601476
1.77078 7.868586 7.399418
1.533376 7.79416 7.196803
1.727379 7.861533 7.454421
1.519385 7.785941 7.211982
0.91801 7.797552 6.670412
0.896765 7.787414 6.679278
2.68916 10.32252 6.329872
2.689552 10.30097 6.325157
2.845461 10.22876 6.622808
2.494286 10.3381 6.073274
2.846861 10.24941 6.631114
2.83078 10.29227 6.649918
2.821937 10.07878 6.944512
2.822972 10.09774 6.956368
2.735945 9.928866 7.212648
2.491707 10.36009 6.075109
2.475625 10.40295 6.093913
1.87698 10.33636 5.54915
1.868205 10.35923 5.543437
1.83975 10.40179 5.555995
1.835948 10.44519 5.581152
2.67311 10.36529 6.348637
2.657062 10.40806 6.367402
2.459544 10.4458 6.112715
1.831406 10.4578 5.602436
2.448745 10.45946 6.126522
2.644075 10.42216 6.37833
2.79992 10.35012 6.676056
2.814698 10.33512 6.66872
2.776396 10.20014 6.997758
2.79081 10.18345 6.993972
2.690405 10.05023 7.265896
2.806891 10.14059 6.97517
2.703729 10.03177 7.265179
2.367319 9.752261 7.668673
2.376998 9.730476 7.672431
2.719812 9.988919 7.246377
2.39308 9.687624 7.653629
2.409161 9.644768 7.634827
2.735893 9.946065 7.227573
2.41286 9.630901 7.615426
1.762556 11.20002 7.413285
1.773846 11.19263 7.395826
2.011248 11.04838 7.598197
1.536581 11.26705 7.193051
2.00277 11.05397 7.618051
2.15712 10.74843 7.721835
2.150192 10.75063 7.743001
2.240458 10.44859 7.791988
1.522605 11.27533 7.208212
1.490443 11.27519 7.245818
0.921208 11.26366 6.666666
0.899983 11.27386 6.675509
0.860456 11.27167 6.701016
0.835469 11.27357 6.750941
1.970607 11.05383 7.655656
2.234422 10.44728 7.813905
2.253914 9.852665 7.801269
2.247997 9.844687 7.823262
2.118028 10.75049 7.780606
2.202259 10.44714 7.851511
2.215834 9.844548 7.860868
2.170097 10.447 7.889117
2.183671 9.844408 7.898473
2.162832 9.852265 7.907764
2.149377 10.44819 7.898483
2.085866 10.75034 7.818212
2.066038 10.74803 7.828331
1.938444 11.05369 7.693263
1.698361 11.19974 7.488342
1.920166 11.04799 7.704692
1.682893 11.19223 7.502173
1.445499 11.26666 7.299546
1.730458 11.19988 7.450813
1.458279 11.27505 7.283424
0.830061 11.26326 6.773239
-4.207694 5.983394 1.928748
-4.207694 6.108306 1.928748
-4.246354 6.09011 1.97395
-4.241761 5.9541 1.96858
-4.329736 5.9541 2.071445
-4.33211 6.09011 2.074219
-4.263785 6.139176 1.994331
-4.207694 6.225474 1.928748
-4.332473 6.110859 2.074643
-4.382155 6.090377 2.132733
-4.361537 6.360711 2.106723
-4.424046 6.106053 2.181381
-4.340224 6.369497 2.081804
-4.424821 6.353281 2.180717
-4.310491 6.381753 2.047039
-4.284784 6.421306 2.01698
-4.146542 6.319491 1.857337
-4.25993 6.459544 1.987921
-4.464181 6.108155 2.228381
-4.103644 6.565807 1.807179
-4.241424 6.565807 1.966282
-4.25993 6.672071 1.987921
-4.146542 6.812121 1.857337
-4.310491 6.749859 2.047039
-4.263741 6.992437 1.99437
-4.424821 6.778333 2.180717
-4.423838 7.058436 2.18156
-4.583933 6.992437 2.368749
-4.539152 6.749859 2.314396
-4.701133 6.812121 2.505781
-4.589713 6.672071 2.373513
-4.744031 6.565807 2.555939
-4.60822 6.565807 2.395153
-4.589713 6.459544 2.373513
-4.701133 6.319491 2.505782
-4.56486 6.421306 2.344455
-4.640069 6.225473 2.434294
-4.539152 6.381753 2.314396
-4.583978 6.139176 2.368711
-4.509419 6.369497 2.279633
-4.640069 6.108306 2.434294
-4.515289 6.110859 2.288399
-4.488107 6.360711 2.254713
-4.515653 6.09011 2.288823
-4.601409 6.09011 2.389093
-4.640069 5.983394 2.434294
-4.518027 5.9541 2.291599
-4.606002 5.9541 2.394462
-9.500576 7.211675 -1.665066
-9.392593 6.92392 -1.791322
-9.255914 6.980266 -1.951133
-9.49265 6.769979 -1.674333
-9.255914 7.312537 -1.951133
-9.679682 6.936114 -1.455651
-9.01125 7.211674 -2.237201
-9.529274 6.55969 -1.631511
-9.119233 6.92392 -2.110944
-9.745238 6.55969 -1.378997
-8.832145 6.936113 -2.446618
-9.49265 6.349402 -1.674333
-9.019176 6.769979 -2.227933
-9.679682 6.183267 -1.455649
-8.766588 6.55969 -2.523268
-9.392593 6.195461 -1.791322
-8.982553 6.55969 -2.270756
-9.500576 5.907706 -1.665066
-8.832146 6.183267 -2.446616
-9.255914 6.139115 -1.951133
-9.019176 6.349402 -2.227933
-9.255914 5.806844 -1.951133
-9.01125 5.907706 -2.2372
-9.119233 6.195461 -2.110945
-8.583476 6.183267 -2.233938
-8.517919 6.55969 -2.310591
-8.733884 6.55969 -2.058078
-8.583475 6.936113 -2.233939
-8.770507 6.349402 -2.015255
-8.770507 6.769979 -2.015255
-8.762581 5.907706 -2.024523
-8.870564 6.92392 -1.898266
-8.870564 6.195461 -1.898266
-8.762581 7.211674 -2.024523
-9.007244 5.806844 -1.738455
-9.007244 6.980266 -1.738455
-9.007244 6.139115 -1.738455
-9.007244 7.312537 -1.738455
-9.251906 5.907706 -1.452388
-9.143925 6.92392 -1.578645
-9.143923 6.195461 -1.578645
-9.251906 7.211675 -1.452388
-9.431012 6.183267 -1.242972
-9.24398 6.769979 -1.461655
-9.24398 6.349402 -1.461655
-9.431012 6.936114 -1.242972
-9.49657 6.55969 -1.166319
-9.280604 6.55969 -1.418833
-8.334805 6.183267 -2.02126
-8.269248 6.55969 -2.097913
-8.485213 6.55969 -1.845399
-8.334805 6.936113 -2.021261
-8.521837 6.349402 -1.802577
-8.521837 6.769979 -1.802577
-8.513911 5.907706 -1.811844
-8.51391 7.211674 -1.811845
-8.621894 6.195461 -1.685588
-8.621894 6.923921 -1.685588
-8.758574 7.312537 -1.525777
-8.758574 6.980267 -1.525777
-9.003237 7.211676 -1.23971
-8.895254 6.923921 -1.365966
-8.758574 5.806844 -1.525778
-8.758574 6.139115 -1.525778
-9.182343 6.936114 -1.030294
-8.99531 6.769979 -1.248977
-9.031935 6.55969 -1.206155
-9.2479 6.55969 -0.9536415
-8.99531 6.349402 -1.248978
-9.182342 6.183267 -1.030295
-8.895254 6.195461 -1.365967
-9.003237 5.907706 -1.239709
-8.61312 6.55969 -0.6865014
-8.565812 6.831328 -0.7418165
-8.432368 6.712794 -0.8978435
-8.436565 7.030182 -0.8929375
-8.459032 6.55969 -0.8666674
-8.35952 6.824872 -0.9830205
-8.565812 6.288053 -0.7418165
-8.260008 6.865898 -1.099372
-8.432368 6.406588 -0.8978435
-8.260009 7.102968 -1.099373
-8.160494 6.824873 -1.215725
-8.083452 7.030182 -1.305808
-8.087646 6.712794 -1.300902
-7.954204 6.831329 -1.456928
-8.060984 6.55969 -1.332079
-7.906895 6.55969 -1.512244
-8.087646 6.406588 -1.300902
-7.954204 6.288052 -1.456928
-8.160496 6.294508 -1.215725
-8.08345 6.089199 -1.305809
-8.436564 6.089199 -0.8929375
-8.35952 6.294508 -0.9830195
-8.260008 6.253482 -1.099373
-8.260008 6.016414 -1.099373
-5.77516 6.10474 0.5599785
-5.737694 6.071798 0.5920224
-5.761145 6.071798 0.6194424
-5.798611 6.10474 0.5873994
-5.736111 6.022499 0.6408524
-5.71266 6.022499 0.6134324
-5.727321 5.964346 0.6483714
-5.819354 6.116308 0.5221815
-5.842805 6.116308 0.5496015
-5.739156 6.054531 0.5671644
-5.703869 5.964346 0.6209504
-5.736111 5.906192 0.6408524
-5.71266 5.906192 0.6134324
-5.761145 5.856893 0.6194424
-5.710768 5.964346 0.5914444
-5.737694 5.856893 0.5920224
-5.798611 5.823952 0.5873994
-5.863548 6.10474 0.4843834
-5.886999 6.10474 0.5118034
-5.770602 6.082179 0.5402704
-5.718146 6.013154 0.5851335
-5.718146 5.915538 0.5851335
-5.77516 5.823952 0.5599784
-5.842805 5.812384 0.5496014
-5.901014 6.071798 0.4523395
-5.924466 6.071798 0.4797595
-5.771763 6.006902 0.5320084
-5.758366 5.964346 0.5434674
-5.739156 5.874161 0.5671644
-5.819354 5.812384 0.5221814
-5.886999 5.823952 0.5118034
-5.770602 5.846513 0.5402704
-5.771763 5.921789 0.5320084
-5.863548 5.823952 0.4843834
-5.924466 5.856893 0.4797594
-5.761847 5.987377 0.5404894
-5.804103 5.964346 0.5043494
-5.761847 5.941314 0.5404894
-5.807693 5.836804 0.5085475
-5.901014 5.856893 0.4523394
-5.9495 5.906193 0.4583494
-5.786601 5.908743 0.5193185
-5.804103 5.904162 0.5043494
-5.786601 6.019949 0.5193185
-5.821607 5.908743 0.4893794
-5.804103 6.02453 0.5043495
-5.844786 5.846513 0.4768244
-5.926049 5.906193 0.4309295
-5.958292 5.964346 0.4508305
-5.807693 6.091887 0.5085475
-5.836445 5.921789 0.4766884
-5.876231 5.874161 0.4499294
-5.821607 6.019949 0.4893795
-5.844786 6.082179 0.4768244
-5.897242 5.915538 0.4319604
-5.904621 5.964346 0.4256494
-5.846358 5.941314 0.4682094
-5.836445 6.006902 0.4766885
-5.876231 6.054531 0.4499294
-5.849841 5.964346 0.4652314
-5.846358 5.987377 0.4682094
-5.897242 6.013154 0.4319604
-5.926049 6.022499 0.4309295
-5.9495 6.022499 0.4583494
-5.93484 5.964346 0.4234104
-6.337253 5.856893 0.9624023
-6.360703 5.856893 0.9898224
-6.323236 5.823952 1.021866
-6.362287 5.906192 0.9409924
-6.299786 5.823952 0.9944464
-6.385737 5.906192 0.9684114
-6.371078 5.964346 0.9334735
-6.279042 5.812384 1.059663
-6.255591 5.812384 1.032244
-6.394528 5.964346 0.9608924
-6.38763 5.964346 0.9904004
-6.362287 6.022499 0.9409924
-6.385737 6.022499 0.9684114
-6.337253 6.071798 0.9624024
-6.234848 5.823952 1.097461
-6.211397 5.823952 1.070042
-6.360703 6.071798 0.9898224
-6.299786 6.10474 0.9944464
-6.197382 5.856893 1.129504
-6.173931 5.856893 1.102085
-6.323236 6.10474 1.021866
-6.255591 6.116308 1.032244
-6.172348 5.906192 1.150916
-6.148897 5.906192 1.123495
-6.279042 6.116308 1.059664
-6.211397 6.10474 1.070042
-6.163558 5.964346 1.158433
-6.140107 5.964346 1.131014
-6.172348 6.022499 1.150916
-6.148897 6.022499 1.123495
-6.193778 5.964346 1.156195
-6.201157 5.915538 1.149884
-6.234848 6.10474 1.097461
-6.173931 6.071798 1.102085
-6.197382 6.071798 1.129504
-6.222166 6.054531 1.131915
-6.201157 6.013154 1.149884
-6.253612 6.082179 1.105021
-6.222166 5.874161 1.131915
-6.253612 5.846513 1.105021
-6.248556 5.964346 1.116614
-6.261953 6.006902 1.105155
-6.261953 5.921789 1.105155
-6.290703 6.091887 1.073298
-6.290703 5.836804 1.073298
-6.327796 5.846513 1.041574
-6.294293 5.904162 1.077495
-6.252038 5.941314 1.113635
-6.294293 5.964346 1.077495
-6.276792 5.908743 1.092464
-6.327796 6.082179 1.041574
-6.359241 5.874161 1.014681
-6.311797 5.908743 1.062525
-6.326634 5.921789 1.049834
-6.380252 5.915538 0.9967104
-6.33655 5.941314 1.041355
-6.340031 5.964346 1.038378
-6.33655 5.987377 1.041355
-6.380252 6.013154 0.9967104
-6.326634 6.006902 1.049834
-6.359241 6.054531 1.014681
-6.311797 6.019948 1.062525
-6.294293 6.02453 1.077495
-6.276792 6.019948 1.092464
-6.252038 5.987377 1.113635
2
-64.99667 -5.737559E-06 75.99627
-58.29818 -44.21442 68.16456
-58.2981 -44.2158 68.16373
-64.99668 -5.737558E-06 75.99626
-64.99679 -5.737551E-06 75.99617
-64.99665 -5.737559E-06 75.99628
-64.99657 -5.737566E-06 75.99636
-64.99661 -5.737562E-06 75.99632
-60.0492 -38.26812 70.21142
-60.04911 -38.26802 70.21156
-60.0506 -38.26286 70.2131
-56.28759 -50.00323 65.81326
-56.28893 -49.99962 65.81485
-56.28861 -50.00046 65.81448
-64.99673 -9.953045E-05 75.99621
-64.99681 -5.737549E-06 75.99614
-64.99676 0.0002633572 75.9962
-56.28887 49.99984 65.81474
-56.28886 49.99982 65.81476
-56.2888 50.0002 65.81451
-32.49829 86.60267 37.99788
-32.49879 86.6021 37.99877
0 100 -0.000131666
-32.49838 86.6026 37.99796
-6.972921E-05 100 0.0001519187
-9.133553E-05 100 -1.012805E-05
32.49883 86.6021 -37.99872
32.4982 86.60269 -37.99793
32.4983 86.60257 -37.99809
56.2887 50.00018 -65.81462
56.28884 49.9998 -65.8148
56.28882 49.99987 -65.81474
64.99673 0.0001756401 -75.99622
64.9967 -8.081221E-05 -75.99623
64.9967 5.737556E-06 -75.99623
56.28853 -50.00051 -65.81451
56.28775 -50.0032 -65.81315
56.28891 -49.99975 -65.81477
60.04927 -38.26803 -70.21141
60.04908 -38.2682 -70.21149
60.05074 -38.26265 -70.21307
64.99664 5.737561E-06 -75.9963
64.9966 5.737564E-06 -75.99633
64.99654 5.737567E-06 -75.99638
64.99693 5.737542E-06 -75.99606
64.99676 5.737553E-06 -75.99619
64.99679 5.737551E-06 -75.99617
58.29837 -44.21537 -68.16378
58.29831 -44.21411 -68.16464
64.97886 -2.589014 -75.96739
64.97316 -2.684462 -75.96895
65.10639 -0.09517832 -75.90224
65.11046 5.730201E-06 -75.89881
13.61224 -97.61239 -16.92709
0.01532846 -100 0.01324608
0.2319406 -99.99638 -0.8188351
-52.0255 -67.18356 -52.72301
-0.4228052 -99.99909 -0.05723782
-61.59415 -67.52468 -40.57803
-57.33001 -72.74078 -37.71006
-0.3407543 -99.99854 0.4212139
-0.2134534 -99.99943 0.2637395
0.01532839 -100 0.01324623
-58.2981 -44.2158 68.16373
-58.29818 -44.21442 68.16456
-34.74794 -84.50972 40.62864
-34.74808 -84.50985 40.62827
-23.72422 -93.07867 27.8123
-24.06191 -92.89507 28.13416
-14.67588 -97.40782 17.21433
-14.57399 -97.43974 17.12
0.04684225 -99.99998 0.04036061
5.640302E-05 -100 -0.000252927
-16.38446 -96.77064 19.15703
-31.71047 -87.29141 37.07635
-31.70982 -87.2919 37.07575
-16.38379 -96.77091 19.15626
2.97061E-05 -100 9.692756E-05
2.970636E-05 -100 -7.54979E-06
2.970629E-05 -100 -7.54979E-06
2.970628E-05 -100 -7.974856E-05
16.38408 -96.77081 -19.15651
16.38428 -96.77065 -19.1571
31.71033 -87.29155 -37.07616
31.71017 -87.29137 -37.07673
-64.97076 -2.588469 75.97434
-64.88313 -5.744878E-06 76.09322
-64.88714 -0.09516947 76.08976
-64.97316 -2.6839 75.96898
34.74803 -84.50961 -40.6288
58.29831 -44.21411 -68.16464
58.29837 -44.21537 -68.16378
34.74826 -84.50977 -40.62825
23.79699 -93.07848 -27.75064
24.06183 -92.89519 -28.13386
14.72936 -97.40787 -17.16839
14.65361 -97.4396 -17.05276
0.04684225 -99.99998 0.04036061
5.640302E-05 -100 -0.000252927
-35.49058 -84.39891 40.21497
-0.6635444 -99.99619 -0.5676196
-0.8566837 -99.98785 -1.302134
-35.80806 -84.40269 39.92454
-57.59191 -49.42543 65.11758
-57.42519 -49.09273 65.51527
-67.69607 0.4840527 73.60032
-68.08031 -0.0001736204 73.24664
-61.60978 43.84435 65.43629
-60.06392 44.0363 66.73178
-60.56463 47.47628 63.85864
-59.50517 47.03582 65.16723
-66.62757 23.48333 70.77641
-66.49274 22.77166 71.13486
-66.68304 -15.76375 72.83458
-67.13187 -17.22023 72.08866
-58.72699 -49.80721 63.79956
-56.95702 -50.04039 65.20626
-45.90438 -74.2341 48.80661
-46.76373 -73.02911 49.79863
-41.10664 -78.94602 45.58257
-42.28741 -78.77362 44.79387
-58.0425 -48.12658 65.6879
-58.75605 -48.12374 65.05254
-65.59913 -2.867796E-05 75.47685
-65.39055 -5.711991E-06 75.65762
-58.00545 50.16811 64.17577
-58.09485 50.24988 64.03076
-36.75916 84.271 39.33398
-36.94179 84.20578 39.30256
-0.6600698 99.99714 -0.3718209
-0.4132067 99.99852 -0.3531605
-47.60623 -77.31461 41.90582
-56.43461 -79.79008 21.18198
-22.97293 -95.8321 16.98394
-72.40636 -36.01385 58.8245
-45.78233 -72.44753 51.52993
-90.78442 -36.64953 20.3716
-63.09728 -30.15223 71.48129
-78.04255 -14.26572 60.87569
-65.69396 -12.78844 74.30181
-97.99719 -16.59195 11.01169
-66.11322 6.307844 74.76131
-79.20381 9.534096 60.29806
-54.97297 56.92063 61.1393
-99.44466 7.788997 7.077379
-70.03581 54.77893 45.76303
-92.71294 36.19285 -9.715362
-22.97293 -95.8321 16.98394
-56.43461 -79.79008 21.18198
-57.03164 -82.09568 2.773214
-90.78442 -36.64953 20.3716
-91.17883 -36.12516 -19.52932
-97.99719 -16.59195 11.01169
-32.06345 -90.6638 -27.42285
-89.6554 -19.74933 -39.64685
-99.44466 7.788997 7.077379
-66.39566 -48.6516 -56.78589
-88.47803 2.730617 -46.52075
-92.71294 36.19285 -9.715362
-33.43348 -36.12501 -87.04703
-6.104917 -82.09552 -56.77196
-73.10577 -27.31858 -62.52392
-53.07138 -19.74928 -82.42205
-75.99568 0.4364428 -64.99589
6.045591 -36.64971 -92.8453
12.17373 -79.7894 -59.03772
13.21663 -95.83181 -25.32951
-4.318669 -16.59173 -98.51936
-8.430568 7.788838 -99.33911
-59.67953 2.730368 -80.19289
-23.97606 36.19351 -90.0843
-75.99519 0.5502031 -64.9956
-66.10229 9.473693 -74.43613
-75.99435 0.7035651 -64.99509
-83.78698 9.473348 -53.75869
-62.69194 18.46163 -75.68942
-20.20026 55.04676 -81.00496
-7.999687 35.25353 -93.2373
-84.49614 18.46166 -50.1953
-83.1575 55.04695 -7.393464
-93.35001 35.25311 6.557125
-76.64435 2.517519 -64.18183
-88.32338 12.22601 -45.27148
-99.06677 -0.00663436 13.62988
-76.99583 1.404052 -63.79396
-90.42922 -0.007592778 -42.69141
-92.56615 -37.36113 5.971183
-77.31735 1.087012 -63.41014
-88.12441 -13.15586 -45.39835
-76.77312 -62.70374 -13.19575
-75.99622 -1.082738E-05 -64.99673
-77.51778 0.0001001801 -63.17431
-77.31103 -1.187109 -63.41605
-74.96304 1.403872 -66.17078
-82.46115 -21.73236 -52.22895
-75.29174 2.517098 -65.76335
-58.4211 12.22649 -80.23396
-1.899376 -0.006628176 -99.98197
-74.63353 1.087157 -66.54814
-56.20011 -0.00771939 -82.71365
-8.457131 -37.36103 -92.37224
-74.43153 2.241691E-05 -66.78283
-58.5164 -13.15553 -80.01727
-24.94298 -62.70367 -73.79768
-74.63832 -1.187101 -66.54105
-64.38543 -21.73271 -73.36352
-75.19675 -2.041465 -65.88839
-73.40057 -25.91231 -62.77666
-50.85109 -74.31496 -43.49084
-75.97865 -2.149282 -64.98174
-76.75339 -2.041528 -64.06832
-0.8566837 -99.98785 -1.302134
-0.6635444 -99.99619 -0.5676196
32.50021 -84.00798 -43.43264
32.52472 -83.98499 -43.45874
54.71501 -49.98942 -67.13661
55.65302 -49.99823 -66.3545
62.21109 0.4841829 -78.29142
61.80221 -3.163779E-05 -78.61607
55.08974 43.84428 -71.01268
57.06119 43.37381 -69.7333
56.26213 46.7697 -68.17015
56.37362 46.59991 -68.19432
62.44113 23.60284 -74.45812
62.5156 23.46076 -74.44054
63.58367 -14.71182 -75.76727
63.64015 -14.71247 -75.71972
55.67046 -49.88575 -66.42448
55.56419 -50.00761 -66.42183
41.70679 -74.97514 -51.37384
42.46782 -74.76369 -51.05756
39.47409 -78.82024 -47.21406
39.54884 -78.79276 -47.19736
56.55629 -47.9501 -67.09825
56.64237 -47.9466 -67.02811
64.51716 -3.499598E-05 -76.40377
64.60128 -5.049393E-06 -76.33266
55.89322 49.99973 -66.15114
55.88514 50.00104 -66.15699
34.46482 84.39964 -41.09596
34.30705 84.39755 -41.23203
-0.6600698 99.99714 -0.3718209
-0.4132067 99.99852 -0.3531605
34.20514 -83.65303 -42.80396
34.01617 -77.31435 -53.52937
43.8064 -72.44733 -53.22013
23.59816 -92.70815 -29.12602
13.21663 -95.83181 -25.32951
7.165993 -98.23696 -17.26691
-6.104917 -82.09552 -56.77196
-32.06345 -90.6638 -27.42285
-4.507919 -99.82391 -3.855518
-18.26612 -97.06848 -15.62234
-7.108393 -95.02122 -30.33875
-37.72785 -86.80693 -32.26711
17.69122 -94.01173 -29.13444
-25.79788 -84.69074 -46.49676
-51.68185 -73.31581 -44.20155
1.788855 -91.05107 -41.30985
-41.60067 -72.10719 -55.40702
-62.70819 -56.49178 -53.63173
-18.5439 -81.83599 -54.39664
-55.49335 -55.85506 -61.64982
-69.53737 -40.34352 -59.4723
-34.87385 -69.69251 -62.66393
-65.32406 -39.79246 -64.41528
-74.20006 -21.61561 -63.45958
-49.7121 -53.94727 -67.95881
-70.3122 -20.9913 -67.93791
-75.99368 0.8261827 -64.99444
-60.76154 -37.83617 -69.83166
-69.30988 -20.61135 -69.07468
-65.25777 -18.25595 -73.54009
-53.73658 -32.87637 -77.66289
-39.80878 -46.68935 -78.96432
-22.27312 -60.12096 -76.74229
-4.017759 -70.41941 -70.88698
17.79723 -78.2951 -59.60819
34.00794 -80.7561 -48.18623
-45.65229 -19.73014 -86.75593
-28.36902 -27.94033 -91.73079
-7.668209 -35.8609 -93.0333
12.87318 -41.88425 -89.88877
36.3079 -46.46855 -80.76143
52.83841 -47.88964 -70.10481
-60.66817 -11.08902 -78.71725
-23.63305 -0.0001196409 -97.16727
19.88311 -0.0001342837 -98.00337
-58.60089 -0.04154745 -81.03045
-1.624985 7.548793E-06 -99.98679
-42.29203 -9.671076E-05 -90.61669
-28.72566 29.24125 -91.21286
-45.89519 20.68835 -86.40385
-60.51776 11.79014 -78.73115
-65.68914 20.16225 -72.65274
-73.99441 22.80144 -63.28445
-54.92647 34.6812 -76.02827
-69.65136 40.00101 -59.57019
-41.33664 49.18016 -76.63285
-62.36248 57.15041 -53.33622
-24.29951 63.12144 -73.65607
-51.3294 73.74335 -43.90001
-8.149724 37.46497 -92.35777
12.27215 43.70107 -89.10448
-6.528749 73.72337 -67.24759
-37.99833 86.60244 -32.49838
14.78021 81.76949 -55.63536
-19.50378 96.6507 -16.68069
35.63448 48.43129 -79.90366
52.09628 49.92675 -69.23364
30.68342 84.29034 -44.20029
-4.288152 99.84068 -3.667435
44.0694 0.0003217642 -89.76573
34.63065 84.39957 -40.95644
-0.2407161 99.9995 -0.2058627
-0.2854716 99.99947 -0.1530677
60.79155 -0.0002699906 -79.40018
64.76649 -0.000403512 -76.19254
56.05871 49.99943 -66.0112
34.58132 84.39754 -41.00229
34.30705 84.39755 -41.23203
-0.6600698 99.99714 -0.3718209
56.00711 49.99992 -66.05462
55.88514 50.00104 -66.15699
64.51716 -3.499598E-05 -76.40377
56.80865 -47.94563 -66.88792
64.71505 0.0002712574 -76.23623
56.75793 -47.94397 -66.93214
56.55629 -47.9501 -67.09825
38.01187 -80.85625 -44.91507
38.72239 -79.60603 -46.51299
39.47409 -78.82024 -47.21406
41.70679 -74.97514 -51.37384
53.93943 -49.76226 -67.9283
55.52195 -46.70866 -68.8158
62.12065 -14.97638 -76.9203
62.29848 -14.07134 -76.94736
61.07779 23.18977 -75.70824
61.04608 21.07736 -76.34868
56.37362 46.59991 -68.19432
49.08167 61.73045 -61.48448
56.92152 45.3166 -68.60281
57.06119 43.37381 -69.7333
64.55559 0.7972741 -76.36715
26.53277 73.7873 -62.06004
51.87415 56.92097 -63.78931
34.34722 54.77944 -76.28552
-20.20026 55.04676 -81.00496
-23.97606 36.19351 -90.0843
41.34295 46.48463 -78.29394
-7.999687 35.25353 -93.2373
-1.899376 -0.006628176 -99.98197
64.45518 0.002048621 -76.45606
48.98518 -0.0008599404 -87.18056
-8.457131 -37.36103 -92.37224
55.6368 -49.99812 -66.36818
55.30797 -49.9959 -66.64411
34.10439 -84.40289 -41.38892
40.42334 -49.04462 -77.20478
-24.94298 -62.70367 -73.79768
34.31948 -84.39848 -41.21978
19.27786 -82.82044 -52.6226
-50.85109 -74.31496 -43.49084
-15.27359 -97.95953 -13.06322
-0.7308743 -99.99394 -0.8231436
-0.8566837 -99.98785 -1.302134
-68.14622 3.632063 -73.09515
-68.58746 4.620138 -72.62518
-68.07583 3.381317 -73.17274
-67.06262 1.690459 -74.16028
-66.35461 -2.827997 -74.76007
-64.72523 -2.66116 -76.18112
-67.10863 -6.412788 -73.86005
-68.44326 -7.833216 -72.48559
-68.50934 -7.801131 -72.42661
-69.07464 -8.781772 -71.77448
34.01617 -77.31435 -53.52937
13.21663 -95.83181 -25.32951
12.17373 -79.7894 -59.03772
46.88344 -36.01417 -80.6531
43.8064 -72.44733 -53.22013
6.045591 -36.64971 -92.8453
60.83087 -30.15251 -73.41957
48.03634 -14.26584 -86.53899
63.21401 -12.78885 -76.42274
-4.318669 -16.59173 -98.51936
63.60325 6.308702 -76.90791
47.28547 9.534602 -87.59666
51.87415 56.92097 -63.78931
-8.430568 7.788838 -99.33911
34.34722 54.77944 -76.28552
-23.97606 36.19351 -90.0843
-96.88255 -23.39148 -8.161616
-95.32479 20.01229 22.64274
-80.08984 54.8782 -23.95833
-89.9242 -26.26493 -34.98273
-89.75589 -26.58123 -35.17554
-96.67459 -24.44104 -7.52726
-92.84512 19.7435 31.46396
7.851922 73.52915 67.31873
-95.08842 -15.63342 26.71682
-88.55605 -30.30308 -35.20723
-95.99311 -27.25951 -6.499266
-57.88914 29.04125 76.19351
-95.33914 -15.72408 25.7527
-86.4581 -36.5807 -34.45068
-94.45053 -32.33894 -5.769782
-52.07311 5.228353 85.21183
35.50784 25.47867 89.9446
-95.18664 -18.83583 24.18091
-53.1284 5.503047 84.54046
-84.34698 -41.77319 -33.7726
-92.65981 -37.26955 -5.013832
-90.71912 -41.90136 -3.783951
23.10002 23.03924 94.52821
-3.491477 65.46649 75.51124
22.65796 22.65658 94.72749
34.82029 26.06714 90.04472
22.718 26.02282 93.84406
-94.31895 -23.40441 23.58328
-54.92683 4.754721 83.42923
33.35958 29.23413 89.62424
21.56721 31.52021 92.41932
-55.56055 4.957182 82.9967
32.14849 34.69826 88.10509
20.21076 35.79882 91.15903
-93.5843 -26.807 22.87712
-56.22076 6.396815 82.45184
31.19005 39.96092 86.19922
19.04216 40.53759 89.40972
-81.73387 -47.05539 -33.24702
-86.74915 -47.28174 -15.46042
-78.07701 -50.4599 -36.84807
-92.09167 -37.99837 8.674615
-92.98077 -30.64314 20.38565
-75.60546 -6.867105 65.0896
-59.04458 7.470537 80.36124
16.94473 44.93679 87.71294
28.67818 44.8597 84.64732
8.566055 40.41632 91.0667
-96.90693 -22.40149 -10.35468
-86.69043 31.55512 38.58814
-82.21222 55.70365 -11.75822
-94.1274 -23.03505 -24.68643
-94.09984 -23.46608 -24.38371
-96.8502 -23.11442 -9.260714
-77.28188 25.99775 57.89325
22.11022 73.64275 63.93656
-82.4762 -6.560053 56.16621
-92.96593 -27.99836 -23.94635
-96.1515 -26.64986 -6.683835
-28.4448 37.12179 88.39041
-82.25684 -6.449252 56.49972
-90.94792 -34.79594 -22.75343
-94.41843 -32.37999 -6.057569
-22.10129 12.70901 96.69548
45.69343 24.58076 85.48623
-82.15891 -8.494279 56.37165
-21.76061 13.2571 96.69914
-89.17265 -39.63376 -21.8496
-92.64171 -37.27909 -5.270901
-90.70605 -41.90512 -4.046419
24.46476 20.73535 94.71811
-12.50158 47.83259 86.92384
45.64509 25.28508 85.30645
23.91058 20.50579 94.90942
-21.89567 15.38336 96.35316
-81.44382 -10.52599 57.0623
44.81748 29.90171 84.24536
23.2884 24.86651 94.01759
-87.44999 -44.04335 -20.3146
-86.71917 -47.27343 -15.65273
-88.09551 -45.33323 -13.56752
-80.98923 -11.16732 57.58502
-21.50349 19.20678 95.75333
43.6797 36.55117 82.19547
21.97364 31.37379 92.3734
-80.12039 -11.50964 58.72181
-70.56561 -2.829396 70.79894
-21.05836 23.26361 94.9492
42.66167 42.08548 80.05494
20.7874 35.73565 91.05409
-20.00204 27.43686 94.05922
-8.646852 34.37389 93.50758
41.50354 47.43312 77.63734
10.8843 37.28975 92.14666
44.35527 50.44444 74.08083
-14.35297 29.4861 94.46991
-97.70263 -19.17129 -9.309027
-88.20728 40.65742 23.80019
-81.82104 56.88226 -8.350276
-95.27363 -20.29436 -22.60696
-97.55457 -20.29597 -8.436872
-95.32468 -20.60216 -22.10786
-96.45199 -25.43034 -7.093075
-94.03827 -26.2927 -21.57538
-94.41344 -32.31383 -6.474595
-91.80691 -34.20034 -20.0457
-92.74626 -36.97732 -5.550573
-90.1293 -38.87821 -19.1101
-90.86536 -41.52333 -4.393083
-88.61749 -42.99512 -17.27304
-86.77105 -47.02318 -16.11226
-89.44976 -43.73824 -9.257768
-74.74593 -5.715242 66.18445
-61.91613 4.891761 78.37387
-76.03931 -6.562783 64.61388
-76.58413 -6.888976 63.9329
-77.63052 -5.442894 62.80028
-77.69807 -3.274256 62.86724
-9.853112 32.33614 94.11317
0.3538154 38.37596 92.34262
-11.75937 27.31423 95.47591
-12.48285 22.56499 96.61781
-13.28932 17.38567 97.57629
44.42969 48.04396 75.616
46.61166 50.89145 72.36997
9.384626 39.52983 91.37462
19.55504 40.23021 89.43786
45.42576 42.62456 78.22816
20.98167 36.02495 90.89539
22.28152 31.54266 92.24204
46.41936 37.00879 80.47106
24.11513 24.17786 93.98878
47.65751 29.17607 82.9308
23.71173 18.59085 95.35268
48.58537 23.19662 84.26968
24.57034 19.21209 95.01154
-13.43049 14.13536 98.08065
48.57398 22.34588 84.5058
-14.11001 13.25975 98.10752
25.57502 73.06136 63.30841
9.775231 53.19601 84.11081
-20.59141 37.71883 90.29553
-78.13995 -3.768414 62.28923
-72.43319 27.10114 63.39528
-97.07588 -22.40133 -8.628591
-92.77267 25.27206 27.46916
-81.16099 55.28556 -18.87858
-91.97558 -24.50645 -30.65823
-91.82727 -24.99912 -30.70502
-96.82526 -23.73318 -7.848855
-87.13639 23.02841 43.3237
14.428 73.34267 66.42806
-91.02068 -11.74662 39.71464
-90.60354 -29.26582 -30.56979
-96.05243 -27.00753 -6.672723
-46.0296 32.91322 82.44997
-91.16878 -11.96194 39.30859
-88.49608 -35.94855 -29.59976
-94.3862 -32.47662 -6.042757
-40.06796 8.303337 91.24479
39.79957 24.65699 88.36304
-91.18548 -14.78501 38.29638
-40.61843 8.544726 90.97874
-86.51196 -41.03941 -28.83483
-92.64761 -37.27287 -5.210888
24.07928 21.49107 94.64841
-17.07173 53.79306 82.55219
39.41338 25.27787 88.36071
23.61574 21.34245 94.79871
-90.52117 -18.46614 38.27425
-41.90726 9.079785 90.34013
38.20366 29.32192 87.63963
23.09301 25.28048 93.95536
-84.36117 -45.85688 -27.93455
-91.85148 -39.18602 5.269049
-90.05047 -20.94694 38.10695
-42.15669 10.95 90.01617
37.01968 35.48415 85.85114
21.82648 31.41297 92.39497
-84.38591 -48.06163 -23.85576
-89.36382 -44.68444 -4.172359
-89.61886 -23.62598 37.55359
-86.25487 -19.99287 46.47991
-42.4649 13.38644 89.54069
35.91847 40.93092 83.87206
20.5618 35.87024 91.05238
19.13175 40.02862 89.61967
-43.4299 15.27971 88.77148
-30.47667 24.10713 92.1413
34.1988 46.08223 81.89549
8.813529 39.23128 91.55997
38.81865 49.53126 77.71593
-90.70605 -41.90512 -4.046419
-86.71917 -47.27343 -15.65273
-79.48637 -15.29982 58.71826
-76.21101 -10.8633 63.82688
-92.64171 -37.27909 -5.270901
-55.93087 5.128982 82.73712
-76.45007 -9.33213 63.78322
-94.41843 -32.37999 -6.057569
-50.47977 8.421955 85.91194
9.384626 39.52983 91.37462
19.55504 40.23021 89.43786
-50.43366 7.520988 86.02256
20.98167 36.02495 90.89539
-76.63471 -7.7398 63.77473
-96.1515 -26.64986 -6.683835
-50.25133 6.778896 86.19078
22.28152 31.54266 92.24204
-76.69605 -6.987643 63.78783
-96.8502 -23.11442 -9.260714
-49.94183 4.503858 86.51896
24.11513 24.17786 93.98878
-77.99782 -7.454874 62.13506
-96.90693 -22.40149 -10.35468
-51.26246 1.988658 85.83826
23.71173 18.59085 95.35268
-78.28531 -6.29612 61.90129
-86.69043 31.55512 38.58814
-51.28979 2.953372 85.79414
24.57034 19.21209 95.01154
-64.11542 5.324776 76.55625
-56.24021 17.36703 80.84198
-32.41597 80.46815 49.74013
-57.3744 11.51867 81.08945
-32.04506 79.58919 51.36806
-12.50158 47.83259 86.92384
-47.99194 6.974716 87.45356
9.775231 53.19601 84.11081
-48.65553 16.31239 85.82858
-25.48477 81.33991 52.29095
-25.89986 82.69758 49.90298
-57.1924 14.3315 80.76904
-88.20728 40.65742 23.80019
-77.66537 -2.42648 62.94603
-97.70263 -19.17129 -9.309027
-76.99199 -4.768329 63.63567
-97.55457 -20.29597 -8.436872
-76.62095 -5.621122 64.01276
-96.45199 -25.43034 -7.093075
-6.791026 14.87997 98.65327
-5.52753 15.72768 98.60064
-5.761341 14.29552 98.80508
-76.89667 -6.224058 63.62519
-5.277093 14.60425 98.78698
-76.8968 -7.597617 63.47564
-94.41344 -32.31383 -6.474595
-76.71736 -8.849784 63.53053
-92.74626 -36.97732 -5.550573
-76.50685 -10.06697 63.60313
-90.86536 -41.52333 -4.393083
-79.85569 -14.61784 58.38997
-86.77105 -47.02318 -16.11226
-21.38783 26.73866 93.95533
-6.619072 31.73771 94.59866
58.06894 51.85685 62.76038
58.84278 49.03924 64.28593
-6.499084 27.91045 95.8059
60.05906 43.73105 66.93657
-5.760545 24.25248 96.84335
61.49493 38.22422 68.97307
-4.589293 18.87809 98.09463
63.14005 30.43181 71.32489
63.5792 24.89268 73.06189
63.18233 24.18715 73.64085
63.17634 24.19679 73.64282
63.17644 24.19683 73.64272
2.827537 -8.076033 99.63325
64.88461 -2.398284 76.05417
-51.46906 -9.486368 85.21117
4.38494 -66.54388 74.51634
45.81453 -68.99036 56.04783
-38.01937 -67.71259 63.00421
-0.3831645 -97.8751 20.50166
9.388603 -99.01019 10.43255
0 -100 -7.54979E-06
-9.926832 -98.03098 17.07003
-37.33683 -69.1945 61.79063
-10.19029 -98.09164 16.55868
0 -100 -7.54979E-06
-51.28542 -14.77885 84.5659
-11.24962 -97.99599 16.43882
0 -100 -7.54979E-06
-41.09791 -68.63917 59.99688
-56.55983 -14.3539 81.2093
-12.28047 -98.0509 15.33656
0 -100 -7.54979E-06
-43.97718 -70.27176 55.92751
-60.3391 -17.876 77.71513
-70.30984 5.278092 70.91311
-12.82528 -98.09806 14.56994
0 -100 -7.54979E-06
-46.43092 -70.98386 52.96659
-14.39841 -97.90504 14.39755
0 -100 -7.54979E-06
-64.82456 -19.91885 73.4916
-50.89724 -68.95796 51.5196
-14.621 -98.0514 13.12056
0 -100 -7.54979E-06
-69.48988 -17.59735 69.72437
-67.87077 13.4992 72.18955
-76.97815 5.126043 63.62458
-52.61665 -70.71958 47.22531
-16.57168 -97.70196 13.4055
0 -100 -7.54979E-06
-57.19068 -66.53238 47.98614
-76.03999 -14.59662 63.28395
-72.7422 -21.54212 65.14989
-21.83262 -97.46867 4.816141
-17.44545 -98.16476 -7.70301
-66.88031 -72.42399 16.78658
-56.11044 -78.30685 -26.8264
-91.88237 -34.07312 19.91613
-81.08762 -42.89795 -39.80657
-95.74741 -14.28978 25.06463
-86.44298 -27.59637 -42.02443
-71.85684 17.6491 67.2689
-94.72846 -16.00825 27.75344
-86.44311 -27.59675 -42.02389
-51.76826 8.005391 85.18193
-94.72677 -17.08084 27.11241
-86.43398 -28.83949 -41.20013
-51.3931 4.146745 85.68287
-94.08921 -17.49412 29.00306
-89.76199 -28.44901 -33.66656
-51.51213 3.413818 85.64372
-93.07729 -18.17279 31.72328
-89.0769 -31.4552 -32.80056
-50.82447 4.985093 85.97686
-92.50181 -21.07316 31.61229
-87.08942 -36.73576 -32.64839
-50.89148 6.746876 85.81689
-91.81643 -24.34222 31.26021
-84.88728 -41.69321 -32.49348
-51.06903 7.731292 85.62816
-90.91063 -27.79833 31.02435
-81.90642 -47.27856 -32.49733
-91.53455 -38.44989 11.95957
-79.61277 -50.72783 -32.99232
-56.315 6.062395 82.4128
-50.96801 9.233162 85.53953
8.566055 40.41632 91.0667
19.04216 40.53759 89.40972
20.21076 35.79882 91.15903
21.56721 31.52021 92.41932
22.718 26.02282 93.84406
22.65796 22.65658 94.72749
23.10002 23.03924 94.52821
-3.491477 65.46649 75.51124
-48.86627 80.87749 32.72489
-52.31898 77.31495 35.84859
-95.32479 20.01229 22.64274
-77.56188 -1.024257 63.11184
-96.88255 -23.39148 -8.161616
-76.60984 -5.995285 63.99211
-96.67459 -24.44104 -7.52726
-57.62267 10.14693 81.09666
-76.41693 -7.214343 64.09684
-50.1901 3.797547 86.4091
-17.07173 53.79306 82.55219
-43.46045 79.70193 41.93795
-45.0708 78.09844 43.2349
24.07928 21.49107 94.64841
-92.77267 25.27206 27.46916
-50.22926 2.703523 86.4275
23.61574 21.34245 94.79871
23.09301 25.28048 93.95536
-76.71821 -1.784321 64.11812
-97.07588 -22.40133 -8.628591
-50.50708 4.49027 86.1909
21.82648 31.41297 92.39497
-76.71022 -6.085053 63.86325
-96.82526 -23.73318 -7.848855
-55.65306 7.658062 82.72902
-49.95428 3.402509 86.56208
24.46476 20.73535 94.71811
-76.55319 -7.075306 63.94959
-95.99311 -27.25951 -6.499266
-50.66327 6.536954 85.96802
20.5618 35.87024 91.05238
-76.46742 -7.677563 63.98272
-94.45053 -32.33894 -5.769782
-50.82104 7.210433 85.82092
19.13175 40.02862 89.61967
-76.2911 -9.311401 63.97628
-92.65981 -37.26955 -5.013832
-50.85747 8.035485 85.72601
8.813529 39.23128 91.55997
-56.16422 4.814071 82.59785
-76.05478 -10.87967 64.01019
-90.71912 -41.90136 -3.783951
-79.30095 -15.25728 58.97945
-86.74915 -47.28174 -15.46042
7.851922 73.52915 67.31873
-48.86627 80.87749 32.72489
-3.491477 65.46649 75.51124
-80.08984 54.8782 -23.95833
-52.31898 77.31495 35.84859
-95.32479 20.01229 22.64274
14.428 73.34267 66.42806
-43.46045 79.70193 41.93795
-17.07173 53.79306 82.55219
-81.16099 55.28556 -18.87858
-45.0708 78.09844 43.2349
-92.77267 25.27206 27.46916
22.11022 73.64275 63.93656
-32.04506 79.58919 51.36806
-12.50158 47.83259 86.92384
-32.41597 80.46815 49.74013
-82.21222 55.70365 -11.75822
-86.69043 31.55512 38.58814
25.57502 73.06136 63.30841
-25.48477 81.33991 52.29095
9.775231 53.19601 84.11081
-25.89986 82.69758 49.90298
-81.82104 56.88226 -8.350276
-88.20728 40.65742 23.80019
97.23756 21.49098 9.110114
78.90543 53.79379 -29.66751
67.86182 73.34277 3.951363
93.46617 24.65701 25.61457
93.40408 25.2779 25.23302
97.31415 21.34258 8.628571
92.50408 29.32196 24.14985
96.39992 25.28063 8.242893
90.55363 35.4841 23.25769
94.66193 31.41315 7.234152
88.42768 40.93103 22.47658
93.13956 35.87038 6.191886
91.50245 40.02854 5.001781
86.2084 46.08223 21.08413
91.81891 39.23141 -5.493946
82.7959 49.53124 26.29631
86.29991 24.10693 -44.39799
80.96201 15.27968 -56.67173
32.54052 -19.99293 -92.41968
81.87184 13.38653 -55.83728
23.20038 -23.62593 -94.35867
-36.65382 -48.06155 -79.66546
82.38904 10.94998 -55.60704
23.68036 -20.94698 -94.87078
-40.68001 -45.85687 -79.00813
82.7479 9.07984 -55.41066
-9.03938 -39.18565 -91.5575
-17.98025 -44.68427 -87.63577
-19.51612 -37.27291 -90.71853
-41.90294 -41.03942 -80.99328
-20.60785 -32.47663 -92.30701
23.77279 -18.46624 -95.3617
-42.96562 -35.94859 -82.83511
-21.48831 -27.00774 -93.85539
83.57841 8.54468 -54.23686
23.69111 -14.78502 -96.02154
-44.25144 -29.26579 -84.76629
-22.77084 -23.73309 -94.43638
24.6938 -11.96191 -96.16199
-44.57444 -24.99906 -85.95444
-23.57862 -22.40139 -94.56334
83.92686 8.303222 -53.73396
25.11836 -11.74704 -96.07848
74.31408 32.91312 -58.25928
29.28601 23.02834 -92.80099
-31.23741 55.2855 -77.25114
12.74939 25.27207 -95.91024
-44.55106 -24.5066 -86.10825
-36.08922 54.8781 -75.40532
7.585555 20.0117 -97.68312
-23.08751 -23.39152 -94.44472
-48.50532 -26.26509 -83.41091
16.68415 19.74341 -96.60144
67.72192 73.52919 -2.683003
-48.66994 -26.58125 -83.21462
-22.42846 -24.44114 -94.33767
11.64697 -15.63351 -98.0813
-48.51539 -30.30309 -82.02426
-21.30773 -27.25937 -93.82381
66.29417 29.04137 -69.00494
10.65531 -15.7241 -98.17951
-47.44229 -36.58073 -80.06921
-20.34706 -32.33884 -92.41319
76.10491 5.228293 -64.65839
94.36311 25.47872 21.12906
9.126282 -18.83581 -97.78509
75.27854 5.503177 -65.59616
-46.44498 -41.77319 -78.08883
-19.32431 -37.26966 -90.76091
-17.8076 -41.90141 -89.03461
96.9669 23.03942 8.161149
74.05579 65.46673 -15.16071
97.09531 22.65667 7.692519
94.35527 26.06714 20.43495
96.23189 26.02286 7.888817
73.90148 4.754794 -67.20091
8.670287 -23.40443 -96.83521
93.71357 29.23421 19.05594
94.64581 31.52044 6.973655
-45.5206 -47.05544 -75.58877
-28.7278 -47.28144 -83.30173
-48.51066 -50.45983 -71.41792
-5.711788 -37.99827 -92.32284
8.086473 -26.80707 -95.99994
73.3759 4.957237 -67.75989
92.02479 34.69831 18.09602
93.19061 35.79873 5.827749
5.719405 -30.64322 -95.01727
52.57653 -6.867236 -84.78532
72.73526 6.396857 -68.32761
89.99336 39.96095 17.44468
91.28098 40.53787 4.94615
70.23263 7.470749 -70.79241
89.27962 44.93679 3.136149
88.07066 44.85974 15.20403
91.29335 40.41628 -5.66123
-24.36602 55.70382 -79.39384
24.67706 31.55525 -91.62592
-25.2584 -22.40132 -94.1286
-38.98496 -23.03492 -89.16034
45.20753 25.99761 -85.32527
66.59194 73.64279 11.92698
-38.68224 -23.466 -89.17977
-24.16946 -23.11455 -94.24201
42.69587 -6.560164 -90.18884
-38.07387 -27.99832 -88.1276
-21.51477 -26.64987 -93.95158
82.90936 37.12162 -41.80936
43.05912 -6.449213 -90.02399
-36.58298 -34.796 -86.31873
-20.62773 -32.37993 -92.33654
92.09768 12.70878 -36.83078
91.53837 24.58088 31.8827
42.9481 -8.494233 -89.90723
92.1544 13.25704 -36.49407
-35.41443 -39.63387 -84.70522
-19.57391 -37.2789 -90.70361
-18.06421 -41.90472 -88.98134
97.36629 20.7353 9.478966
83.93314 47.83231 -25.83214
91.35325 25.28507 31.86299
97.4694 20.50574 8.901256
43.74104 -10.52602 -89.30804
91.79155 15.38335 -36.57406
90.17657 29.90175 31.21016
96.4918 24.86667 8.425003
-33.63105 -44.04321 -83.24152
-28.91175 -47.27349 -83.24258
-27.06527 -45.33321 -84.92567
44.3281 -11.16741 -88.93991
91.25986 19.20668 -36.09347
87.9752 36.55114 30.40359
94.6636 31.37379 7.381688
45.58582 -11.5095 -88.25794
58.99884 -2.829432 -80.69159
90.53463 23.26362 -35.52866
85.70255 42.08546 29.73027
93.17619 35.73577 6.414882
89.81918 27.43688 -34.34727
91.03521 34.3739 -23.04396
83.13456 47.43315 28.96102
92.71983 37.2896 -3.538324
80.06342 50.44446 32.32962
91.10101 29.48572 -28.83053
-20.93887 56.88208 -79.53612
9.83176 40.65829 -90.83083
-24.34839 -19.17134 -95.0769
-37.10902 -20.29447 -90.61487
-23.46306 -20.29592 -95.06609
-36.62378 -20.60213 -90.74277
-21.96508 -25.4304 -94.18509
-35.89863 -26.29278 -89.55434
-21.03797 -32.31385 -92.26711
-34.04172 -34.20029 -87.5871
-19.86671 -36.97742 -90.76334
-32.85648 -38.87827 -86.07515
-18.43295 -41.52338 -89.08443
-30.80695 -42.995 -84.86673
-29.37348 -47.02345 -83.22256
-23.01717 -43.73809 -86.9321
53.79183 -5.714959 -84.10575
67.82359 4.891731 -73.32143
52.03987 -6.562653 -85.13979
51.28194 -6.888927 -85.57281
50.00092 -5.443048 -86.43079
50.05676 -3.274273 -86.5078
91.44648 32.33614 -24.32928
91.28016 38.37594 -13.97212
92.49694 27.31411 -26.4245
93.51288 22.56502 -27.31598
94.33488 17.38577 -28.26065
81.59135 48.04395 32.16565
78.72327 50.89153 34.82382
91.72462 39.52945 -4.90052
91.3884 40.23034 5.447969
84.32671 42.62449 32.74386
93.04964 36.02498 6.630761
94.58151 31.54267 7.706958
86.6965 37.00879 33.37764
96.59163 24.17767 9.246489
89.31831 29.17608 34.21983
97.87638 18.59084 8.636827
90.78497 23.19663 34.92859
97.67264 19.21171 9.537495
94.81113 14.13544 -28.47873
91.01654 22.34581 34.88057
94.73225 13.25994 -29.15431
66.5088 73.06125 15.4477
84.60927 53.19588 -3.386674
86.00973 37.71893 -34.34542
49.41716 -3.768339 -86.85472
51.39503 27.10144 -81.38835
67.72192 73.52919 -2.683003
74.05579 65.46673 -15.16071
24.75018 80.87788 -53.34975
-36.08922 54.8781 -75.40532
27.30049 77.31539 -57.24519
7.585555 20.0117 -97.68312
67.86182 73.34277 3.951363
78.90543 53.79379 -29.66751
34.68951 79.70175 -49.43953
-31.23741 55.2855 -77.25114
35.72215 78.09838 -51.23057
12.74939 25.27207 -95.91024
44.11148 80.46811 -39.7374
24.67706 31.55525 -91.62592
-24.36602 55.70382 -79.39384
66.59194 73.64279 11.92698
45.7769 79.58922 -39.62365
83.93314 47.83231 -25.83214
45.28279 82.69749 -33.32559
9.83176 40.65829 -90.83083
-20.93887 56.88208 -79.53612
66.5088 73.06125 15.4477
47.7064 81.33989 -33.28547
84.60927 53.19588 -3.386674
45.30106 -14.61731 -87.94402
-29.37348 -47.02345 -83.22256
-18.43295 -41.52338 -89.08443
50.96813 -10.06678 -85.44537
89.50182 26.73895 -35.6995
-19.86671 -36.97742 -90.76334
92.42768 31.73811 -21.20887
71.00675 51.85678 47.63314
72.63365 49.03927 48.16122
50.86431 -8.849593 -85.64172
-21.03797 -32.31385 -92.26711
93.63876 27.91062 -21.27859
75.44091 43.73108 48.95161
50.78222 -7.59746 -85.81052
-21.96508 -25.4304 -94.18509
94.7782 24.25251 -20.71012
77.67554 38.22414 50.05422
50.92979 -6.224219 -85.83366
96.19596 18.8779 -19.74749
80.25414 30.43175 51.31453
96.77329 14.60439 -20.53395
82.03802 24.8927 51.47929
51.35604 -5.620945 -85.62105
-23.46306 -20.29592 -95.06609
96.71622 14.2954 -21.01465
82.54835 24.18712 50.99759
50.92572 -4.768445 -85.92923
-24.34839 -19.17134 -95.0769
96.40649 14.88 -22.00849
82.54949 24.19689 50.99108
50.13873 -2.42641 -86.48827
9.83176 40.65829 -90.83083
96.55035 15.72808 -20.75231
82.54931 24.19692 50.99137
70.92186 14.33155 -69.02678
45.28279 82.69749 -33.32559
77.24426 16.31247 -61.37775
47.7064 81.33989 -33.28547
84.60927 53.19588 -3.386674
98.8662 -8.076621 -12.6587
85.19662 -2.398129 52.30473
78.95219 6.97433 -60.97467
71.14107 17.36667 -68.09807
97.67264 19.21171 9.537495
76.80071 2.953107 -63.97601
97.87638 18.59084 8.636827
76.19774 -9.486675 -64.06175
74.2945 -66.54425 -7.224141
62.47506 -68.99013 36.56814
56.34547 -67.71264 -47.33062
20.19428 -97.87508 -3.558008
11.7621 -99.01021 7.657157
0 -100 -7.54979E-06
15.32418 -98.03094 -12.45407
55.2526 -69.19459 -46.46783
14.77804 -98.09161 -12.63509
0 -100 -7.54979E-06
75.58922 -14.77894 -63.77972
14.49514 -97.99601 -13.66282
0 -100 -7.54979E-06
52.89732 -68.63932 -49.90508
71.45525 -14.35377 -68.46982
13.24644 -98.05092 -14.51028
0 -100 -7.54979E-06
48.43074 -70.27152 -52.11886
12.40466 -98.09805 -14.92969
0 -100 -7.54979E-06
67.41724 -17.87551 -71.66158
71.2104 11.51878 -69.25603
59.1512 5.278249 -80.45667
45.12492 -70.98402 -54.08336
11.99054 -97.905 -16.45718
0 -100 -7.54979E-06
62.5491 -19.91896 -75.43768
43.00262 -68.95851 -58.2709
10.69431 -98.0514 -16.47895
0 -100 -7.54979E-06
58.104 -17.59815 -79.46214
60.79022 13.49939 -78.24523
50.9166 5.126184 -85.91404
38.49363 -70.71988 -59.30379
10.67331 -97.70198 -18.45002
0 -100 -7.54979E-06
38.53638 -66.53194 -63.94097
50.72562 -14.59647 -84.93441
53.0802 -21.54267 -81.96588
1.372527 -97.46868 -22.31528
-10.31522 -98.16475 -16.03992
6.2117 -72.42446 -68.67396
-35.20401 -78.30657 -51.27142
5.425373 -34.07352 -93.85926
-51.90079 -42.8976 -73.93311
9.9122 -14.28982 -98.47614
-54.9221 -27.59653 -78.87962
55.31116 17.64915 -81.4198
12.72657 -16.00795 -97.88657
-54.92159 -27.59681 -78.87988
76.12298 8.005775 -64.35216
12.09359 -17.0808 -97.78542
-54.10625 -28.83957 -78.9987
76.67629 4.147062 -64.05894
14.06042 -17.4942 -97.44875
-47.17995 -28.44893 -83.45484
76.61867 3.413708 -64.17107
16.90437 -18.1729 -96.87099
-46.21837 -31.45527 -82.91218
77.05431 4.985085 -63.54354
16.88394 -21.07324 -96.28527
-45.75989 -36.73577 -80.97231
76.8863 6.74713 -63.58437
16.64259 -24.3422 -95.55356
-45.26533 -41.69317 -78.82088
76.67178 7.731095 -63.73122
16.5501 -27.79836 -94.62212
-44.80668 -47.27858 -75.87555
-2.38089 -38.44983 -92.28186
-44.93988 -50.7278 -73.53297
72.68169 6.062253 -68.41508
76.60056 9.233443 -63.61681
91.29335 40.41628 -5.66123
91.28098 40.53787 4.94615
93.19061 35.79873 5.827749
94.64581 31.52044 6.973655
96.23189 26.02286 7.888817
97.09531 22.65667 7.692519
96.9669 23.03942 8.161149
74.05579 65.46673 -15.16071
24.75018 80.87788 -53.34975
27.30049 77.31539 -57.24519
7.585555 20.0117 -97.68312
50.31989 -1.02399 -86.411
-23.08751 -23.39152 -94.44472
51.33662 -5.995285 -85.60729
-22.42846 -24.44114 -94.33767
71.17899 10.14702 -69.50245
51.47029 -7.214507 -85.43278
77.58016 3.797615 -62.9833
78.90543 53.79379 -29.66751
34.68951 79.70175 -49.43953
35.72215 78.09838 -51.23057
97.23756 21.49098 9.110114
12.74939 25.27207 -95.91024
77.5919 2.703474 -63.02531
97.31415 21.34258 8.628571
96.39992 25.28063 8.242893
51.44505 -1.783889 -85.73345
-23.57862 -22.40139 -94.56334
77.31537 4.490402 -63.26271
94.66193 31.41315 7.234152
51.19488 -6.084999 -85.6858
-22.77084 -23.73309 -94.43638
51.30321 -7.075357 -85.54485
-21.30773 -27.25937 -93.82381
77.07088 6.537191 -63.38252
93.13956 35.87038 6.191886
51.34988 -7.677443 -85.46488
-20.34706 -32.33884 -92.41319
76.90074 7.210537 -63.51601
91.50245 40.02854 5.001781
51.36951 -9.311707 -85.29047
-19.32431 -37.26966 -90.76091
76.80225 8.035468 -63.53616
91.81891 39.23141 -5.493946
72.88822 4.814056 -68.29445
51.44138 -10.87971 -85.06125
-17.8076 -41.90141 -89.03461
45.96638 -15.25738 -87.48888
-28.7278 -47.28144 -83.30173
-32.49846 86.60265 37.99777
-9.115171E-05 100 0.0004552059
7.001476 99.5747 5.98821
-25.3591 86.23409 43.82464
-56.28902 50.00002 65.81448
22.38018 95.56542 19.14101
-49.04823 49.78745 71.5226
-64.99676 -0.0001906188 75.99619
-8.67678 82.76203 55.45414
10.05505 74.89349 65.49702
38.15943 86.4796 32.63644
-57.71895 0.0004003359 81.66102
-56.28925 -50.00019 65.81414
-31.41251 47.78252 82.03709
-39.73421 -0.0001846648 91.76706
-49.04812 -49.78729 71.52277
-32.49831 -86.60253 37.99819
-31.41212 -47.7827 82.03713
-25.3587 -86.2344 43.82425
-4.916665E-05 -100 -2.271104E-05
7.001546 -99.57474 5.987539
-8.677213 -82.76202 55.45406
22.37998 -95.56543 19.14121
38.15969 -86.47951 32.63637
-10.51872 -43.23979 89.55266
10.05522 -74.89354 65.49696
52.22955 -72.64065 44.67002
28.62259 -62.90877 72.27194
63.00181 -55.92321 53.88288
44.82773 -48.43097 75.13266
69.93528 -39.13356 59.81321
-18.04944 -7.425792E-06 98.3576
11.34096 -36.32037 92.47818
-10.5188 43.23996 89.55255
31.52316 -27.96137 90.68876
5.015258 -2.458543E-05 99.87415
11.34109 36.32046 92.47813
28.62231 62.90879 72.27205
52.22945 72.64072 44.67003
44.82742 48.43091 75.13288
63.00171 55.9231 53.88312
31.52326 27.96164 90.68864
57.21763 33.89073 74.68307
69.9354 39.13356 59.81308
47.90767 19.56685 85.56865
44.50008 6.363494E-05 89.55301
26.65329 -7.276682E-06 96.38258
66.69111 19.56227 71.90003
74.03217 22.58851 63.31663
75.9963 4.521094E-05 64.99664
61.31713 11.29424 78.18343
47.90746 -19.56666 85.56881
59.35011 1.041119E-05 80.48331
61.31728 -11.29417 78.18333
57.2177 -33.89055 74.68311
66.6913 -19.56215 71.89987
74.03209 -22.58849 63.31675
32.49806 -86.60258 -37.99828
-4.916665E-05 -100 -2.271104E-05
7.001546 -99.57474 5.987539
39.36119 -86.23431 -31.84873
56.28907 -49.99986 -65.81455
22.37998 -95.56543 19.14121
63.05071 -49.78781 -59.54646
64.99633 0.0001095952 -75.99656
71.72141 -0.0005008632 -69.6853
56.28867 50.0001 -65.81472
63.05077 49.78728 -59.54685
32.49855 86.60245 -37.99817
39.36159 86.23412 -31.84871
-9.115171E-05 100 0.0004552059
7.001476 99.5747 5.98821
22.38018 95.56542 19.14101
76.17292 47.78251 -43.75521
84.49459 -0.000122234 -53.48516
76.17281 -47.7829 -43.75497
53.43719 -82.76224 -17.17208
53.43757 82.76202 -17.17189
66.26393 74.89354 -0.2242081
38.15943 86.4796 32.63644
52.22945 72.64072 44.67003
86.83781 43.23986 -24.27979
66.26408 -74.89339 -0.2245215
38.15969 -86.47951 32.63637
86.83779 -43.23981 -24.27995
94.36841 -2.563868E-05 -33.0848
75.83652 62.90878 17.06773
75.83651 -62.90874 17.06792
52.22955 -72.64065 44.67002
63.00181 -55.92321 53.88288
93.11812 -36.32035 -3.138327
81.17582 48.43104 32.63313
63.00171 55.9231 53.88312
99.4436 2.253408E-05 -10.53425
93.11811 36.32035 -3.138402
82.65309 33.89064 44.94321
69.9354 39.13356 59.81308
74.03217 22.58851 63.31663
94.48016 27.96182 17.07734
99.34996 0.0001848694 11.38354
94.48026 -27.96142 17.07741
81.37289 19.56217 54.73367
75.9963 4.521094E-05 64.99664
91.96315 19.56671 34.05766
95.37085 -1.57711E-05 30.07327
86.74689 11.29428 48.45012
81.17577 -48.43116 32.63308
82.65314 -33.89045 44.94326
69.93528 -39.13356 59.81321
74.03209 -22.58849 63.31675
88.71394 3.211921E-05 46.15014
91.96322 -19.56655 34.05754
86.74686 -11.29424 48.45022
81.37289 -19.56201 54.73372
-75.99639 0.0004063776 -64.99653
-75.99622 4.907116E-06 -64.99673
-75.99625 2.273884E-05 -64.99668
-75.99639 0.000421492 -64.99653
-75.99595 2.756097E-05 -64.99703
-75.99589 1.938712E-05 -64.99712
-75.99657 -3.994144E-05 -64.99631
-75.99666 -3.738622E-05 -64.99622
-75.99578 -0.0003645012 -64.99725
-75.9957 -0.0003661189 -64.99733
-75.99592 -0.000395733 -64.99708
-75.9959 -0.0003718178 -64.99709
-75.99622 4.907117E-06 -64.99673
-75.99622 4.907117E-06 -64.99673
-75.99622 4.907117E-06 -64.99673
-75.99622 4.907117E-06 -64.99673
-75.99615 0.0002078168 -64.9968
-75.99618 0.0001960687 -64.99678
-75.9967 -0.000241913 -64.99618
-75.99668 -0.0002560764 -64.99619
-75.99638 -3.489834E-05 -64.99653
-75.99634 -3.569484E-05 -64.99658
-75.99684 0.0002493495 -64.99599
-75.99686 0.0002472616 -64.99597
-75.99609 0.0001413347 -64.99686
-75.99609 0.0001333599 -64.99688
-75.99622 4.907116E-06 -64.99673
-75.99625 2.273884E-05 -64.99668
57.23087 36.89235 73.23648
55.81547 35.753 74.87561
27.18765 13.53202 95.27704
31.44945 26.63182 91.11355
-32.53788 -17.61307 92.90353
-31.83132 5.106874 94.6609
-61.2961 -34.18618 71.23267
-63.55917 -26.02059 72.68536
-36.99089 -89.51125 24.88795
-50.73321 -57.61548 64.08274
-56.39853 -40.87407 71.75317
-22.44255 -91.44888 33.66653
-60.01265 -38.39024 70.17599
-24.78753 -92.44077 28.98765
-6.075261 -99.67986 -5.197796
0 -100 5.714698E-05
24.79227 -92.44106 -28.98263
29.77764 -91.44929 -27.39194
60.01989 -38.39095 -70.16943
62.13776 -40.87488 -66.84415
18.86308 -89.50387 -40.41339
55.43981 -57.61529 -60.05752
61.94875 -26.02057 -74.0627
60.86479 -34.18594 -71.60168
88.57924 5.10764 -46.12625
86.7334 -17.61267 -46.55224
94.88834 26.63206 16.93923
98.34081 13.53152 12.08239
81.2264 36.89154 45.18058
82.62601 35.75238 43.52827
-64.99661 -5.737562E-06 75.99632
-64.9966 -5.737564E-06 75.99633
-64.99686 -5.737546E-06 75.99609
-64.99689 -5.737545E-06 75.99609
-64.99687 -5.737546E-06 75.99609
-64.99686 -5.737546E-06 75.99609
-64.99677 -5.737552E-06 75.99618
-64.99676 -5.737553E-06 75.99619
-35.19296 -88.62046 -30.13087
-6.075261 -99.67986 -5.197796
-36.99089 -89.51125 24.88795
-73.80309 -53.32037 41.35266
-55.43664 -68.37258 -47.45491
-61.2961 -34.18618 71.23267
-85.57561 -29.20485 42.70705
-66.13066 -49.22308 -56.60234
-66.6355 -30.75551 67.92503
-32.53788 -17.61307 92.90353
-90.53746 -21.27254 36.74844
-73.64355 -24.58518 -63.02536
-70.72466 -3.272761 70.6209
-34.70616 -10.42836 93.20264
27.18765 13.53202 95.27704
-95.11279 -11.64487 28.59994
-75.9602 2.029796 -65.00714
-71.98002 -2.36619 69.37779
30.4417 27.06553 91.32777
55.81547 35.753 74.87561
54.19341 36.89899 75.50853
-34.65754 12.38587 92.98089
32.15509 26.79819 90.81799
61.25398 28.18146 73.84954
68.15137 17.38939 71.08445
-32.64555 6.818357 94.275
38.56891 15.83855 90.89323
69.97339 2.840324 71.38387
-74.09765 -1.152881 67.14319
-32.44657 1.075291 94.58363
39.19666 2.485457 91.96436
37.25899 -14.98154 91.58232
67.98587 -16.98561 71.34011
-32.69417 -7.579372 94.20002
37.55703 -33.86774 86.2696
67.02469 -38.02639 63.73133
-97.28019 3.998681 22.81614
-76.96938 1.405409 63.82585
35.58246 -48.49661 79.88721
63.33289 -51.74791 57.54215
-32.18477 -16.8778 93.16265
-97.34544 19.01147 12.74482
-74.13184 21.9193 -63.43511
-66.20637 49.06947 -56.64719
-77.26782 3.806308 63.36558
17.64884 -52.07959 83.52386
43.31882 -53.59533 72.46392
-33.18387 -27.17282 90.33531
-92.64994 36.36428 9.676124
-58.48725 63.84366 -50.03228
-77.13931 1.157095 63.62538
1.699084 -69.10242 72.26318
-20.49034 -73.58989 64.53429
-42.42977 -30.89128 85.12017
-77.14652 0.07888923 63.6271
-87.8576 47.15769 7.562613
-24.16541 -93.33852 26.53212
-33.94198 -93.62175 9.105517
-48.59571 -50.33156 71.45061
-44.72485 -84.86449 28.24369
-77.97102 -28.00498 56.00216
-62.71456 -74.32073 23.30907
-98.90823 7.167696 -12.87578
-75.40873 12.51819 -64.47339
-73.62235 -66.73682 -11.22257
-52.84241 -71.84049 -45.23962
-19.13243 -50.60001 84.10463
-20.49034 -73.58989 64.53429
-69.87237 -5.045413 71.36103
-69.87225 -5.045788 71.36112
-70.17039 -2.282568 71.2103
-70.48191 1.383138 70.92522
-70.61658 3.470602 70.71954
-70.5842 2.921466 70.77666
-70.49252 1.536138 70.91152
-70.46576 1.165744 70.94518
-70.3587 -0.1908024 71.06065
-70.35348 -0.2540542 71.06563
-70.27573 -1.162904 71.13346
-70.27753 -1.143684 71.13199
-70.19415 -2.037009 71.19434
-70.18096 -2.172982 71.2033
-69.67284 -6.654781 71.42415
-69.45663 -8.254539 71.46775
-69.22781 -9.815309 71.49245
-69.3783 -8.800265 71.47872
-69.70189 -6.425709 71.41679
-69.70186 -6.425471 71.41684
-69.70113 -6.425259 71.41756
-69.70105 -6.425343 71.41764
-69.70261 -6.425301 71.41611
-69.7025 -6.425726 71.41618
-70.05936 -3.36418 71.27671
-70.09476 -3.022785 71.25719
-70.37499 -5.363731E-06 71.04477
-70.3752 -5.363717E-06 71.04458
-33.94198 -93.62175 9.105517
-44.72485 -84.86449 28.24369
-24.16541 -93.33852 26.53212
-62.71456 -74.32073 23.30907
-73.62235 -66.73682 -11.22257
-52.84241 -71.84049 -45.23962
-8.743208 -99.32314 -7.646614
-18.53114 -85.49688 48.44461
-20.49034 -73.58989 64.53429
-19.13243 -50.60001 84.10463
54.9818 -69.08871 46.94413
64.48551 -52.95612 55.1114
51.20781 -53.18145 67.44993
65.44042 -48.45249 58.0509
26.84512 -93.58539 22.82795
45.03303 -85.4447 -25.90807
80.11436 -50.58218 -31.98643
60.57556 -73.59026 -30.25023
74.60541 -53.17929 40.07487
4.297763 -93.51295 -35.16899
-52.84241 -71.84049 -45.23962
-22.50149 -66.73678 -70.99216
13.30179 -74.3193 -65.57213
20.96617 -84.86449 -48.56375
22.46436 -93.33849 -27.98712
67.49822 -48.45187 55.64536
66.45881 -48.50296 56.83915
69.94635 -39.10751 59.81732
72.53586 -38.39149 57.13706
67.70023 -38.39184 62.79127
74.80064 -17.70845 63.96307
79.20125 -17.18832 58.58092
75.96381 3.115256 64.95993
70.16686 -17.18909 69.14585
79.57655 3.086713 60.48177
72.10072 3.086659 69.22398
78.55324 15.78662 59.83455
71.30231 15.78716 68.31359
75.07235 15.58256 64.19756
79.23698 27.39745 54.50577
66.15278 27.39898 69.80762
73.20127 26.90994 62.58937
79.78905 35.75678 48.53
60.34309 35.76025 71.27352
70.98181 35.76381 60.68387
69.73642 39.77698 59.62066
79.01625 38.04426 48.05272
59.74908 38.04726 70.58649
69.16492 41.46439 59.13475
77.40771 39.10306 49.78952
61.21274 39.10327 68.73089
69.33237 40.96682 59.28525
74.34642 39.58712 53.90242
64.79267 39.5869 65.07523
69.36035 40.87109 59.3186
70.66807 39.15995 58.92812
74.30379 20.98815 63.54876
69.17652 39.15966 60.67232
74.53426 19.52211 63.74583
74.53355 19.52268 63.74649
75.99647 -4.907095E-06 64.99644
75.99581 -4.907152E-06 64.9972
75.99603 -4.907134E-06 64.99695
-49.42717 25.74389 83.03136
-63.2071 23.33541 73.89399
-62.11187 16.30045 76.65775
-64.55305 11.66254 75.47773
-63.22856 23.16519 73.92918
-64.99682 -5.737549E-06 75.99614
-63.50047 10.72234 76.50308
-63.23355 3.61994 77.38485
-61.9867 -0.09559888 78.47063
-34.27673 2.518366 93.90827
-63.15232 -0.415621 77.53458
-64.99665 -2.513725E-05 75.99628
-56.39853 -40.87407 71.75317
-60.01265 -38.39024 70.17599
-50.73321 -57.61548 64.08274
-60.93347 -2.836195 79.24057
-63.55917 -26.02059 72.68536
-32.30258 6.031877 94.4466
39.94402 16.14216 90.24359
-31.58744 8.519199 94.49686
-31.83132 5.106874 94.6609
38.50423 25.40865 88.72331
66.27624 34.79419 66.30856
63.7915 37.3982 67.32027
33.75842 28.70607 89.64558
31.44945 26.63182 91.11355
60.74247 36.67456 70.4651
57.23087 36.89235 73.23648
-62.21453 29.40596 72.55785
-39.72343 79.297 46.19561
-38.124 72.34799 57.55285
-61.31945 21.27632 76.07394
-64.99574 -0.2849951 75.99653
-25.85347 69.3212 67.27682
-64.98782 -0.2752781 76.00335
-57.98699 20.54442 78.83804
-64.98918 -0.2588114 76.00224
-64.99827 -0.2703671 75.99442
-52.18828 17.50002 83.48732
-64.99654 -0.2842821 75.99586
-49.62534 9.128784 86.3365
-64.99651 -0.2843656 75.99586
-48.757 4.174532 87.20854
3.528819 31.57532 94.8185
-64.99654 -0.2842224 75.99585
6.552985 13.25148 98.90125
-43.65903 0.4152429 89.96508
18.40254 1.941306 98.27298
-52.18828 17.50002 83.48732
-57.98699 20.54442 78.83804
-25.85347 69.3212 67.27682
-7.07545 55.61845 82.80414
-49.62534 9.128784 86.3365
3.528819 31.57532 94.8185
-14.4197 97.54077 16.66942
24.88062 92.30368 -29.34255
25.04263 95.43064 -16.30517
-17.42446 95.30943 24.74876
-32.49831 86.60194 37.99951
-32.4851 86.60694 37.99944
35.41792 93.4159 -4.363343
-14.52581 94.88765 28.02385
-32.47689 86.61533 37.9873
-32.49251 86.60938 37.98753
-10.52662 93.16814 34.76906
46.33328 86.24924 20.35427
-32.49863 86.60251 37.99799
-12.51315 89.43582 42.94944
44.11541 76.22659 47.3639
-32.49855 86.60256 37.99792
-14.41114 87.056 47.04862
-32.49859 86.60258 37.99786
37.17777 68.09694 63.09217
-11.83438 84.1302 52.74519
39.97998 55.3761 73.04169
47.77442 67.64981 -56.04559
64.35825 12.55044 -75.50166
69.48563 22.61498 -68.26647
46.15233 73.56084 -49.58593
32.65849 86.46052 -38.1838
32.6715 86.45557 -38.18385
79.48442 23.63454 -55.88949
49.0118 73.87199 -46.26847
32.67909 86.44741 -38.19585
32.66401 86.45332 -38.19538
52.86995 75.20901 -39.34938
90.17918 30.20605 -30.90807
32.65836 86.46037 -38.18422
51.22592 79.86649 -31.57925
89.48508 44.27363 -5.680399
32.65821 86.46001 -38.18516
49.40763 82.45341 -27.57392
32.65826 86.45996 -38.18525
83.33924 54.51103 9.116922
51.20323 83.30123 -20.95555
80.84132 53.16685 25.25795
61.86698 -30.22691 -72.51765
39.03421 -79.81645 -45.88752
50.54157 -72.92857 -46.11912
65.52248 -22.11168 -72.23489
64.9965 -0.5674742 -75.99429
65.00389 -0.5774394 -75.98791
62.06538 -69.89998 -35.52299
68.77422 -21.3772 -69.37666
65.00261 -0.5939523 -75.98888
64.99392 -0.5822433 -75.99639
74.28258 -18.3295 -64.39043
80.39563 -56.19157 -19.46921
64.9959 -0.5682014 -75.9948
77.54411 -9.961678 -62.35122
94.04241 -32.16748 -11.0126
64.9958 -0.568136 -75.99489
78.56333 -5.0088 -61.66614
64.99558 -0.568225 -75.99507
98.64559 -13.85467 -8.780433
82.09589 -1.239845 -57.08525
99.9259 -2.476053 2.946619
13.69506 -97.72507 -16.19432
-25.63878 -91.97142 29.73065
-12.75092 -95.18359 27.88365
21.21889 -95.56266 -20.43372
32.01833 -87.02518 -37.43583
32.02068 -87.03004 -37.42253
0.6652904 -93.18828 36.26986
24.90483 -95.14577 -18.08399
32.00977 -87.03818 -37.41297
32.00749 -87.03252 -37.42806
32.20093 -93.4488 -15.17965
26.81618 -86.11991 43.17699
32.01726 -87.02575 -37.43546
39.99154 -89.78041 -18.44329
53.21004 -76.28514 36.7324
32.0174 -87.02567 -37.43554
43.75819 -87.43819 -20.97098
32.01743 -87.0256 -37.43565
67.71581 -68.29926 27.38215
49.80363 -84.53477 -19.3254
78.04962 -55.62801 28.52687
-48.33096 -67.02146 56.32267
-64.67228 -11.70862 75.36845
-56.78785 -21.78394 79.37631
-42.23374 -72.98174 53.7585
-33.1349 -86.0289 38.74411
-33.1329 -86.0239 38.75692
-43.01479 -22.8306 87.34123
-38.51468 -73.29881 56.07053
-33.14368 -86.0155 38.76634
-33.14553 -86.02153 38.75138
-31.09113 -74.66021 58.81493
-16.71602 -29.50477 94.07466
-33.13623 -86.02837 38.74417
-23.6918 -79.3735 56.02272
8.022338 -43.74105 89.56765
-33.13613 -86.02841 38.74416
-20.03193 -81.99842 53.61884
-33.1362 -86.02845 38.74399
21.63062 -54.10625 81.26887
-13.22437 -82.87842 54.37173
37.19975 -52.87843 76.28926
68.15467 13.16125 -71.98418
64.99643 5.737575E-06 -75.99648
64.99655 5.737567E-06 -75.99638
60.90842 34.90577 -71.21623
60.84861 54.8553 -57.34406
74.38473 18.61971 -64.18893
76.19591 30.9208 -56.9042
76.06328 11.62468 -63.86896
-60.90817 34.90393 71.21735
-64.99667 -5.737559E-06 75.99628
-64.9966 -5.737564E-06 75.99633
-60.5434 13.16153 78.49377
-47.21243 54.85453 69.00701
-51.87628 18.62 83.43949
-44.3968 30.92088 84.10008
-51.29947 11.62554 85.04829
64.99689 5.737544E-06 -75.99608
60.01989 -38.39095 -70.16943
62.13776 -40.87488 -66.84415
64.99667 1.931741E-05 -75.99628
55.43981 -57.61529 -60.05752
64.55305 11.66312 -75.47765
66.09814 16.30056 -73.24839
66.80247 -0.4155365 -74.41275
63.19684 23.33656 -73.9024
74.36209 25.74405 -61.70512
63.22855 23.16751 -73.92846
65.72937 10.72346 -74.59663
66.64198 3.621501 -74.46967
67.90808 -0.09502008 -73.4063
87.45674 2.519562 -48.42488
68.83236 -2.835998 -72.4849
61.94875 -26.02057 -74.0627
88.29452 6.032067 -46.55848
95.34634 16.1431 25.46519
88.45461 8.519117 -45.86073
88.57924 5.10764 -46.12625
93.62124 25.40886 24.27867
75.78438 34.79469 55.19109
76.39875 37.3984 52.57938
93.79655 28.70616 19.44641
94.88834 26.63206 16.93923
79.03278 36.67463 49.07946
81.2264 36.89154 45.18058
3.336405 99.05183 -13.3268
-1.535863 98.52274 -17.05609
-8.899384 99.31083 -7.626236
-4.377988 99.83335 -3.759739
8.107534 99.21897 -9.479606
-12.63245 99.05479 5.344947
-17.07129 98.52582 1.111125
-8.092157 99.22195 9.461574
0.007757676 100 -0.008999471
8.107558 99.21899 -9.479432
-8.09222 99.22192 9.461823
0.007721085 100 -0.008813747
8.107533 99.21897 -9.479601
-8.092224 99.22189 9.462046
0.00770179 100 -0.008829121
64.99666 5.73756E-06 -75.99628
64.9966 5.737563E-06 -75.99632
64.99663 5.737562E-06 -75.99631
64.99667 5.737558E-06 -75.99626
64.99673 5.737555E-06 -75.99622
64.99673 5.737554E-06 -75.99621
64.99685 5.737547E-06 -75.99612
64.99684 5.737548E-06 -75.99612
-5.869907 -86.94447 -49.05307
-29.09321 -92.38213 -24.88228
-0.05122119 -99.99998 -0.04351927
23.84124 -92.13969 -30.68996
-0.002823683 -100 -0.002363425
26.3573 -33.84637 -90.33115
24.76834 -92.44758 -28.98235
0 -100 5.714698E-05
24.79227 -92.44106 -28.98263
57.64535 -38.19308 -72.23782
59.99377 -38.41349 -70.17943
60.01989 -38.39095 -70.16943
64.97839 1.866716E-05 -76.01189
64.99689 5.737544E-06 -75.99608
66.09814 16.30056 -73.24839
62.48901 0.0002195437 -78.07128
26.11521 -0.007956982 -96.52975
64.96407 2.185463 -75.99272
62.54903 0.05044666 -78.02319
26.07654 -0.02139963 -96.54021
70.869 5.609067 -70.32868
74.36209 25.74405 -61.70512
62.61343 0.0002389276 -77.97153
26.01523 -0.02674898 -96.55676
62.60458 -0.006557571 -77.97863
25.96303 -0.01146954 -96.57081
56.06164 -45.62878 -69.10215
12.97227 -39.6667 -90.87505
16.24053 -53.41509 -82.96429
73.17528 -0.4664971 -68.15541
79.90073 -0.5885525 -60.12926
68.31581 -44.26492 -58.08242
75.80509 -47.51534 -44.67528
69.91886 -57.45799 -42.5433
61.46479 -58.06946 -53.38556
82.65824 -4.003016 -56.13903
50.72221 -57.25363 -64.41489
20.08245 -3.843133 -97.88731
58.2007 -0.6129673 -81.31607
5.278082 39.81663 -91.57935
74.46793 -1.638479 -66.72213
79.3052 44.23664 -41.87846
67.94489 50.48198 -53.24531
63.99139 76.42118 -8.056375
43.74849 51.0463 -74.02934
-21.09531 67.10915 -71.07285
47.74299 85.3845 -20.73871
40.3186 84.7722 34.46859
14.96841 85.6367 -49.41966
-51.09629 74.01611 -43.71252
20.6384 96.24452 17.63659
-18.51729 96.98364 -15.85191
-46.49419 85.64214 22.44361
-73.48054 67.11274 -9.823026
-13.0766 85.38998 50.37414
1.971817 76.42511 64.46172
-66.34905 51.04644 54.69975
-89.65246 39.81707 19.4175
-42.06391 50.48223 75.38019
-29.07316 44.23663 84.84027
-71.30654 -0.6128997 70.10707
-93.58875 -3.843258 35.01966
-54.36557 -1.638593 83.91484
-42.64029 -4.003456 90.36469
-43.20734 -58.06959 69.00034
-31.18581 -57.45797 75.67051
-55.76937 -57.2537 60.09819
-59.57214 -45.62874 66.09975
-79.44185 -53.41515 28.91046
-87.76375 -39.66645 26.90905
-91.37593 -0.01130517 40.62562
-46.78492 -44.26481 76.49704
-32.37835 -47.51532 81.81648
-47.00997 -0.5887225 88.25937
-55.98232 -0.4668733 82.8599
-49.42717 25.74389 83.03136
-67.32684 -0.006301668 73.93982
-91.35392 -0.02763511 40.67508
-58.48704 5.608423 80.91855
-62.11187 16.30045 76.65775
-67.3183 -0.0003510348 73.94759
-91.32861 -0.02231543 40.73185
-67.38009 0.05049473 73.89129
-91.31197 -0.007764737 40.76916
-64.99818 2.185132 75.96355
-67.43604 0.0001293975 73.84024
-85.15076 -33.84673 40.04681
-65.01519 -5.736363E-06 75.98042
-64.99682 -5.737549E-06 75.99614
-60.01265 -38.39024 70.17599
-62.42372 -38.19259 68.15134
-60.02687 -38.41256 70.15163
-24.78753 -92.44077 28.98765
-24.7915 -92.44716 28.96383
0 -100 5.714698E-05
-0.002823683 -100 -0.002363425
-26.62141 -92.13946 28.31292
-49.36932 -86.94484 1.80759
-0.05122119 -99.99998 -0.04351927
-29.09321 -92.38213 -24.88228
4.556671 99.75395 -5.327995
4.556807 99.75394 -5.32801
4.55713 99.75391 -5.328204
4.55674 99.75395 -5.327811
4.556816 99.75393 -5.328255
4.556743 99.75393 -5.328389
4.590049 99.75389 -5.300371
4.569715 99.75581 -5.281691
55.80408 71.74355 41.6985
57.63052 69.16544 43.53004
75.99614 8.476651E-05 64.99681
75.99607 -8.809542E-05 64.9969
75.99601 0.0002787961 64.99697
75.99603 0.0004786273 64.99696
75.99611 -4.907126E-06 64.99685
75.99628 0.0002258517 64.99666
75.99608 0.0004868197 64.99689
75.99617 0.0003454786 64.99679
75.99619 -4.90712E-06 64.99677
75.99608 4.46502E-05 64.99689
75.99599 4.013269E-05 64.99699
75.99617 2.312214E-05 64.99679
75.99629 5.23532E-05 64.99665
75.99628 0.0002052149 64.99666
75.99623 0.0001646756 64.99671
75.99617 0.0001073122 64.99679
75.99617 3.804617E-05 64.99679
75.9959 -4.907145E-06 64.99711
75.9965 -0.0002361122 64.99639
75.99654 -0.0002092338 64.99635
75.99643 -6.180279E-05 64.99649
75.99635 -9.945131E-05 64.99657
75.99625 -4.907115E-06 64.9967
75.9962 2.488134E-05 64.99676
75.99625 0.0001256979 64.9967
75.9964 -4.9071E-06 64.99651
75.99632 -4.907107E-06 64.9966
75.99669 -4.907076E-06 64.99619
75.99622 8.347964E-05 64.99673
75.99622 0.0002033779 64.99673
49.84827 71.74388 48.66175
51.94106 69.1654 50.18243
-4.508809 99.75582 5.33342
-4.524103 99.75391 5.35642
-4.556922 99.75394 5.327875
-4.556894 99.75394 5.327886
-4.556851 99.75393 5.328192
-4.556841 99.75394 5.328001
-4.556909 99.75389 5.328856
-4.55709 99.75382 5.330066
59.66204 -5.045856 -80.09357
60.57556 -73.59026 -30.25023
80.11436 -50.58218 -31.98643
59.66224 -5.045832 -80.09343
59.46606 -2.282696 -80.36528
59.13617 1.382629 -80.6288
58.91352 3.470183 -80.72891
58.97513 2.921124 -80.70565
59.12169 1.536068 -80.63663
59.15907 1.165707 -80.61543
59.28866 -0.1908632 -80.52838
59.29444 -0.2541025 -80.52395
59.37498 -1.162751 -80.45657
59.37349 -1.143538 -80.45795
59.44705 -2.036855 -80.38593
59.45792 -2.172805 -80.37433
59.75497 -6.655215 -79.90651
59.83139 -8.255009 -79.69981
59.89074 -9.815498 -79.47801
59.85389 -8.800611 -79.6245
59.74321 -6.425928 -79.93407
59.74351 -6.425943 -79.93385
59.74281 -6.425169 -79.93444
59.74268 -6.425267 -79.93452
59.74314 -6.425718 -79.93415
59.74314 -6.425507 -79.93417
59.54937 -3.363876 -80.26554
59.52436 -3.021904 -80.29768
59.27129 6.080706E-06 -80.54138
59.27106 6.080717E-06 -80.54154
-75.40873 12.51819 -64.47339
-52.84241 -71.84049 -45.23962
-22.50149 -66.73678 -70.99216
-28.0556 7.166819 -95.71583
13.30179 -74.3193 -65.57213
-58.48725 63.84366 -50.03228
43.23197 -28.00479 -85.71306
20.96617 -84.86449 -48.56375
-6.147547 47.15324 -87.97033
63.04904 -50.3316 -59.08933
22.46436 -93.33849 -27.98712
-4.794084 36.35816 -93.03281
-66.20637 49.06947 -56.64719
50.89252 0.07858191 -86.08105
-2.483342 19.00523 -98.14598
-74.13184 21.9193 -63.43511
-75.9602 2.029796 -65.00714
50.89142 1.158062 -86.07394
77.51019 -30.89169 -55.11691
71.65247 -69.10232 -9.528562
60.57556 -73.59026 -30.25023
4.297763 -93.51295 -35.16899
78.30538 -53.59525 31.55655
85.25032 -52.07964 4.482864
66.66741 -51.74816 53.6431
84.09559 -27.17163 -46.79353
84.43912 -48.49649 22.76239
73.35562 -38.02613 56.32908
50.61542 3.806676 -86.16026
87.04411 -16.87734 -46.24367
91.05057 -33.86744 23.72321
81.02042 -16.98576 56.09969
7.480709 3.997248 -99.63966
51.1178 1.405187 -85.936
87.98963 -7.579253 -46.90821
96.25287 -14.98152 22.60398
81.37218 2.840351 58.056
13.53216 -11.63938 -98.39414
-73.64355 -24.58518 -63.02536
54.83998 -1.152855 -83.61369
88.40694 1.075258 -46.72318
96.93082 2.485522 24.4589
95.77515 15.83843 24.00549
80.79403 17.38935 56.30219
22.28951 -21.26164 -95.13737
-66.13066 -49.22308 -56.60234
57.37516 -2.366261 -81.86874
88.07121 6.818272 -46.8719
94.70602 26.79815 17.68134
82.45557 28.18143 49.06002
82.99931 36.89888 41.82807
28.94467 -29.18845 -91.16052
-55.43664 -68.37258 -47.45491
58.79845 -3.272663 -80.82098
86.48099 12.38589 -48.65829
94.94391 27.06549 15.90955
82.62601 35.75238 43.52827
98.34081 13.53152 12.08239
86.69254 -10.42872 -48.74058
86.7334 -17.61267 -46.55224
56.76955 -30.75545 -76.36308
60.86479 -34.18594 -71.60168
29.42986 -53.30212 -79.32697
-35.19296 -88.62046 -30.13087
18.86308 -89.50387 -40.41339
-6.075261 -99.67986 -5.197796
-75.99653 4.90709E-06 -64.99637
-75.99619 7.743679E-05 -64.99676
-75.99617 4.907121E-06 -64.99679
-75.99628 6.152997E-05 -64.99667
-75.99628 5.219446E-05 -64.99666
-75.99606 -7.706168E-06 -64.99692
-75.9964 -9.060166E-05 -64.99651
-75.99673 -0.0001789762 -64.99612
-75.99644 -3.122052E-05 -64.99647
-75.99633 -4.130539E-05 -64.9966
-75.99641 -0.0001452643 -64.99651
-75.99668 4.907075E-06 -64.99619
-75.99593 4.907143E-06 -64.99708
-75.99638 -2.83788E-05 -64.99654
-75.99642 0.0001558637 -64.9965
-75.99606 6.798119E-05 -64.99693
-75.99614 0.0001887903 -64.99682
-75.99611 4.907126E-06 -64.99686
-75.99577 9.577553E-05 -64.99726
-75.99622 0.0001839317 -64.99673
-75.99677 0.000110594 -64.99609
-75.99647 0.0003203034 -64.99644
-75.9971 4.907039E-06 -64.9957
-47.60623 -77.31461 41.90582
-36.76642 -83.6076 40.71854
-45.78233 -72.44753 51.52993
-25.11384 -92.70821 27.82951
-22.97293 -95.8321 16.98394
-15.94678 -98.23695 9.757185
-57.03164 -82.09568 2.773214
-32.06345 -90.6638 -27.42285
-4.507919 -99.82391 -3.855518
-18.26612 -97.06848 -15.62234
-31.07399 -95.02123 -2.317265
-37.72785 -86.80693 -32.26711
-26.03844 -94.0117 21.99547
-49.93476 -84.69096 -18.27462
-51.68185 -73.31581 -44.20155
-40.53253 -91.05111 8.173712
-61.1885 -72.10703 -32.50454
-62.70819 -56.49178 -53.63173
-56.61421 -81.83611 -9.883395
-69.51016 -55.855 -45.26097
-69.53737 -40.34352 -59.4723
-67.31441 -69.69226 -24.73372
-73.76675 -39.79237 -54.54386
-74.20006 -21.61561 -63.45958
-74.84605 -53.9474 -38.57132
-78.02028 -20.99125 -58.9254
-75.99368 0.8261827 -64.99444
-78.40978 -37.83626 -49.1968
-78.98727 -20.61135 -57.75969
-82.77081 -18.25589 -53.06332
-85.05706 -32.87634 -41.04196
-84.18274 -46.6893 -27.08089
-79.26806 -60.12092 -10.102
-70.65236 -70.41946 7.024482
-56.12694 -78.29507 26.82628
-42.32914 -80.75608 41.06947
-92.7863 -19.72988 -31.64546
-95.02055 -27.9403 -13.79982
-93.09692 -35.8609 6.852643
-86.80473 -41.88427 26.65795
-74.15343 -46.46885 48.39334
-61.06218 -47.88948 63.07144
-93.73403 -6.949478E-05 34.84152
-99.65677 -0.0002218587 -8.278066
-87.17348 -11.08897 -47.72649
-89.13822 -0.04151743 -45.32522
-81.84502 -5.209331E-05 57.45775
-99.02908 1.328225E-05 13.9011
-96.07924 -5.938694E-05 -27.72688
-94.56421 29.24119 -14.23243
-92.4761 20.6883 -31.94001
-87.16391 11.79014 -47.57567
-81.96119 20.16207 -53.627
-73.99441 22.80144 -63.28445
-83.62677 34.68116 -42.47092
-69.65136 40.00101 -59.57019
-82.11636 49.18011 -28.95203
-62.36248 57.15041 -53.33622
-76.53339 63.12145 -12.58264
-51.3294 73.74335 -43.90001
-92.50423 37.46502 6.27222
-86.12319 43.70113 25.94239
-67.44641 73.72345 3.979293
-37.99833 86.60244 -32.49838
-52.66999 81.76955 23.2296
-19.50378 96.6507 -16.68069
-73.41052 48.43126 47.59526
-60.31665 49.92675 62.20308
-38.90692 84.29034 37.16707
-4.288152 99.84068 -3.667435
-35.09027 84.39957 40.56336
-0.2407161 99.9995 -0.2058627
-0.2854716 99.99947 -0.1530677
-69.01167 -7.185931E-05 72.3698
-65.22641 -0.0004086 75.79918
-56.51868 49.99946 65.61777
-34.91806 84.39901 40.71284
-35.11794 84.36037 40.62093
-0.6600698 99.99714 -0.3718209
-56.34511 50.0005 65.76609
-56.48615 50.05545 65.6031
-65.17278 0.0002284458 75.8453
-65.59913 -2.867796E-05 75.47685
-58.0425 -48.12658 65.6879
-57.26851 -47.94564 66.49463
-57.09536 -47.94552 66.64342
-38.47666 -80.85623 44.5176
-39.63577 -79.63451 45.68754
-41.10664 -78.94602 45.58257
-46.76373 -73.02911 49.79863
-58.87942 -46.86425 65.85558
-58.72699 -49.80721 63.79956
-65.62564 -17.851 73.31178
-65.55537 -14.11661 74.18366
-64.6665 22.47877 72.88998
-65.10514 21.04426 72.92777
-59.50517 47.03582 65.16723
-52.69976 61.75471 58.38743
-58.7645 45.44941 66.94091
-60.06392 44.0363 66.73178
-65.43147 0.7971913 75.61803
-57.19405 73.78755 35.83627
-54.97297 56.92063 61.1393
-70.03581 54.77893 45.76303
-83.1575 55.04695 -7.393464
-92.71294 36.19285 -9.715362
-70.93485 46.48448 52.98527
-93.35001 35.25311 6.557125
-99.06677 -0.00663436 13.62988
-65.53501 0.001991936 75.53253
-78.52918 -0.000961053 61.91258
-92.56615 -37.36113 5.971183
-57.12424 -49.86916 65.19118
-57.42519 -49.09273 65.51527
-35.80806 -84.40269 39.92454
-70.00179 -49.0445 51.90748
-76.77312 -62.70374 -13.19575
-35.78885 -84.39269 39.96288
-48.99587 -82.82045 27.2062
-50.85109 -74.31496 -43.49084
-15.27359 -97.95953 -13.06322
-0.7308743 -99.99394 -0.8231436
-0.8566837 -99.98785 -1.302134
-82.22301 -7.833219 -56.3739
-82.17505 -7.801013 -56.44826
-81.61803 -8.782132 -57.10841
-83.37416 -6.412573 -54.84185
-84.14619 -2.827962 -53.95759
-85.2971 -2.661159 -52.12794
-83.66321 1.690294 -54.75043
-82.84481 3.38122 -55.90442
-82.77874 3.631799 -55.98652
-82.38317 4.620159 -56.49485
0 -100 -7.54979E-06
0 -100 -7.54979E-06
0 -100 -7.54979E-06
0 -100 -7.54979E-06
0 -100 -7.54979E-06
0 -100 -7.54979E-06
0 -100 -7.54979E-06
0 -100 -7.54979E-06
0 -100 -7.54979E-06
0 -100 -7.54979E-06
0 -100 -7.54979E-06
0 -100 -7.54979E-06
0 -100 -7.54979E-06
0 -100 -7.54979E-06
0 -100 -7.54979E-06
9.388603 -99.01019 10.43255
11.7621 -99.01021 7.657157
16.84361 -97.5129 14.40573
45.81453 -68.99036 56.04783
62.47506 -68.99013 36.56814
60.43257 -60.63396 51.68586
64.88461 -2.398284 76.05417
85.19662 -2.398129 52.30473
75.9327 4.086488 64.94248
73.68581 24.47018 63.02071
63.17644 24.19683 73.64272
82.54931 24.19692 50.99137
73.68604 24.46973 63.02063
63.17634 24.19679 73.64282
82.54949 24.19689 50.99108
73.68597 24.46994 63.02063
63.18233 24.18715 73.64085
82.54835 24.18712 50.99759
73.5325 25.25605 62.88962
63.5792 24.89268 73.06189
82.03802 24.8927 51.47929
72.29288 30.83611 61.82938
63.14005 30.43181 71.32489
80.25414 30.43175 51.31453
70.10815 38.59446 59.96093
61.49493 38.22422 68.97307
77.67554 38.22414 50.05422
68.22005 44.06552 58.34599
60.05906 43.73105 66.93657
75.44091 43.73108 48.95161
66.09643 49.35233 56.52974
58.84278 49.03924 64.28593
72.63365 49.03927 48.16122
64.83957 52.15945 55.45467
58.06894 51.85685 62.76038
71.00675 51.85678 47.63314
-64.89726 -2.337859 76.04525
-91.85148 -39.18602 5.269049
-89.36382 -44.68444 -4.172359
-71.12744 -6.75565 69.96606
-65.12243 -1.770522 75.86786
-92.64761 -37.27287 -5.210888
-58.09557 3.050267 81.33633
-14.35297 29.4861 94.46991
10.8843 37.28975 92.14666
-76.43512 -9.358126 63.79733
-94.3862 -32.47662 -6.042757
-50.81804 6.934285 85.84545
20.7874 35.73565 91.05409
-76.61039 -7.919463 63.78189
-96.05243 -27.00753 -6.672723
-50.53284 6.458756 86.05067
21.97364 31.37379 92.3734
-76.65778 -7.351415 63.79295
-50.34661 4.157784 86.30141
23.2884 24.86651 94.01759
-76.46821 -7.599917 63.99105
-49.97968 2.059797 86.58977
23.91058 20.50579 94.90942
-18.06421 -41.90472 -88.98134
45.68143 -15.29925 -87.63071
-28.91175 -47.27349 -83.24258
51.23626 -10.86288 -85.18711
-19.57391 -37.2789 -90.70361
73.0616 5.129111 -68.08595
51.1558 -9.331985 -85.41662
-20.62773 -32.37993 -92.33654
77.0441 8.422117 -63.19236
91.72462 39.52945 -4.90052
91.3884 40.23034 5.447969
77.15993 7.520784 -63.16471
93.04964 36.02498 6.630761
51.11706 -7.739884 -85.59872
-21.51477 -26.64987 -93.95158
77.35459 6.778886 -63.01044
94.58151 31.54267 7.706958
51.1223 -6.987416 -85.66029
-24.16946 -23.11455 -94.24201
77.72715 4.503843 -62.75513
96.59163 24.17767 9.246489
49.28698 -7.454852 -86.69037
-25.2584 -22.40132 -94.1286
76.85079 1.988763 -63.95312
49.01117 -6.296171 -86.93827
24.67706 31.55525 -91.62592
65.68604 5.323763 -75.21304
44.11148 80.46811 -39.7374
45.7769 79.58922 -39.62365
83.93314 47.83231 -25.83214
73.09687 7.658573 -67.80998
77.76742 3.402242 -62.77464
97.36629 20.7353 9.478966
51.35816 -7.599903 -85.46685
77.79139 2.059753 -62.80332
97.4694 20.50574 8.901256
96.4918 24.86667 8.425003
77.44861 4.157784 -63.12231
94.6636 31.37379 7.381688
51.13271 -7.35155 -85.6236
-21.48831 -27.00774 -93.85539
77.17243 6.458897 -63.26688
93.17619 35.73577 6.414882
51.12914 -7.9194 -85.57507
-20.60785 -32.47663 -92.30701
76.92564 6.934341 -63.51661
92.71983 37.2896 -3.538324
51.17121 -9.35829 -85.4045
-19.51612 -37.27291 -90.71853
71.34245 3.049826 -70.00681
91.10101 29.48572 -28.83053
64.84962 -1.770758 -76.1012
58.08892 -6.755549 -81.11745
-9.03938 -39.18565 -91.5575
65.0611 -2.337437 -75.90514
-17.98025 -44.68427 -87.63577
61.91854 29.95314 -72.5872
50.67481 72.7373 -46.27472
39.18129 79.64172 -46.06541
65.56145 21.83203 -72.28458
64.99723 0.2830729 -75.99527
65.00474 0.2930896 -75.98881
62.19567 69.7082 -35.67163
68.81345 21.10106 -69.42229
65.0032 0.3097404 -75.99004
64.99458 0.2979872 -75.99747
74.31567 18.05245 -64.43052
80.49953 56.00011 -19.59116
64.99659 0.2841049 -75.99581
77.56252 9.685391 -62.37186
94.10127 31.97059 -11.08298
64.99667 0.2840674 -75.99573
78.57166 4.730601 -61.67752
64.99657 0.2842613 -75.99581
98.6711 13.65396 -8.808166
82.09982 0.9649538 -57.08492
99.93021 2.297807 2.945472
47.65098 -67.85324 -55.90457
69.44301 -22.89244 -68.21735
64.33374 -12.83421 -75.47485
46.0166 -73.75288 -49.42658
32.49844 -86.60319 -37.9966
32.51165 -86.59801 -37.99707
79.4401 -23.90283 -55.83838
48.8732 -74.06424 -46.10748
32.52015 -86.58959 -38.00898
32.50469 -86.59576 -38.00814
52.7285 -75.39283 -39.18707
90.12258 -30.44066 -30.84295
32.49835 -86.60255 -37.9981
51.07917 -80.02867 -31.4059
89.40202 -44.45314 -5.585515
32.49839 -86.60258 -37.998
49.25301 -82.60455 -27.3976
32.49854 -86.60249 -37.99805
83.23592 -54.64942 9.231658
51.04934 -83.44019 -20.77739
80.7442 -53.25836 25.37557
-14.59679 -97.47681 16.88806
24.86547 -95.51213 -16.09788
24.70968 -92.41283 -29.14277
-17.60072 -95.22328 24.95477
-32.65796 -86.45956 38.18644
-32.64491 -86.4645 38.18639
35.24516 -93.49039 -4.162405
-14.70347 -94.79943 28.22902
-32.63722 -86.47289 38.17397
-32.65236 -86.46701 38.17434
-10.69646 -93.07349 34.97015
46.17634 -86.28913 20.541
-32.65835 -86.45989 38.18533
-12.67681 -89.3198 43.14247
43.97572 -76.20454 47.52897
-32.65833 -86.45991 38.18533
-14.57498 -86.92894 47.23273
-32.6582 -86.46008 38.18502
37.05166 -68.03082 63.2375
-11.9869 -83.99355 52.92823
39.87756 -55.29292 73.1606
-62.26554 -29.13883 72.62184
-38.25948 -72.15034 57.71082
-39.86989 -79.12306 46.36737
-61.35848 -21.0018 76.11874
-64.9949 0.5694931 75.99564
-64.98741 0.5593328 76.00213
-25.98224 -69.1278 67.42603
-58.02495 -20.26667 78.88198
-64.98859 0.5427294 76.00124
-64.99736 0.5548201 75.99365
-52.22156 -17.22248 83.52422
-7.181284 -55.42464 82.92489
-64.99574 0.5681771 75.99494
-49.6402 -8.850864 86.35689
3.471775 -31.37617 94.88669
-64.99556 0.5681735 75.9951
-48.76777 -3.895355 87.21544
-64.99551 0.5683736 75.99513
6.522658 -13.04915 98.93015
-43.66472 -0.1400184 89.96317
18.39129 -1.76284 98.27844
-47.45646 68.48465 55.29682
-56.49197 23.7152 79.0332
-64.50957 13.67833 75.17593
-41.28141 74.325 52.64637
-32.01593 87.02623 37.4355
-32.01427 87.02132 37.44832
-42.70766 24.70237 86.98189
-37.55924 74.62959 54.95203
-32.02526 87.01319 37.45781
-32.0267 87.01895 37.44319
-30.11759 75.93598 57.67717
-16.3237 31.13879 93.61577
-32.01699 87.02573 37.43573
-22.65901 80.51163 54.81283
8.594882 44.98276 88.89703
-32.01715 87.02571 37.43563
-18.96671 83.05164 52.37069
-32.01736 87.02573 37.43545
22.33444 55.04685 80.44263
-12.14703 83.85458 53.11176
37.88734 53.53906 75.48588
14.95418 97.28278 -17.67572
-11.51613 95.74934 26.44699
-24.44571 92.73531 28.32968
22.45145 94.96048 -21.87327
33.13726 86.02795 -38.74421
33.13963 86.033 -38.73098
1.873252 93.70837 34.86016
26.13025 94.53365 -19.50894
33.12894 86.04128 -38.72173
33.12682 86.03541 -38.73657
33.40401 92.78373 -16.59375
27.93332 86.41028 41.86877
33.13584 86.02864 -38.74388
41.14965 88.96718 -19.78753
54.19594 76.13664 35.58106
33.13577 86.02863 -38.74398
44.88331 86.53853 -22.28389
33.13595 86.02852 -38.74407
68.59576 67.82288 26.35675
50.89348 83.5805 -20.59497
78.76619 55.03978 27.68592
-75.89827 5.130058 -64.90867
-75.99617 4.907121E-06 -64.99679
-75.99628 4.907112E-06 -64.99667
-75.89623 5.128766 -64.91116
-68.71309 42.71849 -58.76768
-68.71284 42.71956 -58.7672
4.850331 99.79615 4.147595
4.851836 99.79597 4.150091
71.32012 34.53635 60.99738
71.3198 34.5356 60.99818
70.286 38.02932 60.11364
70.28592 38.02934 60.11371
74.82843 17.46152 63.99845
74.82825 17.4631 63.99822
75.99617 -4.907121E-06 64.99679
75.99628 -4.907112E-06 64.99667
-64.99679 -5.737551E-06 75.99617
-64.99676 -5.737553E-06 75.99619
-64.99677 -5.737552E-06 75.99619
-64.9968 -5.737551E-06 75.99617
-33.00463 86.6847 37.36919
-33.35423 86.59693 37.26212
-32.52845 86.8021 37.51395
-32.17542 86.88753 37.62047
-32.49842 -86.60255 37.99805
-32.49841 -86.60254 37.99808
-32.49841 -86.60254 37.99807
-32.49844 -86.60255 37.99804
64.9967 5.737557E-06 -75.99625
64.99657 5.737565E-06 -75.99635
64.99686 5.737547E-06 -75.99611
64.99698 5.737538E-06 -75.996
31.79859 86.68481 -38.40042
32.17551 86.88752 -37.62039
32.0155 86.80214 -37.95256
31.63856 86.59709 -38.72912
75.99625 -4.907113E-06 64.99668
75.99628 -4.907111E-06 64.99665
75.99626 -4.907113E-06 64.99668
75.99625 -4.907115E-06 64.9967
75.99625 -4.907114E-06 64.99669
75.99628 -4.907111E-06 64.99666
32.49831 -86.60258 -37.99805
32.49835 -86.60255 -37.9981
32.49827 -86.60264 -37.99798
32.49823 -86.60268 -37.99792
-43.82828 -81.69437 -37.48482
-66.60109 -48.16288 -56.96167
-82.25321 -41.71073 -38.66037
-70.37743 -70.74966 -6.442247
-20.03293 -96.46301 -17.13386
-51.3818 -83.53971 19.51994
-93.71158 -24.08163 -25.26293
-74.33094 -48.23161 46.35325
-89.81316 -40.84722 16.28194
-97.90569 -0.0001874469 -20.35871
-96.927 -0.0003077774 24.59992
-82.731 0.0002478176 56.17456
-89.81303 40.84729 16.28249
-74.33132 48.23121 46.35305
-93.71154 24.08144 -25.26324
-51.38187 83.5395 19.52062
-70.37779 70.74927 -6.442685
-82.2532 41.71083 -38.66026
-43.82838 81.6945 -37.48441
-20.03334 96.46296 -17.13365
-17.27867 70.74957 -68.52696
-66.60106 48.16315 -56.96148
11.31541 83.53963 -53.78746
-50.94909 41.71004 -75.26263
34.26449 48.23187 -80.62029
-39.49044 24.0815 -88.65994
2.156659 40.84679 -91.25179
42.66441 0.0003043408 -90.44196
-35.29617 -0.000256889 -93.56378
9.270268 -0.0005765325 -99.56938
34.26467 -48.23176 -80.62029
2.156217 -40.84713 -91.25165
-39.49053 -24.08158 -88.65988
-17.27882 -70.74979 -68.52671
11.31523 -83.5395 -53.78772
-20.03293 -96.46301 -17.13386
-50.94874 -41.71114 -75.26225
-43.82828 -81.69437 -37.48482
-66.60109 -48.16288 -56.96167
-42.21605 51.06529 -74.90088
-61.37748 58.96699 -52.49475
-36.9437 87.38903 -31.59623
-8.542024 75.68249 -64.8012
0.0002082078 100 -0.000348957
-28.18699 29.48301 -91.30304
32.49856 86.60216 -37.99883
12.24809 43.69654 -89.11002
-23.05124 0.0003112351 -97.30694
56.28737 50.00256 -65.81396
19.85873 -0.0009350468 -98.00832
-28.18577 -29.48261 -91.30355
64.99611 0.002334275 -75.99674
12.24855 -43.69461 -89.11092
56.28833 -50.0002 -65.81493
-42.2161 -51.06601 -74.90036
-8.543428 -75.68278 -64.80067
32.49823 -86.60249 -37.99833
-36.94347 -87.38933 -31.59564
-61.37952 -58.96334 -52.49646
0.0005833706 -100 -0.0007372541
-80.541 -51.06634 -30.08946
-65.34093 -75.68333 1.611116
-32.49917 -86.60191 37.99885
-94.56985 -29.4822 -13.68738
-86.13374 -43.69371 25.91986
-56.28887 -50.00095 65.8139
-93.74317 0.001210972 34.81689
-99.70426 5.802104E-07 -7.68512
-64.99713 -0.002372602 75.99586
-94.56962 29.4833 -13.68655
-86.13297 43.69561 25.91923
-56.28846 50.0018 65.81361
-80.54132 51.0656 -30.08985
-65.34363 75.681 1.611145
-32.49806 86.60292 37.99749
-36.9437 87.38903 -31.59623
-61.37748 58.96699 -52.49475
0.0002082078 100 -0.000348957
-32.49834 -86.60237 37.99853
-0.0004711745 -100 0.0005895824
0.0005170887 -100 -0.0004843714
-32.49772 -86.60293 37.99778
-56.28883 -49.99997 65.81466
-56.28886 -50.00014 65.81452
-64.99657 0.000549163 75.99635
-64.9966 -0.0006686718 75.99632
-56.28895 50.00003 65.81451
-56.28904 50.00004 65.81443
-32.49837 86.60255 37.99807
-32.49837 86.60252 37.99814
0.0005657034 100 -0.0006455627
-0.000353565 100 0.0003758467
32.49885 86.60207 -37.99878
32.49808 86.60275 -37.99788
56.28899 49.99963 -65.8148
56.28852 50.00083 -65.81429
64.99663 -0.0007750522 -75.99631
64.99665 0.0004015341 -75.99628
56.28888 -50.0009 -65.81392
56.28931 -49.9996 -65.81454
32.49834 -86.6026 -37.99798
32.49831 -86.60254 -37.99816
-0.0004711745 -100 0.0005895824
0.0005170887 -100 -0.0004843714
-32.49893 -86.60212 37.99861
-0.0004193673 -100 0.0005483328
0.0003565116 -100 -0.0004674302
-32.498 -86.60291 37.99759
-56.2885 -50.00016 65.8148
-56.28833 -50.00014 65.81496
-64.99683 0.0005638949 75.99614
-64.99695 -0.0007934036 75.99603
-56.28889 50.00008 65.81453
-56.28884 50.00001 65.81462
-32.49866 86.60264 37.99762
-32.49879 86.60268 37.99744
0.0003643683 100 -0.0006052961
-0.0003594579 100 0.0004102213
32.49884 86.6021 -37.99868
32.49811 86.60275 -37.99785
56.28907 49.99949 -65.81483
56.28857 50.00063 -65.81438
64.9967 -0.0007809444 -75.99623
64.99664 0.0003877844 -75.9963
56.28843 -50.00056 -65.81457
56.28887 -49.99947 -65.81501
32.49851 -86.60246 -37.99815
32.49857 -86.60249 -37.99806
-0.0004193673 -100 0.0005483328
0.0003565116 -100 -0.0004674302
-0.0004684742 -100 0.0003273553
0.0003191905 -100 -0.0005752179
32.49887 -86.60219 -37.99848
32.49816 -86.60287 -37.99756
56.28899 -49.99939 -65.81496
56.28857 -50.0006 -65.81441
64.99669 0.0003848378 -75.99625
64.9967 -0.0009135312 -75.99625
56.28868 50.00033 -65.81453
56.28902 49.99933 -65.81499
32.49799 86.60291 -37.99763
32.49871 86.60226 -37.99846
-0.0003977611 100 0.0005575403
0.0004999022 100 -0.0004952988
-32.49852 86.60244 37.99821
-32.49846 86.60249 37.99812
-56.28883 49.99999 65.81466
-56.28885 49.99998 65.81464
-64.9966 -5.737564E-06 75.99633
-64.99663 3.94391E-05 75.99631
-56.28828 -50.00072 65.81457
-56.28865 -49.99965 65.81508
-32.49837 -86.60242 37.99838
-32.49839 -86.60236 37.99849
0.0003191905 -100 -0.0005752179
-0.0004684742 -100 0.0003273553
-76.05032 -0.06176108 -64.93338
-75.99623 -0.0411474 -64.99669
-76.11944 4.896218E-06 -64.85237
-75.99625 -0.0824492 -64.99666
-75.94211 -0.06175977 -65.05992
-75.87272 4.917997E-06 -65.14085
-51.3818 -83.53971 19.51994
-3.524925 -99.89237 -3.014736
-20.03293 -96.46301 -17.13386
-35.98833 -86.50932 34.94248
-1.739774 -99.97379 -1.487838
-34.22922 -86.58015 36.49982
-74.33094 -48.23161 46.35325
-59.75308 -49.94621 62.72914
-58.01381 -49.98708 64.30933
-66.71956 0.0006548811 74.48827
-68.45179 -0.0002655966 72.8996
-82.731 0.0002478176 56.17456
-58.01369 49.98744 64.30915
-59.75326 49.94601 62.72914
-74.33132 48.23121 46.35305
-34.22949 86.58002 36.49989
-51.38187 83.5395 19.52062
-35.98834 86.50925 34.94265
-1.739847 99.97379 -1.488023
-3.524916 99.89237 -3.01474
-20.03334 96.46296 -17.13365
11.31541 83.53963 -53.78746
28.93853 86.50926 -40.97207
30.75022 86.57968 -39.47635
34.26449 48.23187 -80.62029
54.53431 49.9868 -67.28542
52.70335 49.94622 -68.75849
42.66441 0.0003043408 -90.44196
61.40191 -0.0002063089 -78.92912
63.2398 -0.0001075185 -77.46436
34.26467 -48.23176 -80.62029
54.53418 -49.98687 -67.28548
52.70337 -49.94627 -68.75846
28.93834 -86.50938 -40.97194
11.31523 -83.5395 -53.78772
30.75005 -86.57984 -39.47617
-20.03293 -96.46301 -17.13386
-1.739774 -99.97379 -1.487838
-3.524925 -99.89237 -3.014736
-50.94874 -41.71114 -75.26225
-75.49543 -11.45962 -64.5687
-66.60109 -48.16288 -56.96167
-71.77213 -9.924138 -68.92223
-69.04546 -5.727881 -72.11044
-39.49053 -24.08158 -88.65988
-68.04772 0.0002553092 -73.27693
-35.29617 -0.000256889 -93.56378
-69.04568 5.729829 -72.11008
-39.49044 24.0815 -88.65994
-71.77213 9.924447 -68.92219
-50.94909 41.71004 -75.26263
-75.49603 11.45909 -64.5681
-66.60106 48.16315 -56.96148
-82.2532 41.71083 -38.66026
-79.21961 9.924247 -60.2143
-81.94599 5.730521 -57.02645
-93.71154 24.08144 -25.26324
-97.90569 -0.0001874469 -20.35871
-82.94411 0.0007017417 -55.85942
-93.71158 -24.08163 -25.26293
-81.94563 -5.7298 -57.02704
-82.25321 -41.71073 -38.66037
-79.21944 -9.925044 -60.21439
-66.60109 -48.16288 -56.96167
6.089E-05 -100 -0.0002766443
-8.347837E-05 -100 0.0002782409
32.49802 -86.60278 -37.99787
32.49852 -86.60246 -37.99817
56.2886 -50.00019 -65.8147
56.28878 -50.00035 -65.81443
64.9968 -8.854367E-05 -75.99616
64.99673 -0.0001631832 -75.99621
56.28875 50.00005 -65.81467
56.28874 50.00042 -65.8144
32.49823 86.60242 -37.99849
32.49834 86.60275 -37.99763
0.0001384756 100 -0.0004010025
-0.000207222 100 0.000684213
-32.4981 86.60287 37.99758
-32.49841 86.60232 37.9986
-56.28876 50.00068 65.81419
-56.28852 50.00017 65.81478
-64.99677 0.000221127 75.99618
-64.99663 -0.0003769711 75.9963
-56.28885 -50 65.81463
-56.28848 -50.00056 65.81452
-32.49838 -86.60254 37.9981
-32.49816 -86.60268 37.998
-8.347837E-05 -100 0.0002782409
6.089E-05 -100 -0.0002766443
-4.941946 -99.82728 -3.176733
-3.562578 -99.81881 -4.849052
-33.13159 -86.31635 38.10229
-32.78475 -86.34638 38.3336
-55.92292 -50.18018 65.98921
-56.28859 -49.99982 65.81497
-58.38016 3.20756E-05 81.18964
-57.67047 -0.0002487456 81.69527
-55.92264 50.18039 65.9893
-56.28835 49.99996 65.81509
-32.49832 86.60254 37.99817
-32.49839 86.60251 37.99817
7.365785E-05 100 -0.0001574438
-8.446097E-05 100 2.424556E-05
32.4987 86.60256 -37.99778
32.49857 86.60268 -37.99764
56.51783 50.18036 -65.48027
56.28904 49.99999 -65.81447
71.25164 0.5304662 -70.16354
71.75963 0.8181118 -69.64113
57.85905 -49.67606 -64.68864
57.17278 -50.80303 -64.42302
32.10815 -86.9591 -37.51241
32.02612 -86.86642 -37.7962
-3.562578 -99.81881 -4.849052
-4.941946 -99.82728 -3.176733
75.99622 0.000415791 64.99671
75.99632 -4.907107E-06 64.9966
75.99629 0.0002206935 64.99665
75.99632 0.0001265987 64.9966
75.99625 0.0003487957 64.99668
75.99631 0.0003371565 64.99663
75.99628 -0.0001511896 64.99665
75.99628 -0.0001007366 64.99667
75.99639 -0.0005865982 64.99652
75.99631 -7.066126E-05 64.99662
75.99631 -0.0002386568 64.99663
75.99623 -0.0002511397 64.9967
75.99639 -0.0001726108 64.99653
75.99626 0.0001073578 64.99667
75.99641 -8.262964E-05 64.99651
75.99634 8.193296E-05 64.99658
75.99634 0.0002615731 64.99659
75.99628 0.0002249417 64.99665
75.99625 -0.0002506256 64.99668
75.99626 -0.0002299518 64.99668
75.99612 5.809754E-05 64.99684
75.99625 -0.000167058 64.9967
75.99628 -0.000123587 64.99667
75.99628 -8.010723E-05 64.99665
75.99609 0.0001572432 64.99686
75.99617 -4.907121E-06 64.99679
75.99614 0.0001454931 64.99681
75.99622 -0.0001319448 64.99673
75.99606 6.973641E-05 64.99691
75.9963 -9.230361E-05 64.99664
75.99625 -7.707712E-05 64.99668
75.99625 -0.0001213672 64.99668
75.99628 -4.907112E-06 64.99667
75.99632 0.0002497558 64.99662
75.99625 -7.426899E-05 64.9967
75.99622 0.0001233665 64.99671
75.99622 7.362007E-05 64.99673
75.99622 -5.422302E-05 64.99673
75.99617 0.0001097228 64.99678
75.99612 6.084749E-05 64.99684
75.99628 -0.0001007395 64.99665
75.99621 -7.066187E-05 64.99673
75.99625 -8.010806E-05 64.99668
75.99625 -4.907115E-06 64.9967
75.99633 -5.141523E-05 64.9966
75.99649 0.0003371489 64.9964
75.99626 0.0002418796 64.99668
75.99625 -0.0001013059 64.9967
75.99614 -0.000298566 64.99681
75.99629 -4.90711E-06 64.99664
75.99622 -8.01074E-05 64.99673
75.99632 -6.619048E-05 64.99662
75.99608 -0.0006472133 64.99689
75.99636 0.0001539289 64.99657
75.99622 0.0001591868 64.99673
75.99628 2.370305E-05 64.99667
75.99619 0.000205989 64.99676
75.99626 4.300791E-05 64.99667
75.99631 -2.134459E-05 64.99663
75.99628 -4.766703E-05 64.99665
75.99626 -0.0003108188 64.99667
75.99628 6.64012E-05 64.99665
75.99632 1.333705E-05 64.99662
75.99623 0.0002165833 64.99671
75.99629 -4.672398E-05 64.99664
75.99627 2.573429E-05 64.99667
75.99608 -8.010759E-05 64.99689
75.99625 0.0001731125 64.9967
75.99633 0.0001001374 64.9966
75.99647 0.0004226743 64.99643
75.99625 0.0003287208 64.9967
75.99634 0.0001878912 64.9966
-75.99724 0.002056997 -64.99553
-75.9966 4.907084E-06 -64.99629
-75.99702 4.907045E-06 -64.99578
-75.99658 4.907084E-06 -64.9963
-75.99754 -0.002047221 -64.99519
-75.99594 4.907141E-06 -64.99706
-75.99703 4.907045E-06 -64.99578
-75.99619 4.907119E-06 -64.99676
-75.99601 4.907135E-06 -64.99696
-75.99619 -0.002047219 -64.99676
-75.99656 4.907086E-06 -64.99632
-75.99617 4.907122E-06 -64.9968
-75.99663 0.002057072 -64.99624
-73.48054 67.11274 -9.823026
-72.15433 31.38157 -61.71668
-51.09629 74.01611 -43.71252
-21.09531 67.10915 -71.07285
-82.70923 28.75327 -48.29528
-89.65246 39.81707 19.4175
-60.53622 28.75017 -74.22124
5.278082 39.81663 -91.57935
-91.23855 16.87954 -37.29087
-93.58875 -3.843258 35.01966
-75.99622 4.907115E-06 -64.99671
-50.99072 16.8788 -84.35078
20.08245 -3.843133 -97.88731
-94.85818 -1.910673 -31.5955
-45.92401 -1.910551 -88.81068
-90.26687 -25.65413 -34.55078
-79.44185 -53.41515 28.91046
16.24053 -53.41509 -82.96429
-87.76375 -39.66645 26.90905
-48.13206 -25.65418 -83.81628
12.97227 -39.6667 -90.87505
-88.19486 -10.96689 -45.84096
-58.96465 -10.9667 -80.01814
-94.44639 -0.008661036 -32.86154
-91.37593 -0.01130517 40.62562
-94.463 -0.01306989 -32.81373
-91.35392 -0.02763511 40.67508
-75.99603 0.0002920215 -64.99695
-47.11247 -0.00834042 -88.20666
25.96303 -0.01146954 -96.57081
-47.06675 -0.01329405 -88.23106
26.01523 -0.02674898 -96.55676
-75.99631 -6.941573E-05 -64.99663
-75.99599 0.00075228 -64.99699
-75.9963 -0.0001222602 -64.99664
-75.99616 0.0003500785 -64.9968
-75.99599 -3.991477E-05 -64.99699
-47.0273 -0.01618428 -88.2521
26.07654 -0.02139963 -96.54021
-75.99607 4.90713E-06 -64.99691
-46.97108 -0.006738072 -88.28204
26.11521 -0.007956982 -96.52975
-94.47759 -0.0164252 -32.7717
-91.32861 -0.02231543 40.73185
-75.99623 4.907115E-06 -64.9967
-94.49857 -0.00661639 -32.71114
-91.31197 -0.007764737 40.76916
-46.12897 -33.6267 -82.1058
26.3573 -33.84637 -90.33115
-5.869907 -86.94447 -49.05307
-29.09321 -92.38213 -24.88228
-70.18517 -38.35103 -60.02701
-88.26604 -33.62684 -32.83809
-85.15076 -33.84673 40.04681
-49.36932 -86.94484 1.80759
0 -100 -7.54979E-06
-17.44545 -98.16476 -7.70301
0 -100 -7.54979E-06
0 -100 -7.54979E-06
-13.51455 -98.40609 -11.55846
-56.11044 -78.30685 -26.8264
0 -100 -7.54979E-06
0 -100 -7.54979E-06
-46.00551 -79.59473 -39.34683
-81.08762 -42.89795 -39.80657
0 -100 -7.54979E-06
0 -100 -7.54979E-06
0 -100 -7.54979E-06
0 -100 -7.54979E-06
0 -100 -7.54979E-06
0 -100 -7.54979E-06
0 -100 -7.54979E-06
-10.31522 -98.16475 -16.03992
-35.20401 -78.30657 -51.27142
-51.90079 -42.8976 -73.93311
-68.17337 -44.19 -58.3064
-72.85675 -28.4455 -62.3117
-54.9221 -27.59653 -78.87962
-72.85671 -28.44571 -62.31165
-86.44298 -27.59637 -42.02443
-54.92159 -27.59681 -78.87988
-86.44311 -27.59675 -42.02389
-54.10625 -28.83957 -78.9987
-86.43398 -28.83949 -41.20013
-72.26096 -30.96561 -61.80198
-71.60773 -33.49016 -61.24331
-47.17995 -28.44893 -83.45484
-89.76199 -28.44901 -33.66656
-46.21837 -31.45527 -82.91218
-89.0769 -31.4552 -32.80056
-45.75989 -36.73577 -80.97231
-87.08942 -36.73576 -32.64839
-70.03802 -38.81423 -59.90102
-45.26533 -41.69317 -78.82088
-84.88728 -41.69321 -32.49348
-68.32083 -43.79421 -58.43226
-44.80668 -47.27858 -75.87555
-81.90642 -47.27856 -32.49733
-66.01141 -49.54908 -56.45692
-44.93988 -50.7278 -73.53297
-79.61277 -50.72783 -32.99232
-64.55455 -52.76781 -55.21112
84.21234 0.7508675 -53.92326
94.77656 -31.50117 5.008089
83.90981 0.7058639 -54.39342
89.69395 40.90257 -16.79206
89.83401 40.82658 -16.21848
81.79867 50.41759 27.69554
72.18545 69.06631 4.371086
23.35278 95.16154 19.97323
56.39957 67.02496 48.23632
75.96585 2.822205 64.97095
82.19718 21.06201 52.91516
87.59879 12.42306 46.606
87.26276 12.27291 47.27143
77.81546 1.025395 62.7989
77.51083 0.9279417 63.17602
77.32819 -1.124714 63.39627
76.24883 -46.04934 -45.44861
76.87199 -1.892226 63.93056
83.30606 -51.62155 19.88257
59.88803 -76.34422 -24.18643
87.61256 -23.44408 42.12381
76.22218 -0.5121926 64.72956
78.01406 -62.26047 6.118856
93.73122 -34.8042 -1.768709
75.99524 0.5545247 64.99551
92.37855 -15.89703 34.83515
98.95702 -11.22921 -9.022923
75.98872 1.406256 64.99029
55.20102 -23.44429 80.02009
75.76736 -0.5119674 65.26136
32.0088 -50.95813 79.86681
74.24868 -1.733264 66.96365
26.44239 -28.73333 92.06082
59.40017 -11.82219 79.57296
73.78484 1.033338E-05 67.49664
74.43587 -2.614903E-05 66.77801
60.23233 12.27316 78.87608
59.62699 12.42335 79.3113
65.02287 21.06083 72.99636
40.04684 50.41832 76.51302
75.96585 2.822205 64.97095
56.39957 67.02496 48.23632
23.35278 95.16154 19.97323
15.51277 69.06792 70.6327
-2.679196 40.90222 91.2131
-2.091077 40.82568 91.26276
-39.69704 -6.929434E-06 91.78313
-40.72297 -6.895418E-06 91.33258
-2.66554 -39.28177 91.923
-14.54661 -75.71565 63.68309
18.14231 -62.26009 76.12186
12.78942 -34.80452 92.87129
48.74032 -15.89691 85.85843
6.431162 -11.22902 99.15922
75.98238 1.899831 64.98513
48.80132 -2.889313 87.23579
93.74827 -2.889342 34.68306
48.35487 8.75383 87.09292
12.06928 16.02931 97.96629
75.98352 1.82509 64.98595
75.9847 1.738025 64.98695
93.53812 8.753794 34.26355
98.65282 16.02912 -3.269567
53.85914 15.79066 82.7638
18.03491 35.57492 91.70151
35.63525 22.33363 90.72672
-4.571024 36.44422 93.01034
-10.0175 -0.0007943669 99.49699
75.98911 1.362138 64.99078
90.11528 15.79069 40.37189
93.38894 35.57508 3.594608
95.15555 22.3337 21.13354
91.17593 36.44442 -18.94078
96.73969 -0.0007242074 -25.32651
75.99344 0.8700058 64.99415
75.9063 0.8287484 65.09644
76.08094 0.8288127 64.89224
75.47729 0.5787081 65.59608
76.50752 0.5785131 64.39149
76.62666 -6.88115E-05 64.25229
75.35852 -4.962856E-06 65.73502
98.7701 -1.854732E-05 15.63543
89.58858 -41.06222 -16.96403
76.54183 -0.4877667 64.35145
30.76325 -5.510081E-05 95.15053
-2.864302 -41.06174 91.13577
35.3205 -26.15699 89.82358
75.44305 -0.4878866 65.63618
46.77882 -42.35419 77.5749
75.60631 -0.7832124 65.44518
12.93781 -69.24971 70.97246
75.98862 -1.421881 64.99005
58.59019 -63.68784 50.11038
28.66343 -92.61446 24.51471
72.12012 -69.24984 1.774037
83.89111 -42.35434 34.18177
76.37905 -0.7834341 64.54166
94.21449 -26.15766 20.96201
90.17918 30.20605 -30.90807
79.48442 23.63454 -55.88949
82.6256 -31.02808 -47.0135
69.48563 22.61498 -68.26647
96.90374 -20.73004 -13.41386
89.48508 44.27363 -5.680399
69.48198 -32.85164 -63.97675
64.35825 12.55044 -75.50166
62.41693 -27.19957 -73.24145
56.07783 -50.24508 -65.80814
64.82802 -49.88963 -57.51827
97.54136 -4.864681 21.49457
83.33924 54.51103 9.116922
89.81056 8.942312 43.05925
80.84132 53.16685 25.25795
82.27873 15.02435 54.81313
93.00658 -22.20145 29.27235
85.14624 -9.375649 51.59665
77.49722 -1.367588 63.18475
69.91551 -17.70642 69.26979
76.34279 -26.71326 58.8063
39.87756 -55.29292 73.1606
37.05166 -68.03082 63.2375
84.84096 -38.48538 36.34403
43.97572 -76.20454 47.52897
92.32855 -37.8258 -6.681863
84.59505 -53.31714 0.9793396
70.79883 -62.33897 -33.18703
46.17634 -86.28913 20.541
35.24516 -93.49039 -4.162405
24.86547 -95.51213 -16.09788
77.99294 -47.47359 -40.78431
57.25617 -65.21855 -49.6817
24.70968 -92.41283 -29.14277
46.19468 -70.14439 -54.27536
-21.45561 62.94864 74.68016
1.873252 93.70837 34.86016
27.93332 86.41028 41.86877
-11.51613 95.74934 26.44699
14.38388 53.77943 83.07152
54.19594 76.13664 35.58106
-39.83838 65.85177 63.84706
-24.44571 92.73531 28.32968
-46.06306 70.75066 53.59607
-56.03432 50.98228 65.27604
-46.48954 50.61919 72.63897
49.27539 38.72029 77.92737
68.59576 67.82288 26.35675
70.08394 26.75506 66.1242
78.76619 55.03978 27.68592
79.37392 17.64653 58.20981
43.46557 22.52687 87.19682
64.22952 9.512206 76.05319
74.44778 1.386952 66.75031
66.83049 -14.92225 72.87669
7.928854 38.37904 92.00099
56.41614 -8.724321 82.10423
37.19975 -52.87843 76.28926
21.63062 -54.10625 81.26887
36.38842 5.261069 92.99571
8.022338 -43.74105 89.56765
1.89407 21.35546 97.67474
-33.45757 31.78908 88.71327
-16.71602 -29.50477 94.07466
-43.01479 -22.8306 87.34123
-56.78785 -21.78394 79.37631
-27.93131 48.16791 83.06439
-52.24289 33.6532 78.34631
-64.67228 -11.70862 75.36845
-62.52165 28.01778 72.84262
-56.49197 23.7152 79.0332
-42.70766 24.70237 86.98189
-33.85599 -30.00941 89.18076
-16.3237 31.13879 93.61577
-52.66523 -31.78466 78.8423
-64.50957 13.67833 75.17593
-62.87231 -26.1027 73.2511
-56.68295 -49.2591 66.03473
-47.13302 -48.91016 73.39125
1.626621 -19.89657 97.98714
7.441005 -37.08347 92.5713
8.594882 44.98276 88.89703
36.32605 -4.326036 93.06827
22.33444 55.04685 80.44263
56.53217 9.236637 81.96828
37.88734 53.53906 75.48588
67.02392 15.15565 72.65054
43.18038 -21.76732 87.53078
64.10824 -9.190877 76.19489
74.42901 -1.338887 66.77223
79.1433 -17.78582 58.48077
48.77782 -38.16876 78.51031
69.73804 -26.65812 66.52781
78.04962 -55.62801 28.52687
67.71581 -68.29926 27.38215
53.21004 -76.28514 36.7324
13.69534 -52.70001 83.87578
-22.26129 -61.52632 75.62373
26.81618 -86.11991 43.17699
0.6652904 -93.18828 36.26986
-12.75092 -95.18359 27.88365
-28.54309 -46.54176 83.78041
-40.68048 -64.36208 64.82763
-25.63878 -91.97142 29.73065
-46.96804 -69.3298 54.65695
12.38443 -92.80971 35.11386
-25.98224 -69.1278 67.42603
-7.181284 -55.42464 82.92489
-38.25948 -72.15034 57.71082
36.8178 -73.57748 56.84015
3.471775 -31.37617 94.88669
54.15411 -43.02365 72.22394
6.522658 -13.04915 98.93015
-3.999988 -97.4814 21.9403
-39.86989 -79.12306 46.36737
-16.62773 -96.72469 19.17947
-0.4871423 -99.99827 0.3290637
8.664177 -99.28989 8.151771
49.74527 -75.28008 43.1082
59.66858 -17.56619 78.30128
18.39129 -1.76284 98.27844
62.28215 -2.563307 78.1944
75.95737 -2.719971 64.98524
68.01055 -44.18742 58.4982
74.59299 -18.65796 63.93564
86.88644 -2.77845 49.42697
86.47596 -17.80066 46.95792
99.9259 -2.476053 2.946619
98.64559 -13.85467 -8.780433
79.42975 -43.2454 42.67027
94.04241 -32.16748 -11.0126
61.31607 -73.79205 28.19705
35.92256 -93.01575 7.592019
80.39563 -56.19157 -19.46921
62.06538 -69.89998 -35.52299
50.54157 -72.92857 -46.11912
24.55026 -94.47904 21.7024
20.33276 -97.69439 -6.510411
39.03421 -79.81645 -45.88752
15.65366 -97.00713 -18.56286
82.68192 30.77534 -47.08055
79.4401 -23.90283 -55.83838
90.12258 -30.44066 -30.84295
69.44301 -22.89244 -68.21735
96.94185 20.52164 -13.45887
92.39842 37.64029 -6.763186
89.40202 -44.45314 -5.585515
97.55065 4.727462 21.48304
83.23592 -54.64942 9.231658
69.42557 32.6782 -64.12663
64.71606 49.66338 -57.83926
64.33374 -12.83421 -75.47485
60.06237 37.09734 -70.82584
55.91925 49.89226 -66.21027
50.8624 61.66658 -60.08535
78.07997 47.24149 -40.88718
70.91286 62.13805 -33.32008
57.31725 64.9429 -49.97152
24.88062 92.30368 -29.34255
25.04263 95.43064 -16.30517
35.41792 93.4159 -4.363343
46.33328 86.24924 20.35427
84.69263 53.16404 0.8633123
44.11541 76.22659 47.3639
84.91197 38.40778 36.26016
37.17777 68.09694 63.09217
93.04749 22.09311 29.22433
76.38992 26.70227 58.75006
39.97998 55.3761 73.04169
69.9479 17.72665 69.2319
85.16354 9.330035 51.57637
77.49945 1.360742 63.18215
82.25037 -15.0567 54.8468
89.79404 -9.019664 43.07755
80.7442 -53.25836 25.37557
36.09582 92.96473 7.39275
62.19567 69.7082 -35.67163
80.49953 56.00011 -19.59116
50.67481 72.7373 -46.27472
61.45142 73.74004 28.03801
94.10127 31.97059 -11.08298
79.51025 43.1903 42.57603
98.6711 13.65396 -8.808166
20.34539 97.67613 -6.74083
8.625229 99.32576 7.745911
39.18129 79.64172 -46.06541
9.234474 98.92719 -11.31966
-0.7100295 99.99733 0.1759271
-10.57591 98.72613 11.88702
49.88376 75.28076 42.94668
86.50665 17.74259 46.92334
99.93021 2.297807 2.945472
86.89111 2.724812 49.42175
68.09238 44.18718 58.4031
74.62724 18.65808 63.89565
75.9623 2.720136 64.97946
59.7037 17.62602 78.26105
62.28824 2.617154 78.18777
18.40254 1.941306 98.27298
6.552985 13.25148 98.90125
54.23473 43.07977 72.12993
3.528819 31.57532 94.8185
36.95492 73.63316 56.67884
12.55553 92.86216 34.91386
-7.07545 55.61845 82.80414
-25.85347 69.3212 67.27682
-38.124 72.34799 57.55285
24.72386 94.48033 21.4988
-3.865037 97.57071 21.56427
-39.72343 79.297 46.19561
-75.99577 -0.0001485765 -64.99725
-75.99599 4.907136E-06 -64.99699
-75.99586 4.907147E-06 -64.99714
-75.9963 -0.0003145602 -64.99664
-75.99647 -0.000527033 -64.99644
-75.99657 -0.0007612846 -64.99632
-75.93192 -0.1835548 -65.07157
-75.7815 -0.3083195 -65.24623
-75.95524 -0.2369363 -65.04418
-57.33001 -72.74078 -37.71006
-75.92917 -0.4534798 -65.07346
-61.59415 -67.52468 -40.57803
-75.91263 -0.4731249 -65.09262
-75.99877 -0.4191666 -64.9924
-75.81438 -0.4291616 -65.20733
-75.72875 -0.3982212 -65.30695
-75.66214 -0.2845253 -65.38469
-75.65472 -0.2785884 -65.39331
-52.0255 -67.18356 -52.72301
-75.59476 5.611957E-05 -65.46322
-75.59459 0.0001032271 -65.46342
-75.65494 0.2787215 -65.39306
-75.66833 0.3040995 -65.37745
-75.82304 0.4570203 -65.19707
-75.84358 0.4529243 -65.17319
-75.99532 0.4864148 -64.99596
-75.99542 0.4621937 -64.99602
-76.14678 0.4529411 -64.8187
-76.16728 0.457079 -64.79456
-76.32146 0.3044462 -64.61379
-76.33488 0.2786784 -64.59805
-76.3947 4.871722E-06 -64.52791
-76.39448 4.871741E-06 -64.52816
-76.33517 -0.2783893 -64.59772
-76.3279 -0.2846576 -64.60628
-76.26159 -0.3980835 -64.68395
-76.2095 -0.3083678 -64.74579
-76.17595 -0.4292158 -64.78457
-76.05995 -0.1838129 -64.92188
-76.07848 -0.4731091 -64.8987
-75.99596 4.907139E-06 -64.99702
-76.08366 -0.2136743 -64.89398
-76.06065 -0.4528238 -64.91972
-76.03692 0.001493749 -64.94911
-75.996 -5.303674E-05 -64.99698
-75.99567 4.907165E-06 -64.99736
-75.99631 -0.0002064626 -64.99663
-75.99608 0.0001917613 -64.99689
-75.99622 0.0001341953 -64.99673
-75.99625 0.000346128 -64.99668
-75.99619 0.000156288 -64.99677
-75.99626 -9.000936E-05 -64.99667
-75.99617 4.907122E-06 -64.9968
-75.99619 -5.973819E-05 -64.99676
-75.99617 0.0001648612 -64.9968
-75.99634 -0.0002413919 -64.99658
-75.99626 7.716245E-05 -64.99667
-75.99628 5.865935E-05 -64.99665
-75.99635 -0.0001604937 -64.99657
-75.99627 -0.0001353408 -64.99667
-75.99632 -0.0002190369 -64.9966
-75.99625 0.0001900776 -64.9967
-75.99638 -9.945691E-05 -64.99656
-75.99632 -1.775734E-05 -64.9966
-75.99638 0.0003394908 -64.99654
-75.99631 0.0001002156 -64.99662
-75.99648 -6.50065E-05 -64.99644
-75.99625 4.907113E-06 -64.99668
-75.99642 5.717314E-05 -64.99649
-75.99618 4.90712E-06 -64.99677
-75.99606 -5.973846E-05 -64.99693
-75.99587 -0.0001657022 -64.99714
-75.99632 3.557007E-05 -64.9966
-75.99614 4.907123E-06 -64.99681
-75.99631 8.059672E-05 -64.99662
-75.99619 -5.985035E-06 -64.99676
-75.9963 -0.0001883662 -64.99664
-75.99631 -0.000336319 -64.99663
-75.99609 4.907128E-06 -64.99688
-75.99623 -0.000362412 -64.9967
-75.99599 -0.0001657022 -64.99699
-75.99619 0.0001308791 -64.99676
-75.9963 4.90711E-06 -64.99664
-75.99623 -7.078366E-05 -64.99671
-75.99644 4.907097E-06 -64.99647
-75.99622 -5.429188E-05 -64.99671
-75.99631 4.907109E-06 -64.99663
-75.99631 -0.0002187303 -64.99663
-75.99632 8.059791E-05 -64.9966
-75.99625 -0.000273445 -64.9967
-75.99622 -0.0001210647 -64.99671
-75.9962 -6.229194E-06 -64.99676
-75.99625 0.0001451552 -64.9967
-75.99618 -0.0002394609 -64.99677
-75.9963 -0.0002394612 -64.99664
-75.99631 0.0001451539 -64.99662
-75.99606 -4.35769E-05 -64.99693
-75.99615 -0.0001857146 -64.99681
-75.99614 -0.0001011456 -64.99683
-75.99614 -6.500677E-05 -64.99682
-75.99603 -0.0001230487 -64.99695
-75.99614 0.0001328622 -64.99682
-75.99609 4.907127E-06 -64.99686
-75.99611 -9.040119E-05 -64.99685
-75.99617 4.907121E-06 -64.99679
-75.99615 -4.811966E-05 -64.99682
-75.99619 -5.429161E-05 -64.99676
-75.99628 -7.078346E-05 -64.99666
-75.99614 -5.97383E-05 -64.99682
-75.99609 -9.001105E-05 -64.99686
-75.99628 4.907112E-06 -64.99667
-75.99633 4.907107E-06 -64.9966
-75.9962 -4.357595E-05 -64.99676
-75.99616 -0.0001230482 -64.9968
-75.99632 -0.0001702031 -64.99661
-75.99632 -1.125422E-05 -64.9966
-75.99625 -0.0001846255 -64.9967
-75.99631 -5.973821E-05 -64.99663
-75.99625 -7.078359E-05 -64.9967
-75.9963 4.90711E-06 -64.99664
75.99647 -7.606743E-05 64.99644
75.99638 0.0001802078 64.99654
75.99633 9.881534E-05 64.9966
75.99621 0.0002473695 64.99673
75.99634 -0.00010863 64.99659
75.99608 0.0001593096 64.99689
75.99638 -0.0001188585 64.99654
75.99614 0.0008963316 64.99682
75.99626 -7.711072E-05 64.99667
75.99625 0.0006688503 64.9967
75.99642 0.0003876282 64.99649
75.99627 0.0004081049 64.99667
75.99647 -0.0002901102 64.99644
75.99626 0.0002898618 64.99668
75.99617 -0.0001177949 64.99679
75.99626 0.0002941543 64.99667
75.99628 -0.0005580456 64.99667
75.99638 9.859187E-05 64.99654
75.99635 -0.0006307862 64.99657
75.99631 8.33561E-05 64.99663
75.99625 5.822636E-05 64.9967
75.99626 0.0001593077 64.99667
75.99628 -7.711025E-05 64.99665
75.9962 -4.907119E-06 64.99676
54.22827 83.39069 -10.26106
76.48158 63.82474 8.773293
53.73725 70.7107 45.95981
29.08345 92.38744 24.87397
70.21184 38.26704 60.0494
91.35185 34.5407 21.48904
75.99583 0.0007548521 64.99717
27.97698 90.26163 -32.71278
0.0002500273 100 -0.0002603711
80.52135 26.81888 -52.88722
96.57343 0.0005060969 25.95326
70.21148 -38.26749 60.04954
91.35159 -34.54125 21.48926
53.73743 -70.71059 45.95978
88.96265 3.447903E-06 -45.66887
76.48168 -63.82463 8.77316
29.08315 -92.38832 24.87102
1.727959 83.39116 -55.16275
-29.08229 92.38791 -24.87354
71.17007 35.04008 -60.88525
86.76955 14.51332 -47.54375
86.7697 -14.51362 -47.54339
54.22781 -83.39079 -10.26256
0.0002713066 -100 -0.0008558061
-20.52557 63.8242 -74.19685
-53.73711 70.71073 -45.95992
67.39977 3.252468 -73.80172
68.42463 1.764111E-05 -72.92509
80.52163 -26.81881 -52.88684
27.97721 -90.26201 -32.71155
-29.08251 -92.38811 -24.87255
71.17001 -35.04047 -60.88511
67.39957 -3.252023 -73.8019
1.727677 -83.39153 -55.16222
-53.73676 -70.71067 -45.96041
68.15884 1.75816 -73.15245
64.99681 7.293223E-05 -75.99614
68.1581 -1.757652 -73.15314
60.14067 -37.92646 -70.31844
-20.52566 -63.82426 -74.19677
-70.21136 -38.26973 -60.04825
66.26595 -4.250662 -74.77135
64.92745 -4.600482 -75.91615
66.26573 4.250657 -74.77155
63.59012 -4.251213 -77.05987
64.92753 4.600334 -75.91608
49.11064 -35.04109 -79.75128
-35.39649 -34.54246 -86.91322
-75.99574 0.0009070924 -64.99729
60.1403 37.92587 -70.31908
62.45631 -3.25397 -78.02962
39.76036 -26.81745 -87.74928
63.59027 4.250707 -77.05976
49.11118 35.04061 -79.75117
33.51202 -14.51375 -93.09293
31.31748 7.901774E-05 -94.96954
61.69741 -1.759464 -78.67868
62.45645 3.253695 -78.02951
39.76005 26.81746 -87.74942
61.43165 2.168649E-05 -78.90598
61.69794 1.75948 -78.67825
33.512 14.51388 -93.09293
-35.39647 34.54169 -86.91353
-70.21133 38.26908 -60.0487
-40.61708 0.0004223591 -91.37971
-53.73862 -70.71078 -45.95809
-76.48154 -63.82496 -8.772083
-54.22653 -83.39194 10.26
-70.21213 -38.26844 -60.04817
-29.08345 -92.38773 -24.87292
-91.3513 -34.5417 -21.48979
-75.99657 4.907086E-06 -64.99632
-27.97638 -90.26257 32.7107
0.0002156923 -100 -0.000286112
-96.57275 0.0001037674 -25.95582
-88.96415 -3.447686E-06 45.66598
-70.21201 38.26861 -60.04821
-91.3513 34.54177 -21.48969
-53.7385 70.71101 -45.95789
-1.72508 -83.39124 55.16271
29.08283 -92.38769 24.87375
-76.48174 63.82474 -8.771868
-29.08338 92.38771 -24.87303
20.52745 -63.82497 74.19566
53.7371 -70.71088 45.95971
-54.22684 83.39185 10.25915
8.26983E-05 100 -0.0003053496
35.39703 -34.54167 86.91331
70.21224 -38.26791 60.04837
-27.9764 90.26262 32.71056
29.08283 92.38751 24.87442
40.61857 -0.0001554975 91.37905
75.99598 -0.0004865798 64.99701
35.3973 34.54195 86.91309
70.21203 38.26836 60.04834
-31.31742 1.861466E-05 94.96957
-33.51261 -14.51487 93.09254
-1.725617 83.39135 55.16254
53.7373 70.70988 45.96101
20.52793 63.8252 74.19533
-39.75901 26.81909 87.7494
-33.51259 14.51429 93.09264
-49.10945 35.0416 79.75178
-39.75858 -26.81897 87.74963
-49.10897 -35.0417 79.75204
-61.43264 0.0001491827 78.90521
-62.45635 3.252224 78.02965
-62.45584 -3.252409 78.03005
-60.14043 37.92778 70.31792
-60.14056 -37.92733 70.31806
-71.17071 -35.04221 60.88329
-64.92841 -4.60007 75.91535
-61.69844 -1.759204 78.67786
-64.99676 -0.000140114 75.99619
-63.59168 -4.249792 77.05866
-71.17112 35.04186 60.883
-80.5219 -26.81775 52.88699
-66.26595 -4.248911 74.77145
-67.39967 -3.25396 73.80173
-86.76994 -14.51425 47.54276
-68.15662 -1.763623 73.1544
-68.42293 -0.0004634352 72.9267
-68.15641 1.762609 73.15461
-86.77013 14.51459 47.54231
-67.39989 3.253722 73.80154
-80.52168 26.81793 52.88723
-66.26629 4.248919 74.77116
-64.92834 4.59976 75.91544
-63.59119 4.249562 77.05908
-61.69937 1.759542 78.67714
4
75.99627 -4.907112E-06 64.99667 -1
75.99643 -4.907099E-06 64.99649 -1
75.99606 -4.90713E-06 64.99691 -1
75.99626 -4.907112E-06 64.99667 -1
75.99617 -4.907122E-06 64.9968 -1
75.99628 -4.907111E-06 64.99665 -1
75.99636 -4.907105E-06 64.99657 -1
75.99632 -4.907107E-06 64.9966 -1
75.9962 -4.907119E-06 64.99676 -1
75.99632 -4.907107E-06 64.9966 -1
75.99622 -4.907115E-06 64.9967 -1
75.99622 -4.907116E-06 64.99673 -1
75.99625 -4.907115E-06 64.9967 -1
75.99625 -4.907115E-06 64.9967 -1
75.99621 -4.907117E-06 64.99673 -1
75.99614 -4.907124E-06 64.99682 -1
75.99621 -4.907118E-06 64.99675 -1
75.99622 -4.907116E-06 64.99672 -1
75.99625 -4.907115E-06 64.9967 -1
75.99619 -4.907119E-06 64.99676 -1
75.9962 -4.907119E-06 64.99676 -1
75.99622 -4.907115E-06 64.99671 -1
75.99623 -4.907115E-06 64.99671 -1
75.99622 -4.907115E-06 64.99671 -1
75.99615 -4.907122E-06 64.9968 -1
75.99626 -4.907112E-06 64.99667 -1
75.99625 -4.907115E-06 64.9967 -1
75.99622 -4.907116E-06 64.99672 -1
75.99625 -4.907115E-06 64.9967 -1
75.99625 -4.907115E-06 64.9967 -1
75.99628 -4.907112E-06 64.99667 -1
75.99625 -4.907113E-06 64.99668 -1
75.99622 -4.907116E-06 64.99672 -1
75.99622 -4.907115E-06 64.9967 -1
75.99623 -4.907115E-06 64.9967 -1
75.9963 -4.90711E-06 64.99664 -1
75.99614 -4.907124E-06 64.99683 -1
75.99622 -4.907115E-06 64.99671 -1
75.99622 -4.907116E-06 64.99673 -1
75.99631 -4.907109E-06 64.99663 -1
75.99617 -4.907121E-06 64.99679 -1
75.9963 -4.90711E-06 64.99664 -1
75.99633 -4.907107E-06 64.9966 -1
75.99638 -4.907103E-06 64.99654 -1
75.99606 -4.907131E-06 64.99693 -1
75.99619 -4.907118E-06 64.99675 -1
75.99617 -4.907121E-06 64.99679 -1
75.99609 -4.907127E-06 64.99687 -1
75.99638 -4.907103E-06 64.99654 -1
-1.682057 -99.96648 1.968167 -1
-1.744545 -99.96397 2.040319 -1
0 -100 -7.54979E-06 -1
0 -100 -7.54979E-06 -1
-63.57515 -21.71081 74.07323 -1
-65.06965 -5.732841E-06 75.93378 -1
-65.04304 -0.7728163 75.95267 -1
-64.66068 -9.34104 75.70827 -1
-64.98447 0.2312554 76.00636 -1
-64.41721 13.51877 75.28391 -1
-64.56557 11.77222 75.45 -1
-64.94609 0.5415954 76.03757 -1
-64.95768 0.3391744 76.02884 -1
-64.9419 -5.741093E-06 76.04308 -1
28.69532 -89.6937 -33.63954 -1
28.70587 -89.69439 -33.62869 -1
54.89151 -53.46125 -64.25585 -1
54.88956 -53.46105 -64.2577 -1
60.45911 -36.55628 -70.76958 -1
60.34237 -37.02035 -70.62785 -1
63.27353 -22.6211 -74.05907 -1
63.29429 -22.4832 -74.08332 -1
64.94625 5.740812E-06 -76.03935 -1
64.95357 5.740341E-06 -76.03312 -1
62.89801 -25.20799 -73.54181 -1
56.73699 -48.78739 -66.33781 -1
56.73701 -48.78651 -66.33843 -1
62.89801 -25.20696 -73.54216 -1
64.99681 5.737549E-06 -75.99614 -1
64.99676 5.737552E-06 -75.99619 -1
-75.99619 4.907119E-06 -64.99676 -1
-75.99561 4.907171E-06 -64.99744 -1
-75.99591 4.907143E-06 -64.99709 -1
-75.99623 4.907115E-06 -64.9967 -1
-75.99611 4.907127E-06 -64.99686 -1
-75.99628 4.907111E-06 -64.99665 -1
1.682572 -99.96649 -1.967008 -1
0 -100 -7.54979E-06 -1
0 -100 -7.54979E-06 -1
1.744605 -99.96397 -2.039527 -1
-56.63663 -53.44771 62.73464 -1
-30.64804 -89.66594 31.94866 -1
-30.62749 -89.66595 31.96831 -1
-56.62757 -53.4476 62.74293 -1
-62.19543 -36.54842 69.25275 -1
-62.08333 -37.01059 69.1077 -1
-65.0173 -22.6159 72.53462 -1
-65.02702 -22.47928 72.56838 -1
-66.73782 -5.622472E-06 74.47189 -1
-66.7265 -5.623237E-06 74.48203 -1
75.59824 -0.6006747 65.45645 -1
75.57832 -0.8731857 65.47636 -1
75.57539 -1.500111 65.4684 -1
75.44452 -0.9632952 65.62923 -1
75.18433 -0.7447165 65.92997 -1
75.45525 -0.6904802 65.62034 -1
73.59155 -1.232489 67.69612 -1
73.23945 -1.401645 68.07362 -1
72.43909 -1.085506 68.93039 -1
73.65639 -1.986646 67.6076 -1
72.20129 -0.9476171 69.18146 -1
73.21645 -1.712767 68.09126 -1
72.61212 -1.178139 68.74658 -1
72.84692 -1.259565 68.49628 -1
73.84225 -0.8165885 67.42888 -1
73.32826 -1.280624 67.98033 -1
73.9831 -1.06313 67.27088 -1
75.28503 -4.969209E-06 65.81918 -1
73.79647 -1.273076 67.47191 -1
73.6781 -1.079701 67.60453 -1
74.11027 0.176598 67.13893 -1
73.51803 -0.9231403 67.78088 -1
74.78743 0.4092509 66.38278 -1
74.23743 -5.058249E-06 66.99854 -1
75.47576 0.5364444 65.59818 -1
75.65655 0.5348827 65.38962 -1
74.58419 1.034737 66.60425 -1
74.47635 1.080565 66.72409 -1
74.36062 1.233411 66.85041 -1
74.32209 1.385075 66.89028 -1
74.57816 0.7399775 66.61495 -1
74.65508 0.5434477 66.53062 -1
66.69788 -0.6863193 74.50451 -1
51.25769 -13.75383 84.75542 -1
60.68936 -0.4631092 79.47696 -1
63.9381 -3.05848 76.82816 -1
74.3875 0.5259337 66.8298 -1
27.85476 -16.3978 94.63205 -1
74.75151 1.025634 66.41657 -1
61.66195 -1.440537 78.71295 -1
74.82478 1.03166 66.33391 -1
12.56016 -8.589341 98.83555 -1
74.94831 0.9916947 66.19492 -1
60.67041 1.336845 79.48154 -1
74.87105 1.11652 66.28031 -1
7.571849 6.24741 99.51702 -1
57.27972 4.875835 81.82456 -1
-0.140748 25.58901 96.67048 -1
7.552296 -19.15335 -97.85761 -1
-0.8330165 -25.10669 -96.79339 -1
13.41654 -12.64057 -98.28638 -1
-12.09543 -23.62919 -96.41245 -1
24.27358 -9.051201 -96.58608 -1
-8.991714 -12.47078 -98.81108 -1
63.64541 0.8200926 -77.12709 -1
40.80781 -2.024535 -91.27225 -1
-6.964467 1.712251 -99.74249 -1
63.98988 2.325011 -76.81074 -1
46.52869 -0.3758996 -88.51519 -1
14.03171 9.488745 -98.55494 -1
90.53607 13.34647 -40.31242 -1
93.7819 14.75454 -31.42067 -1
64.4026 2.637713 -76.45489 -1
83.13322 6.803704 -55.15956 -1
64.98029 2.801044 -75.95866 -1
95.97141 27.7042 -4.686797 -1
94.60117 27.32907 -17.42819 -1
94.23718 20.0716 -26.76719 -1
98.27626 17.03709 -7.17725 -1
99.61791 2.9396 -8.223748 -1
80.19418 5.383242 -59.4972 -1
95.95193 -5.289845 -27.66306 -1
64.9847 2.659995 -75.95994 -1
75.02318 6.46883 -65.80029 -1
64.99131 2.350999 -75.96448 -1
53.85222 -1.759222 -84.24277 -1
77.5854 5.95658 -62.80945 -1
94.15204 -11.86115 -31.53897 -1
98.73374 -10.05211 -12.27203 -1
50.80714 -1.605463 -86.11654 -1
18.88906 15.51121 -96.96703 -1
-1.527189 14.36114 -98.95163 -1
64.08452 -3.751272 -76.67529 -1
45.49179 -1.086778 -89.0467 -1
-13.62646 -2.193045 -99.04297 -1
63.72344 -3.49608 -76.98767 -1
42.67839 -2.486276 -90.40118 -1
1.541842 -19.49387 -98.06942 -1
63.36205 -2.929444 -77.30892 -1
46.23724 -4.062839 -88.57545 -1
31.15841 -18.53692 -93.19623 -1
64.98187 2.137341 -75.97887 -1
63.15706 -2.335982 -77.49663 -1
63.42683 -1.771612 -77.29099 -1
66.05226 7.931632 -74.66048 -1
54.07577 -3.169649 -84.0581 -1
65.71442 8.301146 -74.91799 -1
81.11563 5.520966 -58.22176 -1
99.73408 7.037283 -1.895137 -1
66.43374 7.299555 -74.38598 -1
82.51019 7.004441 -56.06253 -1
95.41802 23.66825 -18.30888 -1
66.63197 6.717793 -74.26339 -1
79.75767 8.486528 -59.7218 -1
85.47858 21.5584 -47.20855 -1
66.36522 6.150921 -74.55082 -1
73.89436 7.216648 -66.98913 -1
65.73785 5.102992 -75.18307 -1
64.60045 1.882698 -76.31014 -1
63.96436 1.210333 -76.85764 -1
64.95271 1.943442 -76.009 -1
64.09376 -0.9584981 -76.75332 -1
-79.02147 1.474899 -61.26525 -1
-78.7664 0.8723615 -61.60432 -1
-79.06456 1.062434 -61.2182 -1
-78.93992 1.188871 -61.37651 -1
-77.87437 -0.993466 -62.72636 -1
-77.20002 -1.60236 -63.54203 -1
-78.28182 -1.298359 -62.21149 -1
-78.61111 -1.122375 -61.79832 -1
-78.63657 -1.230471 -61.76387 -1
-77.36112 -0.1014437 -63.36597 -1
-77.26369 0.4135543 -63.48347 -1
-77.24987 0.5268861 -63.49945 -1
-76.75985 0.897695 -64.08681 -1
-76.71602 0.9122103 -64.13907 -1
-76.50989 0.9161267 -64.38477 -1
-76.46297 0.9047835 -64.44063 -1
-76.31789 0.8665015 -64.61291 -1
-76.36062 0.9078566 -64.56184 -1
-76.62262 1.396071 -64.24192 -1
-76.30085 0.7987592 -64.6339 -1
-76.22248 0.5998572 -64.72845 -1
-76.19783 0.5440773 -64.75797 -1
-76.2542 0.58425 -64.69123 -1
-76.19208 0.5290486 -64.76487 -1
-76.40257 0.5626595 -64.51614 -1
-76.33145 0.5616261 -64.60026 -1
-76.55455 0.4589209 -64.33653 -1
-76.56026 0.4543243 -64.32977 -1
-76.76208 0.1391038 -64.09027 -1
-76.83347 4.832229E-06 -64.00482 -1
-76.84419 -0.745166 -63.98761 -1
-76.84601 -0.5435192 -63.98746 -1
-52.45874 -54.79182 65.16085 -1
-45.75228 -63.33919 62.40894 -1
-44.65659 -68.9193 57.06065 -1
-53.53118 -37.41666 75.72588 -1
-54.73039 -28.36054 78.74176 -1
-43.76554 -18.65276 87.95824 -1
-57.38874 -43.64957 69.29103 -1
-51.00708 -7.868358 85.65259 -1
-44.84951 -1.426299 89.36714 -1
-28.77665 -9.91541 95.25539 -1
-27.98414 -27.29438 92.04295 -1
-13.78349 -29.19055 94.64632 -1
-40.41741 -33.92962 84.94241 -1
-15.5142 -43.87 88.51403 -1
-2.094683 -50.53318 86.26708 -1
-26.38911 -40.28137 87.64147 -1
-4.786922 -59.10865 80.51865 -1
3.09735 -70.60489 70.74854 -1
-15.14225 -52.31581 83.86756 -1
0.9752873 -74.53946 66.65523 -1
5.431605 -85.46951 51.62809 -1
-5.804576 -65.12704 75.66225 -1
3.751484 -86.67247 49.7374 -1
1.062956 -95.0268 31.12517 -1
-0.8713967 -78.00797 62.56195 -1
0 -95.53152 29.55887 -1
-4.382765 -99.82949 3.855485 -1
1.4327 -88.4314 46.66726 -1
-0.6605145 -95.63931 29.20079 -1
-2.831606 -96.39884 26.44323 -1
-3.039258 -91.2739 40.74113 -1
-6.611641 -84.39484 53.23343 -1
-11.61428 -76.52266 63.31974 -1
-19.51235 -69.02544 69.67608 -1
-27.95692 -62.10218 73.22384 -1
-37.35666 -58.62508 71.88589 -1
-2.163612 -97.23512 23.25186 -1
-4.21028 -95.20573 30.30085 -1
-7.004494 -92.88374 36.38058 -1
-11.66176 -90.65342 40.57043 -1
-16.92698 -88.52361 43.32491 -1
-22.51144 -87.52 42.81922 -1
-2.727237 -98.67366 16.00222 -1
-4.340833 -99.90017 1.055902 -1
-2.677694 -99.96266 -0.5431186 -1
-4.34968 -99.85419 3.196871 -1
-3.592724 -99.93544 -7.544916E-06 -1
-3.157966 -99.93925 1.473972 -1
-1.863283 -95.37887 -29.98999 -1
-4.512849 -97.66842 -20.98842 -1
-6.628601 -99.30009 -9.77522 -1
-7.90309 -97.66873 -19.95897 -1
-9.121597 -96.6119 -24.14405 -1
-7.848125 -92.71992 -36.62544 -1
-9.172976 -87.30223 -47.89756 -1
-6.60163 -85.55687 -51.34627 -1
-6.926961 -72.00056 -69.05025 -1
-1.726048 -76.20128 -64.73318 -1
-2.582178 -52.45671 -85.09775 -1
-0.7738332 -92.68701 -37.53024 -1
5.46223 -89.94448 -43.36074 -1
7.544004 -66.83384 -74.0022 -1
7.31119 -32.21178 -94.38723 -1
17.13566 -57.51966 -79.98662 -1
21.39007 -12.40632 -96.89452 -1
11.26788 -87.12084 -47.78067 -1
19.13386 -85.87627 -47.53065 -1
30.73721 -52.72781 -79.21491 -1
39.38575 -1.684197 -91.90172 -1
-1.920286 -99.97712 -0.9431003 -1
45.28296 -53.27399 -71.4936 -1
55.754 6.267459E-06 -83.015 -1
60.98512 5.98333E-06 -79.2516 -1
-1.685503 -99.97748 -1.29014 -1
-1.651868 -99.97651 -1.403618 -1
27.02635 -86.3963 -42.48829 -1
51.73875 -53.60617 -66.70442 -1
52.06443 -53.62178 -66.43794 -1
61.51511 0.1129013 -78.84085 -1
30.59137 -86.58015 -39.59854 -1
30.8913 -86.58802 -39.34771 -1
-0.3874373 -99.99871 -0.3271149 -1
-28.19427 -87.69643 38.91557 -1
-0.4802261 -99.99802 -0.4080065 -1
-30.21714 -87.75278 37.23404 -1
-30.2809 -87.75124 37.18585 -1
-47.05775 -58.71153 65.86747 -1
-49.95111 -60.51685 61.98869 -1
-49.61468 -61.53701 61.25014 -1
-47.41435 -66.17181 58.079 -1
-31.85095 -86.73353 38.24671 -1
-29.93828 -88.41844 35.85914 -1
-9.972326 -98.86958 11.19628 -1
-9.400693 -99.00259 10.49354 -1
14.07283 -97.27212 -18.4416 -1
12.7487 -97.75211 -16.79267 -1
28.61049 -88.46987 -36.80383 -1
37.62383 -78.66737 -48.94783 -1
27.25079 -89.1214 -36.25978 -1
26.24164 -90.09265 -34.56429 -1
-1.128483 -99.97367 -1.997669 -1
42.6409 -66.71031 -61.08591 -1
33.48256 -82.17947 -46.10265 -1
36.63837 -82.60675 -42.82236 -1
42.5146 -69.5822 -57.88633 -1
55.14452 -71.29147 -43.31984 -1
26.28373 -88.41888 -38.61694 -1
25.75971 -89.62859 -36.09922 -1
-2.031439 -99.97937 -7.548233E-06 -1
-1.695877 -99.97536 -1.432363 -1
-1.958614 -99.97477 -1.099524 -1
-31.66244 -86.89188 38.04329 -1
-33.61277 -86.58706 37.05215 -1
-33.55529 -86.58538 37.10813 -1
-55.39601 -53.6162 63.69133 -1
-31.82717 -86.67587 38.39692 -1
-51.16331 -56.16915 65.01801 -1
-55.27108 -53.62931 63.78875 -1
-51.0853 -54.25859 66.68056 -1
-45.50227 -19.68773 86.84432 -1
-54.18935 -2.75256 83.99964 -1
-65.05408 -0.1496996 75.94698 -1
-64.95837 -0.4335412 76.02777 -1
-13.97077 -98.68568 8.121232 -1
-14.56997 -98.64938 7.484229 -1
-13.81616 -98.69314 8.293168 -1
-12.84595 -98.72821 9.366027 -1
-10.01817 -98.69267 12.62511 -1
-10.34722 -98.70732 12.23927 -1
-7.561429 -98.51364 15.42355 -1
-6.407688 -98.39014 16.68296 -1
-6.418607 -98.39175 16.66931 -1
-5.659826 -98.29865 17.47399 -1
83.93993 -0.6964788 54.34706 -1
87.91121 -0.4726377 47.65916 -1
91.66985 -13.76863 37.51085 -1
85.81507 -3.056133 51.24874 -1
77.55793 0.5263024 63.12283 -1
97.80836 -16.39147 12.83912 -1
77.20605 1.026258 63.54663 -1
87.32278 -1.445859 48.70977 -1
77.13614 1.032225 63.63137 -1
99.5865 -8.603683 -2.916489 -1
77.01764 0.9919701 63.77538 -1
87.92889 1.33526 47.61014 -1
77.08965 1.116328 63.68626 -1
99.48707 6.250885 -7.953009 -1
89.71404 4.887932 43.90329 -1
95.47187 25.62585 -15.11417 -1
16.28491 -35.30193 -92.13347 -1
-24.11418 -5.216962 -96.90867 -1
12.88728 -23.27596 -96.39579 -1
41.50008 -25.93066 -87.20863 -1
40.64398 -18.96556 -89.37771 -1
14.41851 -27.78115 -94.97533 -1
-36.79472 -37.27007 -85.18856 -1
-98.59586 -4.255167 16.14775 -1
-19.95877 -35.00829 -91.52085 -1
41.25166 -16.4551 -89.59649 -1
13.91277 -26.22592 -95.49155 -1
-81.3086 -27.6006 -51.25541 -1
-19.75962 -31.96604 -92.67001 -1
41.91064 -14.67225 -89.60035 -1
14.6269 -25.67508 -95.53452 -1
-81.18049 -33.92358 -47.52809 -1
-90.8071 -13.45784 39.66054 -1
-17.29975 -32.10946 -93.11123 -1
-79.99998 -36.09963 -47.92514 -1
42.61938 -13.77067 -89.40892 -1
15.82827 -26.55859 -95.10052 -1
16.78864 -27.80754 -94.57739 -1
-94.92553 -15.97585 27.09089 -1
-79.80834 -47.3045 37.32174 -1
-93.46069 -22.31992 27.69334 -1
-89.31684 -19.93844 40.31082 -1
-92.61204 -24.02588 29.0821 -1
-14.94445 -33.51062 -93.02528 -1
-78.15697 -38.25447 -49.2756 -1
-89.26922 -20.76156 39.99956 -1
-92.19929 -24.59672 29.90473 -1
-76.82822 -41.2246 -48.96894 -1
-89.10137 -20.41096 40.55044 -1
-92.58796 -23.35456 29.69907 -1
-12.58824 -35.20498 -92.74775 -1
-75.85449 -43.70542 -48.33149 -1
-89.22266 -18.86497 41.02961 -1
-92.8935 -22.01713 29.76649 -1
43.68295 -12.98426 -89.01241 -1
28.49401 -21.75359 -93.35348 -1
47.54264 -9.712116 -87.43782 -1
4.228254 -31.86484 -94.69294 -1
-8.39601 -36.2682 -92.81231 -1
-55.02014 -47.19328 -68.88818 -1
-73.4976 -46.11457 -49.71469 -1
-92.69947 -22.95067 29.66605 -1
-89.90845 -17.90389 39.94898 -1
-94.52007 -25.60634 20.25524 -1
18.37508 -37.48667 -90.86862 -1
-34.80806 17.09197 -92.17518 -1
-7.824572 -31.51299 -94.58176 -1
31.33327 -32.35158 -89.28383 -1
29.98003 -24.3827 -92.23167 -1
15.94084 -28.98336 -94.37083 -1
-63.23501 -39.26548 -66.77991 -1
-92.6959 -4.505207 37.24477 -1
-49.51579 -39.59199 -77.33474 -1
30.40999 -21.62304 -92.77757 -1
14.21148 -27.42033 -95.1113 -1
-94.74075 -24.9889 -19.99367 -1
-50.70579 -36.66002 -78.0062 -1
31.03403 -20.40118 -92.84763 -1
15.26706 -26.71802 -95.14759 -1
-93.81636 -29.85944 -17.5187 -1
-86.24529 -11.27639 49.34158 -1
-49.60574 -38.07572 -78.03532 -1
-93.07487 -32.64708 -16.46923 -1
31.68009 -20.1863 -92.67624 -1
16.51096 -27.64519 -94.67381 -1
17.42956 -28.62972 -94.21544 -1
-94.30127 -17.63581 28.21787 -1
-82.50838 -53.66822 17.6661 -1
-84.43309 -17.93149 50.49272 -1
-92.87064 -23.70178 28.51787 -1
-92.4019 -34.99117 -15.41122 -1
-48.6616 -41.17606 -77.0492 -1
-83.92999 -18.36921 51.1696 -1
-92.26312 -24.9125 29.44288 -1
31.66305 -20.11218 -92.69817 -1
28.9833 -22.35415 -93.06052 -1
26.15623 -22.75698 -93.79751 -1
-47.9473 -43.94913 -75.95742 -1
-91.83468 -37.33458 -13.13468 -1
-83.66096 -17.07412 52.0511 -1
-91.84604 -25.26565 30.42945 -1
-47.96191 -46.32922 -74.52019 -1
-60.86548 -48.73465 -62.61251 -1
-91.57847 -38.67822 -10.83419 -1
-83.7262 -15.09709 52.55476 -1
-92.16618 -24.02163 30.46895 -1
-91.51756 -39.51682 -7.934579 -1
-93.19297 -35.9703 4.605118 -1
-83.83153 -13.21973 52.89154 -1
-93.91317 -26.52952 21.82889 -1
-82.1041 -10.27367 56.15487 -1
-93.97294 -33.99471 -3.666986 -1
16.02815 -37.31092 -91.38377 -1
-16.46926 20.72016 -96.43359 -1
-13.42277 -33.02325 -93.43069 -1
28.26097 -31.9019 -90.46318 -1
14.29 -29.40094 -94.50597 -1
26.82435 -23.99727 -93.29836 -1
14.31221 -27.78869 -94.9892 -1
27.60305 -21.93605 -93.57821 -1
15.70153 -26.83251 -95.04462 -1
28.24699 -20.95855 -93.61008 -1
16.57 -27.33766 -94.75277 -1
28.9052 -21.11242 -93.37428 -1
17.48804 -28.2916 -94.30669 -1
28.62125 -21.47711 -93.37858 -1
29.228 -22.0484 -93.05692 -1
21.84525 -24.6932 -94.40884 -1
-56.59825 -46.68307 -67.95093 -1
-70.32777 -47.85512 -52.57272 -1
-55.81103 -44.27559 -70.17693 -1
-56.14188 -41.313 -71.70304 -1
-56.72593 -37.41433 -73.36441 -1
-58.0055 -35.08115 -73.5165 -1
-93.54594 -35.26695 2.323572 -1
-93.97787 -31.43226 13.42277 -1
-93.58623 -35.20655 -1.454553 -1
-93.83459 -34.32497 -4.106693 -1
-94.47482 -31.98646 -7.167726 -1
-82.72794 -10.38998 55.20991 -1
-81.276 -7.683572 57.75098 -1
-94.24723 -26.04981 20.94914 -1
-92.58466 -22.49816 30.36303 -1
-82.67159 -12.55027 54.84431 -1
-92.37002 -23.17521 30.50719 -1
-92.18642 -23.95549 30.45979 -1
-82.57282 -14.78947 54.43344 -1
-92.57666 -23.32929 29.75409 -1
-82.93079 -16.38661 53.4225 -1
-93.38953 -22.67543 27.64455 -1
-83.40845 -16.5127 52.63422 -1
-94.33641 -17.80167 27.99539 -1
-95.15369 -29.47285 -8.782071 -1
-84.80779 -11.36738 51.75346 -1
-95.76566 -26.95006 -10.13076 -1
-90.8243 -4.275841 41.6253 -1
-85.52721 -38.72449 34.43121 -1
-96.83449 -21.15829 -13.24421 -1
-56.91122 -36.6422 -73.6102 -1
-68.7578 -35.16863 -63.52582 -1
16.67409 -37.06326 -91.36897 -1
-28.26775 0.4895765 -95.92025 -1
4.077737 -26.87536 -96.23454 -1
37.20241 -29.53851 -87.99691 -1
36.2007 -21.59346 -90.68204 -1
14.71946 -28.75327 -94.63925 -1
-49.04109 -38.19631 -78.33271 -1
-96.54551 -4.286348 25.70195 -1
-32.93665 -37.60427 -86.60886 -1
36.77267 -18.6889 -91.09608 -1
14.15273 -26.78861 -95.2999 -1
-88.31434 -26.44114 -38.74847 -1
-33.33942 -34.38018 -87.78659 -1
37.42894 -17.09493 -91.14185 -1
15.09119 -26.11953 -95.34162 -1
-87.69006 -32.33615 -35.56438 -1
-89.1178 -12.46769 43.61853 -1
-31.3703 -35.07605 -88.23591 -1
-86.67438 -35.13735 -35.3966 -1
38.07018 -16.29958 -91.02188 -1
15.99645 -26.46661 -95.09801 -1
-94.51323 -16.99063 27.90283 -1
-78.18207 -58.38601 21.87777 -1
-87.39227 -19.4497 44.54549 -1
-92.96454 -23.43257 28.4343 -1
-29.56581 -37.32778 -87.93464 -1
-85.43179 -37.6343 -35.84787 -1
-87.10618 -20.2532 44.74731 -1
-92.42725 -24.46754 29.30088 -1
38.51723 -15.43368 -90.98474 -1
7.788913 -30.99807 -94.75469 -1
-27.86314 -39.48481 -87.54768 -1
-84.59128 -40.50973 -34.68829 -1
-86.90868 -19.41051 45.49849 -1
-92.07368 -24.74905 30.1649 -1
35.55064 -16.77976 -91.94885 -1
17.81944 -26.79614 -94.6807 -1
-25.80494 -41.09668 -87.43664 -1
-34.34718 -44.31752 -82.80235 -1
-83.99772 -42.72688 -33.44842 -1
-87.00279 -17.83289 45.96196 -1
-92.22361 -24.02588 30.29132 -1
-92.44674 -23.32933 30.15531 -1
-83.15083 -44.69696 -32.98668 -1
-88.77594 -42.23036 -18.31472 -1
-87.34825 -16.54764 45.78711 -1
-94.12622 -26.79957 20.54354 -1
-85.26015 -12.70933 50.68707 -1
41.71075 -90.75529 4.86713 1
46.72174 -88.11475 7.271286 1
23.41373 -97.00827 6.418167 1
20.87743 -97.43978 8.344007 1
36.9339 -92.70222 6.495123 1
14.44201 -97.67914 15.81816 1
19.56569 -97.63795 9.165861 1
31.87023 -94.44145 8.068524 1
13.33646 -97.56717 17.4007 1
11.53216 -91.59349 38.44012 1
14.23844 -91.39693 37.99826 1
13.49025 -97.71052 16.45199 1
14.35141 -93.09254 33.58298 1
18.21441 -97.8157 10.01622 1
26.02596 -96.14006 8.929583 1
13.57998 -97.83579 15.61224 1
14.54847 -94.63704 28.84738 1
17.34049 -97.96393 10.11808 1
22.27704 -97.04732 9.249496 1
14.52846 -98.0152 13.48865 1
15.49306 -96.56401 20.86518 1
17.16114 -98.02975 9.780821 1
21.44588 -97.20216 9.581972 1
15.53969 -98.1073 11.55317 1
15.86799 -97.57487 15.07815 1
16.27676 -98.09459 10.60746 1
-18.98536 -92.4791 32.97232 1
14.89784 -98.11809 12.2839 1
14.18377 -97.67383 16.08245 1
11.12697 -98.05977 16.1392 1
3.386531 -97.20356 23.23788 1
-28.84921 -58.48348 75.81165 1
6.007758 -98.14754 18.19251 1
-26.04366 -59.54036 76.00443 1
-0.3288426 -87.63066 48.17425 1
12.7686 -98.06675 14.82819 1
8.300356 -84.65691 52.57674 1
11.03133 -96.308 24.55766 1
-10.97596 -56.16029 82.00945 1
-11.50791 -53.93999 83.41491 1
20.36623 -92.89832 30.90499 1
-23.36412 -81.62104 52.84055 1
28.13307 -90.74268 31.21371 1
15.2624 -93.42796 32.22231 1
30.53817 -90.3137 30.18039 1
16.74803 -93.49823 31.26635 1
31.25138 -90.30199 29.47712 1
21.96688 -92.20502 31.86994 1
33.95412 -92.63433 16.30944 1
33.07443 -92.88795 16.6706 1
34.83227 -92.46231 15.4089 1
32.46759 -89.53632 30.48117 1
35.12885 -92.33038 15.52628 1
34.71221 -88.34145 31.47779 1
28.66361 -90.21107 32.25458 1
36.48979 -87.47725 31.8783 1
33.38398 -88.57446 32.25017 1
38.19606 -86.61343 32.23624 1
38.0693 -86.70676 32.13514 1
39.31927 -86.11739 32.21474 1
40.40088 -85.60167 32.25093 1
38.92357 -85.88328 33.30193 1
38.43224 -86.68104 31.77046 1
38.92783 -85.39159 34.53837 1
38.60098 -86.89999 30.95732 1
37.54045 -88.27207 28.26227 1
37.61932 -89.32729 24.60531 1
36.52404 -89.76759 24.65306 1
36.44732 -91.34055 18.12441 1
35.52645 -91.46979 19.26524 1
35.18574 -93.20757 8.620352 1
34.28336 -93.9147 2.163633 1
33.71787 -94.12314 1.98527 1
33.16579 -94.30593 2.533947 1
35.61053 -93.44446 0.1536258 1
36.15163 -92.84357 -8.551641 1
44.82862 -79.55833 -40.75372 1
27.07922 -96.09736 5.658027 1
40.81616 -66.8858 -62.13156 1
46.52742 -35.11346 -81.2542 1
48.64351 -72.57634 -48.64653 1
49.19249 -18.03409 -85.17553 1
49.82187 -4.399878 -86.59342 1
59.31975 6.078012E-06 -80.50571 1
60.5291 -19.56485 -77.15857 1
54.33735 -70.29772 -45.88772 1
67.76161 -19.03099 -71.0365 1
68.74074 5.483202E-06 -72.6272 1
25.95019 -96.56755 -1.138647 1
69.99901 -19.55757 -68.68508 1
71.12165 5.307299E-06 -70.29731 1
54.78456 -71.19791 -43.92619 1
23.93792 -97.09138 -0.489059 1
72.71146 -19.40692 -65.85146 1
73.93608 5.083345E-06 -67.33095 1
56.27428 -70.09274 -43.82022 1
23.58375 -97.09593 -4.023209 1
5.369375 -99.04539 12.69569 1
74.19208 -19.23941 -64.22914 1
75.49868 4.950699E-06 -65.574 1
57.01469 -69.71986 -43.45648 1
76.159 -20.25309 -61.55989 1
77.72234 4.750515E-06 -62.92249 1
23.15651 -97.10329 -5.892855 1
56.18767 -71.95764 -40.80495 1
78.00549 -19.58399 -59.42736 1
79.63253 4.566632E-06 -60.48687 1
19.71789 -97.90617 -5.058427 1
-2.026969 -98.60303 16.53273 1
0.3559381 -99.641 8.458422 1
57.94286 -70.46246 -40.95934 1
80.54923 -21.25249 -55.31865 1
83.77394 4.122715E-06 -54.60702 1
56.29491 -74.3802 -36.0343 1
13.26834 -98.87791 -6.863643 1
21.09358 -97.36713 -8.643156 1
87.26997 -21.70914 -43.73402 1
89.93946 -12.70145 -41.82781 1
65.25809 -68.00732 -33.41237 1
81.62836 -46.97239 -33.62148 1
29.87407 -93.02132 -21.32071 1
54.14808 -80.79872 -23.2283 1
11.75314 -98.65636 -11.34843 1
37.7691 -90.81617 -18.05322 1
-11.80909 -98.41808 13.20709 1
12.63995 -98.26963 -13.5393 1
37.41468 -91.14534 -17.10754 1
-12.70099 -99.17721 1.601797 1
13.49222 -98.00369 -14.60258 1
38.63787 -90.52064 -17.69548 1
-11.59171 -99.30269 -2.146882 1
13.58328 -97.93043 -15.00417 1
36.31819 -91.01752 -19.91988 1
-10.7308 -99.39133 -2.492446 1
14.12513 -97.90837 -14.64348 1
39.15524 -89.7579 -20.258 1
-11.08416 -99.38067 -0.7900373 1
17.26221 -97.43466 -14.43965 1
44.55009 -87.05971 -20.8781 1
-11.0018 -99.3846 1.289228 1
20.66867 -96.74149 -14.62496 1
49.60513 -84.06903 -21.71932 1
-10.50147 -99.41006 2.712523 1
24.40954 -95.89992 -14.40065 1
55.24116 -80.2821 -22.43211 1
36.10533 -91.52056 -17.89953 1
58.84809 -77.60384 -22.68358 1
-7.838028 -99.67277 1.976114 1
-10.12331 -99.37544 4.694725 1
-13.35444 -90.11211 41.24883 1
-9.558594 -89.87784 42.78558 1
-9.609861 -91.90582 38.22268 1
-9.640288 -93.49706 34.13746 1
-9.433613 -95.32245 28.71649 1
-9.518377 -96.27628 25.30372 1
-11.00317 -95.91402 26.06586 1
-27.23259 -73.3213 62.30869 1
-59.56304 -58.33248 55.22287 1
-57.98618 -63.12236 51.50894 1
-17.30852 -97.57837 13.37449 1
5.352828 -99.73338 4.95981 1
23.45587 -97.21004 0.1742927 1
8.847573 -99.59985 1.260808 1
24.59185 -96.92244 -1.132057 1
0.137963 -99.21408 12.51184 1
9.718965 -99.52584 0.3850414 1
4.052855 -99.69056 6.73532 1
-12.32742 -84.28986 52.37607 1
-45.98125 -59.67559 65.7613 1
-45.84338 -61.80873 63.85972 1
5.294856 -97.66336 20.8286 1
-19.21882 -95.42941 22.8881 1
4.957165 -99.6967 5.999562 1
5.922927 -97.69292 20.51855 1
5.572606 -96.75063 24.66293 1
10.65521 -98.92697 9.996098 1
21.87263 -97.35093 6.66214 1
4.089922 -99.62786 7.586948 1
4.564562 -94.90268 31.18727 1
13.78052 -98.78826 7.139867 1
23.3782 -97.09072 5.181767 1
8.346995 -98.55512 14.7382 1
11.10108 -98.8476 10.29176 1
11.93011 -97.58808 18.28221 1
9.815783 -99.51433 0.7401931 1
27.40554 -96.16038 -1.455336 1
3.210227 -99.49998 9.45779 1
4.242188 -93.27969 35.7897 1
10.54985 -99.43964 0.676207 1
32.51415 -94.53642 -2.386802 1
3.159712 -99.42572 10.22458 1
3.995529 -91.54819 40.03704 1
11.92881 -99.28571 -0.2255107 1
37.47691 -92.6198 -4.129812 1
3.030131 -99.33485 11.10875 1
0.4487383 -91.93237 39.34764 1
4.528653 -99.50206 8.878658 1
13.25335 -99.11176 -1.098616 1
42.06165 -90.52779 -5.961188 1
16.35678 -98.5907 -3.511697 1
48.21018 -87.56993 -2.699352 1
64.98907 -54.98141 52.47347 -1
56.36256 0.6322129 82.60062 -1
73.67645 -49.36489 46.20486 -1
6.002535 47.16682 87.97307 -1
56.67236 0.1480971 82.39066 -1
24.56044 7.652822 96.63447 -1
-82.88821 -27.70992 48.59738 -1
-58.03526 -60.39244 54.63206 -1
-84.05112 -51.67265 16.28947 -1
-39.76161 -28.60028 87.18393 -1
-56.79589 -62.45382 53.60735 -1
14.62084 -43.10752 89.03917 -1
-69.28944 -34.2732 63.43753 -1
-42.92115 -60.54123 67.02637 -1
-72.66545 -64.06644 24.80368 -1
-42.64361 -59.36367 68.24572 -1
-27.20094 -20.28948 94.06618 -1
24.32093 -40.79761 88.00027 -1
-62.89058 -37.16114 68.29221 -1
-36.53006 -58.16769 72.67788 -1
-72.97092 -53.63869 42.40443 -1
-36.24749 -56.21167 74.33953 -1
-21.82467 -17.29391 96.0448 -1
11.15716 -31.05388 94.39902 -1
12.90827 -16.99028 -97.69702 1
9.488677 -58.38556 -80.62935 1
10.41819 -4.286394 -99.36341 1
29.27025 -12.46759 -94.80407 1
30.45322 -19.44963 -93.24329 1
13.67331 -23.43253 -96.24946 1
30.69716 -20.25357 -92.99181 1
14.61237 -24.46615 -95.85346 1
31.47185 -19.41681 -92.9113 1
15.51748 -24.73575 -95.64178 1
31.91298 -17.83269 -93.07824 1
15.62219 -24.0261 -95.8055 1
15.45347 -23.32922 -96.00488 1
31.68658 -16.54766 -93.39238 1
5.696504 -26.80041 -96.17323 1
36.8511 -12.70927 -92.08948 1
-31.86136 -42.23031 -84.8614 1
-45.48322 -44.69685 -77.02901 1
-87.12397 -44.32546 -21.08711 1
-46.07001 -42.72749 -77.79406 1
-90.38049 -41.09734 -11.93212 1
-85.31976 -16.78778 49.38329 1
-47.38639 -40.51345 -78.18688 1
-90.8097 -39.48459 -13.94869 1
-83.91022 -15.4339 52.16195 1
-48.66597 -37.62565 -78.84118 1
-92.4007 -30.99734 22.38918 1
-90.77579 -26.78737 32.28301 1
-91.46658 -26.46673 30.55124 1
-84.01612 -16.30018 51.72617 1
-91.84766 -26.11931 29.69492 1
-91.45493 -37.33054 -15.57002 1
-84.23079 -17.10602 51.11318 1
-91.9519 -26.78881 28.76122 1
-48.41096 -35.13629 -80.13627 1
-92.03236 -35.07941 -17.30548 1
-84.28753 -18.69913 50.45745 1
-91.21134 -28.7529 29.21919 1
-91.89491 -34.38042 -19.32134 1
-83.97076 -21.59351 49.82602 1
-87.67766 -37.06356 30.64183 1
-48.73358 -32.33622 -81.11354 1
-90.66895 -37.60434 -19.10642 1
-51.97569 -26.4412 -81.23664 1
-84.99051 -38.19632 -36.29951 1
-94.4377 -26.87552 18.95328 1
-99.14359 0.4895045 -13.05021 1
-81.1628 -29.53859 50.39912 1
-93.2308 -23.27815 27.67931 1
-99.47585 -5.217702 -8.79369 1
-88.49854 -35.29026 30.37441 1
-79.71696 -25.93192 54.52285 1
-89.85947 -37.28075 -23.13918 1
0.6667364 -4.259581 -99.90702 1
-81.99294 -18.96554 54.01357 1
-91.59013 -27.78156 28.97293 1
-93.50564 -35.01716 -5.522117 1
-82.11472 -16.45499 54.64803 1
-92.17855 -26.22598 28.55372 1
-63.24115 -27.60876 -72.37621 1
-94.61327 -31.96593 -5.148714 1
-82.01654 -14.67221 55.29932 1
-92.11037 -25.67547 29.2652 1
-59.54313 -33.92367 -72.82719 1
25.09808 -13.45922 -95.85892 1
-94.66766 -32.10935 -2.650283 1
-59.75172 -36.09951 -71.59998 1
-81.71407 -13.77977 55.97258 1
-91.49506 -26.55797 30.38628 1
-90.82941 -27.80736 31.25327 1
12.04146 -15.97276 -97.97895 1
24.4833 -47.29591 -84.63844 1
12.86354 -22.3202 -96.62473 1
25.97193 -19.93839 -94.48767 1
14.36702 -24.02601 -96.00178 1
-60.80038 -38.25448 -69.56945 1
-94.21738 -33.51076 -0.3365684 1
25.67073 -20.76182 -94.39259 1
15.24449 -24.5967 -95.72151 1
-81.16083 -12.98414 56.95905 1
-87.80826 -21.74543 42.62448 1
-79.00902 -9.707338 60.52557 1
-92.8916 -31.86495 18.86197 1
-93.57848 -35.20334 1.947695 1
-60.29162 -41.22388 -68.30456 1
26.24181 -20.4109 -94.31205 1
14.97976 -23.35502 -96.07367 1
-92.9917 -36.26771 6.098913 1
-76.58767 -47.19328 -43.67062 1
-59.5153 -43.69316 -67.44507 1
26.69627 -18.86483 -94.50623 1
15.00049 -22.01696 -96.38589 1
-60.51094 -46.11456 -64.89894 1
14.93035 -22.95102 -96.17867 1
25.52258 -17.90389 -95.01604 1
5.351057 -25.60663 -96.5177 1
-94.65031 -31.51504 6.936841 1
-96.45811 17.09209 -20.0921 1
-86.9196 -37.4864 32.2452 1
-83.34444 -32.35188 44.80022 1
-75.77418 -39.27414 -52.11348 1
22.41772 -4.504726 -97.35067 1
-86.46629 -24.38271 43.9211 1
-90.75669 -28.98314 30.38423 1
-84.07642 -39.59698 -36.92201 1
-86.93919 -21.62286 44.43006 1
-91.75626 -27.42108 28.79019 1
-34.44174 -24.99632 -90.49281 1
-84.92619 -36.66001 -37.99453 1
-86.91357 -20.39481 45.05644 1
-91.6237 -26.73083 29.84227 1
-31.85628 -29.86315 -89.96316 1
35.36899 -11.27628 -92.85408 1
-84.78451 -38.07489 -36.90378 1
-30.70465 -32.64708 -89.39459 1
-86.63976 -20.19178 45.67105 1
-90.96297 -27.65732 30.99695 1
-90.37238 -28.6304 31.82976 1
13.25068 -17.63264 -97.53722 1
4.644961 -53.65518 -84.2588 1
36.78741 -17.93146 -91.24225 1
13.76905 -23.70209 -96.16977 1
-83.66829 -41.1636 -36.12719 1
-29.55528 -34.99117 -88.89378 1
37.53432 -18.36916 -90.85014 1
14.77729 -24.91308 -95.71296 1
-86.66608 -20.1124 45.65614 1
-87.43978 -22.35448 43.06463 1
-88.60632 -22.75719 40.38602 1
-82.47746 -43.94125 -35.58985 1
-27.21848 -37.3338 -88.68677 1
38.44643 -17.0742 -90.72124 1
15.81725 -25.26657 -95.45373 1
-81.05685 -46.32899 -35.82475 1
-71.2943 -48.73446 -50.41901 1
-24.90875 -38.66962 -88.7931 1
38.93642 -15.10273 -90.86178 1
15.81102 -24.03304 -95.77277 1
-22.0275 -39.52631 -89.17656 1
-9.90295 -35.97157 -92.77919 1
39.25314 -13.2253 -91.01804 1
6.995352 -26.51875 -96.1656 1
42.74201 -10.27338 -89.81971 1
-18.19702 -33.99434 -92.2673 1
-94.38182 -33.02362 1.229579 1
-97.8208 20.7212 -1.31301 1
-87.79243 -37.31099 30.0063 1
-84.98999 -31.89145 41.94804 1
-91.14664 -29.40112 28.77263 1
-88.01394 -23.98339 40.96759 1
-91.62037 -27.78895 28.87009 1
-88.16531 -21.93517 41.7819 1
-91.45959 -26.83287 30.25127 1
-88.10116 -20.94555 42.42015 1
-91.03648 -27.33816 31.0642 1
-87.76208 -21.11178 43.03615 1
-90.45339 -28.291 31.90301 1
-87.81029 -21.47708 42.75614 1
-87.39822 -22.0491 43.30575 1
-89.87901 -24.69349 36.22145 1
-75.90631 -46.68283 -45.3756 1
-62.84336 -47.85492 -61.32388 1
-77.98306 -44.27579 -44.25266 1
-79.54386 -41.30907 -44.34338 1
-81.27426 -37.41433 -44.66163 1
-81.62369 -35.07843 -45.90292 1
-12.21587 -35.25805 -92.77739 1
-1.315349 -31.43134 -94.92281 1
-15.95133 -35.20658 -92.22826 1
-18.60654 -34.33402 -92.05962 1
-21.73193 -31.98711 -92.22011 1
41.71026 -10.38504 -90.29066 1
44.44715 -7.683562 -89.24917 1
6.079195 -26.05154 -96.35538 1
15.64155 -22.50849 -96.17021 1
41.35929 -12.55025 -90.17705 1
15.81249 -23.17566 -95.98361 1
15.79489 -23.95541 -95.79488 1
40.96882 -14.7895 -90.0157 1
15.03619 -23.32932 -96.0711 1
39.91508 -16.38656 -90.21235 1
12.82649 -22.67523 -96.54696 1
39.06188 -16.51183 -90.56229 1
13.02319 -17.78726 -97.53979 1
-23.43051 -29.48211 -92.63809 1
37.97327 -11.35896 -91.80961 1
-24.85752 -26.96166 -93.03318 1
27.03469 -4.273999 -96.18138 1
20.75118 -38.72433 -89.83215 1
-28.09942 -21.16199 -93.60872 1
-81.54665 -36.63933 -44.8074 1
-73.42097 -35.16746 -58.07418 1
21.7622 -23.50011 -94.73199 -1
9.422975 -32.45463 -94.11645 -1
33.01381 -58.80755 -73.83603 -1
71.90961 -35.1106 -59.96878 -1
30.9658 -63.40117 -70.86193 -1
87.89819 -47.59573 -2.924905 -1
-53.71082 53.22265 -65.44079 -1
-51.04973 30.55202 -80.37723 -1
-82.79568 1.258591 -56.06505 -1
-85.16531 -52.32415 -3.008672 -1
-82.81654 1.121268 -56.03715 -1
-97.96873 -11.8819 -16.15388 -1
60.80428 -59.36377 -52.71416 -1
90.70351 -40.80725 10.37493 -1
88.70975 -20.28895 -41.46009 -1
51.92706 -34.27636 -78.28609 -1
59.56551 -60.54122 -52.7893 -1
13.23932 -64.07377 -75.62586 -1
-59.55928 0.2421259 -80.32829 -1
-89.25883 -36.75483 -26.11404 -1
-67.65337 -67.15594 -30.21754 -1
-29.35761 44.60167 -84.5507 -1
-58.88518 1.467608 -80.81078 -1
-21.96703 29.00909 -93.14462 -1
37.92268 -86.11723 33.84812 -1
38.12645 -85.60145 34.91084 -1
37.65029 -86.70687 32.62474 -1
37.77081 -86.61299 32.73463 -1
38.93567 -85.88287 33.28884 -1
37.03743 -88.57438 27.9787 -1
37.34635 -86.68096 33.04028 -1
40.15605 -85.39153 33.10254 -1
36.5698 -86.90005 33.33216 -1
37.15136 -87.47746 31.10421 -1
36.30975 -90.21101 23.31472 -1
33.74246 -88.27209 32.703 -1
30.14182 -89.32729 33.34827 -1
36.48003 -88.34164 29.41025 -1
34.88682 -92.20634 16.7601 -1
30.01917 -89.76791 32.25792 -1
23.55818 -91.34076 33.19456 -1
35.14497 -89.53778 27.34625 -1
24.54177 -91.47 32.10827 -1
13.9731 -93.20768 33.42276 -1
20.78699 -92.32943 32.29824 -1
7.451732 -93.91364 33.53656 -1
33.9661 -90.3025 26.30136 -1
33.48226 -93.49921 11.69772 -1
20.62421 -92.46246 32.02085 -1
7.191588 -94.12371 33.00013 -1
34.55124 -90.31364 25.48845 -1
34.19916 -93.42802 10.08075 -1
21.37775 -92.63467 31.01304 -1
7.645977 -94.30553 32.3729 -1
35.19667 -90.74412 22.94992 -1
48.57824 -81.62039 -31.27722 -1
21.59878 -92.88766 30.08945 -1
5.671749 -93.44319 35.15965 -1
33.6898 -92.89823 15.32692 -1
80.62209 -53.93966 -24.30208 -1
25.97381 -96.30709 7.092501 -1
79.32148 -56.15784 -23.5457 -1
53.22777 -84.65697 -6.391424E-06 -1
-2.841822 -92.84311 37.04159 -1
-33.30827 -79.5584 50.60652 -1
16.62958 -98.06653 10.31565 -1
23.482 -97.20354 -0.2579814 -1
18.08672 -97.67344 11.52259 -1
14.44858 -98.11723 12.81591 -1
17.35676 -97.57501 13.33642 -1
9.788809 -96.09744 25.87395 -1
-55.05011 -66.88525 49.95849 -1
-73.05538 -35.11376 58.56567 -1
-40.51385 -72.5763 55.59954 -1
-76.51613 -18.03417 61.80655 -1
-77.81997 -4.3998 62.64737 -1
-70.33246 -5.36691E-06 71.08688 -1
-66.83752 -19.56498 71.76321 -1
-36.90575 -70.29765 60.79643 -1
-59.66882 -19.03114 77.958 -1
-61.08879 -5.977297E-06 79.17171 -1
2.899493 -96.56754 25.81285 -1
-56.99881 -19.55744 79.80377 -1
-58.417 -6.127646E-06 81.16314 -1
-34.8988 -71.19778 60.93397 -1
3.229522 -97.09135 23.72423 -1
-53.77824 -19.40683 82.04436 -1
-55.04983 -6.302839E-06 83.48363 -1
-34.56265 -70.093 62.38906 -1
-51.94587 -19.23942 83.25546 -1
-53.0686 -6.398964E-06 84.75684 -1
-0.3151592 -97.09569 23.92339 -1
18.90099 -98.14825 3.110179 -1
13.37135 -99.04594 3.332756 -1
-34.07797 -69.71841 63.07166 -1
-49.00569 -20.25334 84.78352 -1
-50.08899 -6.534427E-06 86.5511 -1
-2.219883 -97.1015 23.79857 -1
-31.59671 -71.95702 61.83717 -1
-46.60973 -19.58401 86.27861 -1
-47.40359 -6.647632E-06 88.05055 -1
-1.929944 -97.90479 20.27135 -1
16.02334 -98.60241 -4.562704 -1
8.407955 -99.64126 -0.9623 -1
-31.47909 -70.46227 63.59352 -1
-42.15732 -21.25236 88.15382 -1
-40.95477 -6.887587E-06 91.22886 -1
-26.86756 -74.38057 61.20184 -1
-4.719466 -98.87782 14.1741 -1
-5.263112 -97.36662 22.18203 -1
-29.67103 -21.70919 92.99646 -1
-27.37322 -12.70167 95.33821 -1
-22.88843 -68.00678 69.65055 -1
-20.56545 -46.96813 85.85486 -1
-16.43294 -93.02073 32.81923 -1
-14.55735 -80.79519 57.09834 -1
-9.389073 -98.6563 13.3709 -1
-11.97839 -90.81568 40.11272 -1
11.21264 -98.41814 -13.71672 -1
-11.41304 -98.26987 14.58678 -1
-11.09677 -91.14579 39.61448 -1
-0.3891307 -99.17685 -12.79847 -1
-12.33024 -98.00404 15.59405 -1
-11.48486 -90.52223 40.91238 -1
-3.917717 -99.30277 -11.11805 -1
-12.71671 -97.93035 15.74582 -1
-14.04648 -91.01756 38.96795 -1
-4.130185 -99.39075 -10.21863 -1
-12.27715 -97.90823 16.22507 -1
-13.94357 -89.75676 41.82465 -1
-2.500155 -99.38056 -10.82829 -1
-11.58678 -97.43472 19.29303 -1
-13.71614 -87.05977 47.24896 -1
-0.4359245 -99.38409 -11.07307 -1
-11.24049 -96.74165 22.68711 -1
-13.76256 -84.06938 52.37301 -1
1.048121 -99.40976 -10.79824 -1
-10.44236 -95.89984 26.34729 -1
-13.59302 -80.28231 58.05153 -1
-12.08367 -91.52056 38.4444 -1
-13.28287 -77.60381 61.65398 -1
0.7328426 -99.67249 -8.053424 -1
3.071415 -99.37572 -10.72528 -1
38.67667 -90.10989 -19.6041 -1
40.78612 -89.87954 -16.06735 -1
36.26959 -91.90398 -15.4329 -1
32.22984 -93.49516 -14.82876 -1
26.90608 -95.32221 -13.77464 -1
23.52177 -96.27515 -13.33495 -1
24.04436 -95.91392 -14.91277 -1
57.32415 -73.31737 -36.58559 -1
45.29384 -58.33401 -67.42115 -1
41.87123 -63.12335 -65.28585 -1
10.51475 -97.5797 -19.174 -1
5.729554 -99.73342 4.518366 -1
3.810331 -97.21004 23.14496 -1
2.616525 -99.59995 8.544291 -1
2.695267 -96.92241 24.47001 -1
12.39176 -99.21304 -1.793942 -1
1.887419 -99.52584 9.541721 -1
7.280082 -99.69083 2.956378 -1
49.8337 -84.28949 -20.29495 -1
57.85397 -59.67321 -55.60598 -1
55.97064 -61.80963 -55.19835 -1
21.39786 -97.66338 1.998421 -1
19.62834 -95.42979 -22.53627 -1
6.695767 -99.69669 3.966818 -1
21.18898 -97.6929 2.669132 -1
25.22891 -96.7506 1.680361 -1
11.52109 -98.92812 8.971764 -1
9.980035 -97.35062 20.57323 -1
8.129601 -99.62785 2.863836 -1
31.5181 -94.9026 -0.3283519 -1
9.192104 -98.78799 12.50748 -1
8.741648 -97.09085 22.29237 -1
2.253115 -99.51437 9.582013 -1
2.811548 -96.16039 27.29972 -1
9.842422 -99.49983 1.705753 -1
36.01478 -93.27959 -1.360787 -1
2.305886 -99.43951 10.31825 -1
2.683957 -94.53643 32.4909 -1
10.5906 -99.42576 1.535233 -1
40.17263 -91.54777 -2.273243 -1
1.626849 -99.28571 11.81949 -1
1.731479 -92.61967 37.66428 -1
11.43971 -99.33546 1.265248 -1
38.94039 -91.93195 -5.671151 -1
9.474438 -99.50195 3.097866 -1
0.9700958 -99.11175 13.26351 -1
0.6338753 -90.52776 42.47734 -1
-0.9306853 -98.59055 16.70444 -1
4.809201 -87.56996 48.04554 -1
-91.26662 -39.2493 11.39722 -1
-95.80761 -2.163117E-06 28.65136 -1
-94.44975 4.685678 32.51599 -1
-92.77713 -34.50399 14.20835 -1
-79.69912 -53.93232 -27.1911 -1
-89.06251 12.07628 43.841 -1
-83.72382 -49.69302 -22.82379 -1
-70.25687 -38.12323 -60.0882 -1
-94.57451 -24.33793 21.52507 -1
-92.76315 -16.74347 33.38648 -1
-79.24137 12.42831 59.71886 -1
-76.52161 -34.91599 -54.08618 -1
-71.83014 -9.799676 -68.87958 -1
-89.60077 -43.48631 -8.980082 -1
-85.04594 -37.56558 -36.8241 -1
-77.79559 -11.96883 -61.68138 -1
-82.12766 5.921391 -56.7449 -1
-86.35275 -21.5286 -45.60396 -1
-85.54092 -1.160921 -51.78226 -1
-88.33001 3.539402E-06 -46.88081 -1
-89.77135 -8.906781 -43.1483 -1
-90.67041 -16.50118 -38.81479 -1
-90.80181 -27.58037 -31.53339 -1
-88.37994 -44.47716 -14.51791 -1
-91.72002 -30.58095 -25.53906 -1
-92.30165 -31.59527 -21.95778 -1
-82.97841 -55.37023 6.979967 -1
-90.14544 -43.24392 -1.940242 -1
-75.88947 -59.05922 27.43715 -1
-84.73854 -49.78224 18.46912 -1
-69.61845 -56.25494 44.59431 -1
-91.54204 -36.57674 -16.79873 -1
-92.41708 -38.02777 -3.601757 -1
-93.51646 -34.92969 5.88121 -1
-88.91541 -42.10392 17.92517 -1
-92.75072 -37.08923 4.657541 -1
-91.71214 -31.97253 23.80425 -1
-86.7583 -14.99747 47.41385 -1
-69.72266 6.214946 71.41515 -1
-80.61657 -14.40944 57.38759 -1
-64.31715 -1.309959 76.56101 -1
-86.96519 -29.74402 39.39984 -1
-73.48502 -19.24795 65.03436 -1
-60.12205 -13.05086 78.83536 -1
-80.39667 -29.34562 51.72242 -1
-82.82662 -38.02362 41.15768 -1
-89.3978 -37.37472 24.72174 -1
-67.69099 -24.43061 69.43397 -1
-59.53921 -21.70081 77.35734 -1
-60.66874 -35.8802 70.93599 -1
-72.13168 -32.34584 61.24352 -1
-82.13293 -44.38562 35.83434 -1
-74.87093 -36.68845 55.21142 -1
-74.56713 -40.94537 52.56633 -1
-77.96858 -50.72193 36.71765 -1
-71.00343 -45.95057 53.35781 -1
-65.17194 -47.21683 59.35646 -1
-24.44995 31.1194 -91.83564 -1
-9.836039 7.51318E-06 -99.51508 -1
-5.541234 -6.381229 -99.64224 -1
-21.73232 24.93443 -94.37151 -1
-54.72567 37.12736 -75.01106 -1
7.071212 -17.99551 -98.113 -1
-51.51853 30.53736 -80.08315 -1
-74.9941 16.18885 -64.13896 -1
-69.14351 12.44501 -71.16387 -1
-71.75721 -9.95429 -68.93341 -1
-65.23588 -7.578746 -75.41116 -1
-52.27369 -17.03392 -83.53028 -1
-47.46436 -10.60551 -87.37653 -1
-40.11507 6.915699E-06 -91.60121 -1
-35.74818 8.108776 -93.03931 -1
-25.21676 24.64811 -93.57663 -1
-50.56921 1.62933 -86.25601 -1
-52.91898 14.51169 -83.60019 -1
-36.82627 23.63233 -89.91852 -1
-11.8068 12.80815 -98.47106 -1
-36.45321 4.236184 -93.02268 -1
-20.5444 17.88912 -96.21801 -1
-5.39197 37.3307 -92.61396 -1
13.68472 44.56411 -88.46903 -1
-31.86886 11.14734 -94.12817 -1
2.399204 2.422379 -99.94186 -1
27.19288 -23.24251 -93.38272 -1
-19.07959 16.06037 -96.84024 -1
-32.70789 15.05142 -93.29335 -1
-1.610188 27.98433 -95.99106 -1
20.32069 -2.06267 -97.89185 -1
43.88285 -22.02001 -87.11725 -1
52.84905 -19.96413 -82.51311 -1
0.7138618 10.42359 -99.45271 -1
17.91394 32.5351 -92.84696 -1
33.60862 42.91617 -83.83713 -1
-10.41676 14.89365 -98.33449 -1
-10.26032 17.84962 -97.85764 -1
35.86743 29.82572 -88.45312 -1
48.40001 35.65026 -79.91557 -1
56.46924 30.20828 -76.80289 -1
11.02724 21.94347 -96.93752 -1
11.24292 15.66763 -98.12299 -1
19.98375 7.874729 -97.66595 -1
49.9711 24.55106 -83.06705 -1
64.37518 13.79529 -75.26968 -1
29.77467 21.82405 -92.93643 -1
29.75751 14.453 -94.36949 -1
46.07447 18.49495 -86.80484 -1
34.78355 -4.789412 -93.63315 -1
47.23236 -1.675754 -88.12659 -1
62.05637 -8.282479 -77.97696 -1
64.47398 -2.812258 -76.38846 -1
45.66749 14.42459 -87.78617 -1
35.95417 7.026083 -93.048 -1
49.51351 10.13157 -86.28883 -1
56.33809 3.378554 -82.55063 -1
64.68991 -9.701394 -75.63795 1
64.69021 -9.70021 -75.63783 1
64.69017 -9.700233 -75.63788 1
64.68987 -9.701866 -75.63792 1
64.68938 -9.718234 -75.63623 1
64.68932 -9.720369 -75.63601 1
64.69011 -9.695288 -75.63855 1
64.6901 -9.694027 -75.63873 1
64.69078 -9.699742 -75.63741 1
64.69086 -9.699773 -75.63734 1
64.6909 -9.69543 -75.63786 1
64.69091 -9.695334 -75.63786 1
64.69003 -9.703149 -75.63762 1
64.69 -9.703815 -75.63757 1
-64.13924 -16.18989 74.99363 -1
-64.13931 -16.18932 74.99369 -1
-64.13885 -16.19456 74.99297 -1
-64.13876 -16.19509 74.99292 -1
-64.13752 -16.20067 74.99278 -1
-64.13749 -16.20115 74.99271 -1
-64.13744 -16.20494 74.99191 -1
-64.13744 -16.20551 74.99181 -1
-64.13803 -16.19485 74.99359 -1
-64.13807 -16.19422 74.9937 -1
-64.13895 -16.19419 74.99295 -1
-64.13897 -16.19409 74.99297 -1
-64.13867 -16.19523 74.99297 -1
-64.13864 -16.19523 74.99298 -1
81.93356 -22.02909 -52.93024 -1
82.93805 -21.3953 -51.60931 -1
95.54162 -15.64397 -25.04127 -1
94.67937 -15.71386 -28.08721 -1
94.5546 -6.938568 31.80069 -1
94.54237 -5.626079 32.09499 -1
76.96345 -5.440964 63.61622 -1
76.09707 -5.239893 64.66669 -1
72.42766 -11.0055 68.06698 -1
77.03609 3.005064 63.68995 -1
77.01959 5.304625 63.55975 -1
77.95312 3.884387 62.5158 -1
75.98911 -4.907745E-06 65.00505 -1
75.98502 -4.908105E-06 65.00981 -1
75.75202 -7.995365 64.7897 -1
75.99519 -4.907209E-06 64.99796 -1
76.00556 -4.906292E-06 64.98581 -1
73.85016 3.884609 67.31318 -1
76.00238 -4.906573E-06 64.98952 -1
74.73669 5.308003 66.22878 -1
78.47523 -11.00279 60.99652 -1
74.86542 3.00326 66.22801 -1
75.68587 -5.240157 65.14746 -1
74.77644 -5.462144 66.17136 -1
46.36876 -5.644671 88.41989 -1
46.07437 -6.968081 88.47937 -1
-13.05971 -15.73023 97.88771 -1
-9.919263 -15.65527 98.2676 -1
-39.59088 -22.01299 89.15151 -1
-38.13559 -21.36703 89.93958 -1
0 100 7.54979E-06 -1
0 100 7.54979E-06 -1
0 100 7.54979E-06 -1
0 100 7.54979E-06 -1
0 100 7.54979E-06 -1
0 100 7.54979E-06 -1
0 100 7.54979E-06 -1
0 100 7.54979E-06 -1
-8.968683 35.23466 -93.15622 -1
-21.40711 6.38742 -97.47275 -1
-30.69565 -13.50895 -94.20873 -1
-38.54512 -16.98711 -90.6957 -1
22.51015 42.57576 -87.63902 -1
-65.27861 -28.88046 -70.033 -1
-37.66163 -21.43401 -90.12316 -1
50.9082 25.96845 -82.06092 -1
-61.90342 -27.96319 -73.38955 -1
-85.75244 -35.90661 -36.84067 -1
-32.1343 -22.24487 -92.04646 -1
64.73595 1.442027 -76.20483 -1
-66.34951 -31.41563 -67.90287 -1
-86.13711 -35.76152 -36.07647 -1
-88.09801 -36.3404 30.30044 -1
-25.81687 -20.82863 -94.338 -1
63.00495 -22.50388 -74.3233 -1
-65.99659 -28.65717 -69.44938 -1
-88.11928 -28.40561 37.79041 -1
-73.36967 -20.87621 64.66123 -1
-75.95638 -16.94745 62.7966 -1
-89.98924 -32.3647 -29.23117 -1
-90.3251 -20.10125 37.91196 -1
-74.72793 -9.803956 65.72381 -1
-70.23183 -11.75374 70.20924 -1
-91.12428 -28.76909 -29.47382 -1
-88.8799 -20.05424 41.20912 -1
-69.23142 -21.9592 68.73721 -1
-65.12186 -23.17196 -72.26482 -1
-91.68882 -24.93163 -31.17008 -1
-89.01536 -24.22269 38.59439 -1
-90.39871 -28.16265 32.17046 -1
-72.12 -33.11595 60.8444 -1
-92.0864 -19.84892 -33.55764 -1
-90.8318 -31.94459 27.00235 -1
-73.89265 -42.17468 52.54686 -1
-23.16232 -17.93716 -95.61258 -1
-63.12935 -16.56476 -75.76472 -1
-91.6358 -34.89079 19.63446 -1
-77.09914 -48.61263 41.14044 -1
-92.65366 -14.62975 -34.65933 -1
-15.98281 -16.60481 -97.30791 -1
54.46336 -35.5856 -75.94345 -1
40.09451 -40.66827 -82.08849 -1
-63.42185 -8.893044 -76.80224 -1
-93.96729 -34.17649 -1.454487 -1
-86.37457 -47.65302 16.38975 -1
-92.32311 -10.31035 -37.01541 -1
-15.33236 -12.99844 -97.95896 -1
41.78257 -29.15565 -86.04745 -1
-63.63243 -0.3581572 -77.14134 -1
-94.86189 -23.95327 -20.67513 -1
-92.64182 -6.695225 -37.04951 -1
-87.8994 -8.536152 -46.91301 -1
-63.57978 3.762048 -77.09383 -1
-15.44154 -13.0631 -97.93321 -1
-87.86072 9.440544 -46.81207 -1
-88.7442 28.66305 -36.09564 -1
-82.07453 -1.815967 -57.10056 -1
-67.67022 11.45848 -72.72855 -1
-58.94712 2.672694 -80.73473 -1
-41.57108 6.63073 -90.70766 -1
11.78414 -13.9933 -98.31237 -1
63.72548 -9.809101 -76.43851 -1
24.17638 -10.44833 -96.46935 -1
70.15842 -6.945617 -70.91935 -1
0 85.69488 51.54016 -1
-7.685018 66.93929 73.8923 -1
7.46194 98.69287 14.28412 -1
7.461576 98.69288 14.28425 -1
9.357304 98.78764 12.38719 -1
11.86026 98.80347 9.859327 -1
13.27794 98.75695 8.412056 -1
12.90024 98.77425 8.788025 -1
11.94909 98.80481 9.738103 -1
11.69494 98.80983 9.99231 -1
10.76677 98.81653 10.92575 -1
10.72371 98.81635 10.96951 -1
10.10659 98.80939 11.60007 -1
10.11958 98.80962 11.58672 -1
9.509233 98.79613 12.20239 -1
9.415675 98.79356 12.29547 -1
6.386899 98.5978 15.41692 -1
5.303998 98.4817 16.5294 -1
4.244025 98.34541 17.61158 -1
4.932604 98.4369 16.90694 -1
6.532704 98.61442 15.24865 -1
6.529785 98.61509 15.24551 -1
6.525222 98.61614 15.24065 -1
6.52594 98.61598 15.24142 -1
6.525895 98.61593 15.24178 -1
6.525169 98.616 15.24164 -1
8.613063 98.75975 13.1273 -1
8.845685 98.77029 12.89129 -1
10.89746 98.8166 10.79473 -1
10.8974 98.81661 10.79473 -1
-75.97614 32.99379 56.0271 -1
-67.77854 52.76255 51.20725 -1
-76.06385 35.19833 54.54694 -1
-56.33511 63.94621 52.31863 -1
-54.94406 49.26459 67.48445 -1
-77.44796 18.96264 60.3509 -1
-65.26049 -5.720464E-06 75.76984 -1
-70.35366 45.96137 54.20253 -1
-65.047 59.50516 47.20193 -1
-75.99851 61.86285 19.93023 -1
-65.04355 -0.1523141 75.956 -1
-65.03307 -0.1350599 75.96501 -1
-75.40784 9.764705 64.94849 -1
-66.08519 0.6605108 75.04873 -1
-65.0797 -0.148094 75.92503 -1
-42.78659 -46.11984 77.73203 -1
-8.04637 -62.0653 77.99458 -1
-36.69643 -59.57453 71.44402 -1
-52.53469 -10.02657 84.49599 -1
-43.81607 -33.39977 83.45422 -1
-47.80996 -18.853 85.78329 -1
-58.3452 -49.12471 64.67304 -1
-43.18245 -63.89606 63.6598 -1
-40.28511 -52.75362 74.79416 -1
-42.26817 -35.21228 83.50746 -1
-63.98858 -0.8921188 76.84182 -1
-65.04495 -0.1154595 75.95486 -1
-65.03311 -0.1229041 75.96499 -1
-62.32548 -1.388594 78.18956 -1
-67.64966 1.140435 73.63574 -1
-65.00947 -0.1413806 75.98518 -1
-59.62753 -1.182539 80.26929 -1
-64.98801 -0.1438738 76.00354 -1
-70.07598 0.8983587 71.33406 -1
-60.51112 -6.010697E-06 79.6141 -1
-69.24979 -0.3079952 72.14133 -1
-60.66857 0.5920224 79.49198 -1
-69.07745 -0.8747177 72.30174 -1
-64.9744 -0.1416888 76.01518 -1
-57.17752 2.207641 82.01132 -1
-72.07597 -2.476223 69.27426 -1
-64.9574 -0.137048 76.02971 -1
-53.6016 5.252609 84.25723 -1
-74.82005 -5.523349 66.11697 -1
-64.94101 -0.1396754 76.0437 -1
-64.93832 -0.1344487 76.04602 -1
-53.91419 5.85693 84.01759 -1
-74.53459 -6.114447 66.3868 -1
-64.94083 -0.1255955 76.04388 -1
-55.80062 4.990924 82.83346 -1
-73.0763 -5.23639 68.06198 -1
-64.9457 -0.1267816 76.03973 -1
-59.70127 2.963151 80.16844 -1
-69.84135 -3.220125 71.49698 -1
-64.95013 -0.1316591 76.03593 -1
-64.16709 0.3817718 76.69706 -1
-64.97401 -0.1371484 76.01553 -1
-65.72982 -0.6466393 75.36028 -1
-64.98253 -5.738472E-06 76.00837 -1
-64.96934 -0.1831385 76.01941 -1
-64.99641 -0.1124706 75.99642 -1
-64.9971 -0.1728422 75.9957 -1
-64.99689 -0.142379 75.99595 -1
16.61955 96.551 -20.04232 -1
13.53533 97.21682 -19.12287 -1
8.980186 98.64914 -13.7005 -1
5.934151 99.29435 -10.26736 -1
13.29859 97.25396 -19.10012 -1
-1.641552 99.97666 -1.403954 -1
5.308391 99.40362 -9.525816 -1
1.42806 99.92827 -3.507573 -1
-1.317332 99.9871 -0.9187949 -1
0.4922143 99.96751 -2.501199 -1
-1.952161 99.97539 -1.054131 -1
-1.642658 99.97664 -1.404869 -1
-27.11424 91.23944 30.66239 -1
-26.72409 92.31203 27.64617 -1
-37.8444 81.70487 43.49844 -1
-3.829839 99.92464 0.6314987 -1
-18.44468 96.5405 18.43167 -1
0.1413685 99.79964 -6.3254 -1
0.8807179 98.3655 -17.98478 -1
-1.121979 99.55558 -9.350305 -1
-1.739371 99.80652 -5.969368 -1
-1.046776 96.2495 -27.10973 -1
-9.574381 91.7602 -38.57974 -1
-9.235534 90.50103 -41.52431 -1
-2.261786 95.45628 -29.71502 -1
-2.197652 96.16238 -27.349 -1
-7.477851 90.95078 -40.89055 -1
-7.349751 91.25684 -40.22649 -1
-62.08988 -74.98508 -22.84914 1
-89.19579 -45.203 0.894035 1
-86.38498 -50.0519 5.695875 1
-59.34142 -75.97287 -26.58415 1
-46.78036 -78.65882 -40.3037 1
-86.19778 -47.99337 16.32725 1
-47.01828 -78.4221 -40.48773 1
-60.632 -75.51759 -24.91692 1
-47.22112 -78.21863 -40.64494 1
-47.64141 -77.76429 -41.02452 1
-61.54915 -75.48927 -22.6511 1
-48.20209 -77.15656 -41.51414 1
-58.85605 -76.64291 -25.72602 1
-48.64523 -76.67302 -41.89142 1
-57.41802 -76.77969 -28.42624 1
-69.41636 -67.48049 25.05498 1
-48.92174 -76.3676 -42.12664 1
-64.0389 -75.4521 14.35269 1
-57.99977 -76.57392 -27.79319 1
-58.27054 -80.30157 12.49799 1
-61.49746 -75.54454 -22.6072 -1
-60.60771 -75.54536 -24.89183 -1
-85.99947 -48.23631 16.65379 -1
-79.53114 -53.24921 28.97102 -1
-58.98556 -76.51362 -25.81414 -1
-70.23238 -66.71481 24.83038 -1
-96.84743 -17.36901 17.85756 1
-95.51464 28.40638 8.368416 1
-94.85517 27.55595 15.59379 1
-96.17873 -21.8632 16.48189 1
-91.20291 -39.32858 11.63148 1
-91.3018 -39.19891 11.28832 1
-90.84832 35.47629 22.09108 1
-96.5174 -19.81867 17.07664 1
-91.38564 -39.08712 10.99375 1
-91.55474 -38.87441 10.32036 1
-96.65202 -17.81256 18.46884 1
-85.47736 37.43524 35.94754 1
-91.77528 -38.57868 9.433142 1
-95.97826 -21.87758 17.59392 1
-86.63068 22.39258 44.65084 1
-91.94542 -38.3368 8.736609 1
-95.57405 -24.56868 16.18581 1
-92.0496 -38.1838 8.29871 1
-89.42497 8.026779 44.03117 1
-95.75996 -23.72117 16.35044 1
-88.0759 1.142763 47.3427 1
-81.6687 57.70808 4.356839E-06 1
-57.18532 73.45052 -36.53575 1
-55.31224 77.47282 -30.63523 1
-83.99858 54.21437 2.245112 1
-91.1291 39.52304 11.55054 1
-91.21985 39.41605 11.19445 1
-46.08295 83.43221 -30.25604 1
-82.9657 55.81385 1.227249 1
-91.29656 39.32369 10.88974 1
-91.47688 39.08128 10.22913 1
-81.5778 57.82916 0.9214888 1
-37.27713 90.55209 -20.26657 1
-91.704 38.76808 9.349418 1
-83.57365 54.82598 3.091336 1
-44.53172 89.42072 -4.567376 1
-91.87452 38.5252 8.653406 1
-85.12144 52.33189 3.963677 1
-91.97874 38.3718 8.216733 1
-54.98846 83.43905 3.767516 1
-84.74819 52.9682 3.480486 1
-56.99028 81.43257 10.99284 1
-31.73245 74.82488 -58.26051 1
-12.61464 44.73473 -88.54194 1
-7.413887 49.58023 -86.52649 1
-35.01235 75.84151 -54.97454 1
-46.63555 78.65742 -40.47388 1
-46.85526 78.42105 -40.67828 1
3.147217 47.48942 -87.948 1
-33.61946 75.32164 -56.53656 1
-47.04058 78.22008 -40.85098 1
-47.48436 77.76464 -41.20554 1
-31.43138 75.37219 -57.71569 1
16.65903 52.70785 -83.33282 1
-48.0598 77.15543 -41.68087 1
-34.12863 76.46788 -54.66169 1
14.23032 66.65451 -73.17564 1
-48.50388 76.67197 -42.0569 1
-36.56298 76.64565 -52.80713 1
-48.78088 76.36665 -42.29137 1
4.662153 75.00535 -65.97319 1
-36.03177 76.43154 -53.47833 1
3.749624 79.89751 -60.01941 1
2.720843 16.71329 -98.55589 1
-6.700869 -28.99352 -95.46975 1
0.5433258 -28.17973 -95.94586 1
1.48821 21.22343 -97.71055 1
-2.432602 38.74786 -92.15577 1
-2.79033 38.61885 -92.19977 1
7.527603 -36.12107 -92.94409 1
2.005213 19.1749 -98.12392 1
-3.096898 38.50837 -92.23619 1
-3.789537 38.29865 -92.29763 1
3.356191 17.15034 -98.46117 1
22.05187 -38.1413 -89.77168 1
-4.701949 38.00713 -92.37613 1
2.65877 21.25036 -97.67986 1
30.62416 -23.10636 -92.34856 1
-5.417814 37.76902 -92.43456 1
1.303447 23.93676 -97.08416 1
-5.866402 37.61871 -92.46848 1
29.58337 -8.803291 -95.11743 1
1.437565 23.08776 -97.28766 1
33.10616 -1.929534 -94.34119 1
-12.94122 -58.15935 -80.312 1
-45.36383 -73.53278 -50.34931 1
-39.20486 -77.6347 -49.35415 1
-11.06532 -54.71274 -82.97032 1
-2.943516 -40.10135 -91.55991 1
-3.3081 -39.99274 -91.59496 1
-37.49656 -83.49049 -40.29076 1
-11.96306 -56.2795 -81.78938 1
-3.616488 -39.90034 -91.6236 1
-4.29721 -39.65413 -91.70106 1
-12.0629 -58.28165 -80.36004 1
-26.30587 -90.62347 -33.09664 1
-5.202034 -39.33585 -91.79123 1
-10.16564 -55.32257 -82.68054 1
-11.82236 -89.64053 -42.71774 1
-5.914817 -39.08928 -91.85339 1
-9.571723 -52.82837 -84.36555 1
-6.361511 -38.93338 -91.88973 1
-5.263246 -83.76469 -54.36703 1
-9.999995 -53.45811 -83.91801 1
1.570543 -81.81724 -57.47585 1
6.023883 -99.04453 -12.40542 -1
-1.380134 -99.9835 -1.180375 -1
-1.38013 -99.9835 -1.180376 -1
21.18217 -93.69183 -27.80565 -1
33.8455 -83.29884 -43.76969 -1
8.275446 -97.8678 -18.79924 -1
18.28124 -94.56188 -26.90441 -1
2.734596 -98.87011 -14.73848 -1
-21.17441 -93.69238 27.80976 -1
1.376745 -99.98358 1.177469 -1
1.376747 -99.98358 1.177469 -1
-8.403685 -99.12904 10.13968 -1
-34.98817 -83.51129 42.44635 -1
-14.23336 -98.11831 13.04645 -1
-20.56919 -94.86774 24.02123 -1
-11.05904 -99.14803 6.882282 -1
75.97838 2.158294 64.98176 -1
76.47549 1.842441 64.40578 -1
74.21162 3.340481 66.94382 -1
75.97847 2.164124 64.98145 -1
74.50642 2.204578 66.66283 -1
75.81537 2.139469 65.17249 -1
74.04192 1.702077 67.19299 -1
74.40195 2.164839 66.7807 -1
75.65385 2.110027 65.36086 -1
64.28461 -2.161134 76.56905 -1
75.6327 2.219632 65.38171 -1
74.86344 2.092452 66.26527 -1
74.47941 1.341946 66.71594 -1
73.39972 1.432826 67.90012 -1
48.46457 -1.284233 87.46162 -1
72.54012 2.4298 68.78973 -1
76.76371 0.3426684 64.08758 -1
46.71511 -1.430923 88.40617 -1
-23.46047 -13.33026 96.29076 -1
46.01564 0.1627735 88.78363 -1
46.19181 -0.1168675 88.69218 -1
-21.46557 -13.35607 96.75146 -1
-51.19575 -20.72425 83.36366 -1
-48.59364 -20.26098 85.01853 -1
-16.73721 -11.63253 97.90071 -1
-14.47331 -10.97884 98.33609 -1
-45.11644 -19.36102 87.11863 -1
-41.60123 -17.6533 89.20592 -1
-75.93635 -6.157228 -64.77467 -1
-75.80927 -12.27001 -64.04998 -1
-75.47308 -11.72 -64.54808 -1
-75.8698 -5.770813 -64.88813 -1
-75.98218 4.908355E-06 -65.01314 -1
-75.76791 -6.156837 -64.97165 -1
-75.03298 -12.26819 -64.95802 -1
-76.01022 4.90588E-06 -64.98035 -1
-75.99619 4.907118E-06 -64.99675 -1
-75.99584 4.90715E-06 -64.99717 -1
-75.99674 4.90707E-06 -64.99612 -1
-75.99631 4.907109E-06 -64.99663 -1
-75.99625 4.907115E-06 -64.9967 -1
-75.99625 4.907113E-06 -64.99668 -1
-75.99625 4.907115E-06 -64.9967 -1
0 -100 -7.54979E-06 -1
0 -100 -7.54979E-06 -1
0 -100 -7.54979E-06 -1
0 -100 -7.54979E-06 -1
0 -100 -7.54979E-06 -1
0 -100 -7.54979E-06 -1
0 -100 -7.54979E-06 -1
0 -100 -7.54979E-06 -1
79.60637 -33.72655 50.25283 -1
69.92739 -38.28206 60.37088 -1
75.44904 -4.955011E-06 65.63111 -1
76.21213 -1.836149 64.71738 -1
74.855 -5.006103E-06 66.30785 -1
92.77073 -16.76924 33.35243 -1
74.97388 -0.657525 66.1701 -1
74.83055 -5.008185E-06 66.33542 -1
74.97343 -0.6387071 66.17081 -1
77.30859 -3.140737 63.35234 -1
75.57233 -1.5822 65.46999 -1
75.5839 -1.476654 65.4591 -1
76.00072 -1.714364 64.96886 -1
75.98692 -1.552556 64.98906 -1
74.3448 -0.9666702 66.87239 -1
78.03951 -2.852782 62.46358 -1
96.4717 -3.465838 26.09979 -1
76.02253 -1.217104 64.95455 -1
77.99878 -2.541882 62.52784 -1
96.49877 -2.924389 26.066 -1
70.52218 -2.733266 70.84598 -1
64.28075 -2.140872 76.57285 -1
77.94688 -2.514644 62.59362 -1
96.51553 -2.914754 26.00494 -1
77.95094 -2.659667 62.58257 -1
96.52068 -3.218452 25.94994 -1
76.93758 -2.157712 63.84319 -1
94.54336 -22.67717 23.39443 -1
91.40061 -23.53601 33.0452 -1
68.13573 -1.997731 73.16782 -1
60.13174 0.4200539 79.89991 -1
65.81692 2.861039 75.23262 -1
54.74128 9.117364 83.18814 -1
56.35612 7.67829 82.2498 -1
66.6227 1.982684 74.54855 -1
56.07909 -2.595112 82.75506 -1
77.52342 -2.339911 63.12403 -1
97.95343 -0.5890071 20.11914 -1
81.31808 0.1659527 58.20089 -1
94.40747 27.90091 17.57176 -1
66.64032 -3.697101 74.46743 -1
53.88179 -18.87205 82.10114 -1
66.58717 -11.94602 73.64402 -1
55.27128 -38.48915 73.91665 -1
83.13059 8.428456 54.93875 -1
79.95892 53.67076 26.94475 -1
68.70076 -21.55964 69.39298 -1
64.42033 -53.04407 55.10306 -1
80.17089 18.74084 56.75745 -1
56.25197 67.24295 48.10509 -1
73.14246 -27.14761 62.55548 -1
73.70394 24.37566 63.03614 -1
68.50446 18.74162 70.39808 -1
39.02107 53.67314 74.8101 -1
79.20255 -21.56394 57.11351 -1
81.58082 -38.50236 43.1525 -1
67.16621 8.428658 73.60474 -1
31.99981 27.89685 90.54157 -1
83.07922 -11.94687 54.36099 -1
89.46383 -18.87216 40.49771 -1
70.10765 0.1509823 71.30845 -1
35.06742 -0.6264656 93.64764 -1
83.90169 -3.695611 54.28489 -1
90.45107 -2.595247 42.56606 -1
83.97846 1.983438 54.25572 -1
89.99439 7.678113 42.91918 -1
74.38869 -2.352768 66.78912 -1
75.00287 -2.159618 66.10526 -1
46.83212 -23.56103 85.15651 -1
37.77354 -22.67597 89.77171 -1
40.60491 -3.218204 91.32845 -1
84.52965 2.860981 53.3531 -1
90.67134 9.117223 41.17749 -1
88.25896 0.4200428 47.01255 -1
82.84949 -1.997717 55.96402 -1
85.61479 -2.140591 51.62873 -1
73.91378 -2.659614 67.3029 -1
40.65853 -2.915004 91.31477 -1
80.9258 -2.733224 58.68172 -1
77.59264 -0.9666391 63.07492 -1
73.92422 -2.51461 67.297 -1
40.71503 -2.923595 91.28931 -1
73.8666 -2.539333 67.35931 -1
40.74542 -3.429004 91.25817 -1
75.95878 -1.217117 65.02909 -1
73.81054 -2.836267 67.40891 -1
47.33479 -16.76528 86.47741 -1
75.96925 -1.714362 65.00564 -1
75.98698 -1.552549 64.98899 -1
76.38883 -1.476516 64.51795 -1
74.57549 -3.14055 66.54798 -1
76.39766 -1.582374 64.50499 -1
76.99731 -0.6385956 63.80443 -1
76.99676 -0.6580025 63.80491 -1
77.13811 -4.804487E-06 63.63736 -1
77.11453 -4.806643E-06 63.66591 -1
75.75339 -1.835671 65.25376 -1
61.98968 -33.7262 70.85072 -1
76.53982 -4.85872E-06 64.3557 -1
70.48935 -38.28205 59.71378 -1
76.79394 -4.83581E-06 64.05225 -1
76.79478 -4.835735E-06 64.05125 -1
76.79547 -4.835672E-06 64.05042 -1
76.79491 -4.835722E-06 64.05109 -1
76.79484 -4.835729E-06 64.05117 -1
76.79478 -4.835733E-06 64.05123 -1
76.79298 -0.1300963 64.05325 -1
76.79281 -0.1264136 64.05348 -1
52.91045 -69.47359 48.72271 -1
50.83951 -72.04594 47.167 -1
-3.298824 -99.87111 3.85721 -1
-3.298764 -99.87112 3.856865 -1
-3.299635 -99.87104 3.85844 -1
-3.299057 -99.87108 3.858074 -1
-3.301603 -99.87091 3.860318 -1
-3.297241 -99.87123 3.855592 -1
-3.298249 -99.87113 3.857148 -1
-3.29814 -99.87115 3.856813 -1
-3.298913 -99.87111 3.857181 -1
-3.299714 -99.87105 3.858181 -1
-3.29939 -99.87108 3.857785 -1
-3.300895 -99.87096 3.85954 -1
-3.300546 -99.87098 3.859191 -1
-3.298506 -99.87113 3.857039 -1
-3.298818 -99.87111 3.857337 -1
-3.299153 -99.87109 3.857633 -1
-3.299731 -99.87104 3.8582 -1
-3.30017 -99.87102 3.858616 -1
-3.3013 -99.87094 3.859656 -1
-3.301657 -99.87091 3.860119 -1
-3.300703 -99.87098 3.859216 -1
-3.30001 -99.87103 3.858337 -1
-3.297133 -99.87125 3.855111 -1
-3.297265 -99.87124 3.855301 -1
-3.299274 -99.87108 3.857811 -1
-3.300022 -99.87103 3.858504 -1
-3.302573 -99.87083 3.861477 -1
-3.304111 -99.8707 3.863319 -1
-3.299879 -99.87103 3.858451 -1
-3.298783 -99.87111 3.857353 -1
46.37941 -69.49507 54.94894 -1
44.54499 -72.03078 53.17246 -1
68.13187 -0.8338413 73.19395 -1
68.13218 -0.8402541 73.19358 -1
68.13069 -0.7970611 73.19545 -1
68.13065 -0.7970919 73.19548 -1
68.12846 -0.7975537 73.19752 -1
68.12741 -0.7975218 73.19849 -1
68.12301 -0.7985219 73.20258 -1
68.12978 -0.7986407 73.19628 -1
75.90562 -28.85201 58.36008 -1
52.83854 8.781615 84.44508 -1
36.98619 -0.1717371 92.90852 -1
75.9036 -28.8589 58.35929 -1
76.56928 -28.87055 57.47727 -1
77.43742 -28.87412 56.30036 -1
77.93134 -28.84031 55.63221 -1
77.80169 -28.84901 55.8089 -1
77.46672 -28.89945 56.24704 -1
77.37938 -28.90086 56.3664 -1
77.0664 -28.87208 56.80822 -1
77.05142 -28.87209 56.82852 -1
76.82878 -28.89927 57.11541 -1
76.83281 -28.90102 57.1091 -1
76.62157 -28.89471 57.39538 -1
76.58925 -28.89378 57.43897 -1
75.53073 -28.77994 58.87973 -1
75.15007 -28.7256 59.39114 -1
74.7771 -28.66602 59.8886 -1
75.01838 -28.71041 59.56471 -1
75.57812 -28.81104 58.80367 -1
75.57534 -28.82018 58.80277 -1
75.58424 -28.79087 58.80569 -1
75.58546 -28.78672 58.80614 -1
75.58516 -28.78629 58.80674 -1
75.58193 -28.79794 58.80519 -1
76.31382 -28.84927 57.82663 -1
76.39096 -28.8691 57.71478 -1
77.10973 -28.87894 56.74589 -1
77.11196 -28.8704 56.74722 -1
-39.74184 69.45773 59.96841 -1
-82.93501 55.07389 9.415425 -1
-64.15363 64.98612 -40.75679 -1
-47.76407 85.45457 20.39879 -1
-40.25792 56.40485 -72.09573 -1
-22.23929 46.69694 85.58511 -1
-31.46871 84.39307 -43.44571 -1
7.372234 50.89833 -85.76136 -1
-40.94889 79.1865 45.30659 -1
-4.232657 73.78405 -67.36468 -1
37.18563 34.75911 -86.07574 -1
-51.26752 79.03976 33.53141 -1
-31.85388 49.99385 80.53536 -1
-39.16287 89.07263 -23.07242 -1
-57.84482 79.79865 16.91603 -1
-34.67957 68.41087 64.16602 -1
-36.74028 81.13673 45.46409 -1
-41.2852 88.06888 -23.22507 -1
-8.673296 81.20506 -57.7106 -1
34.54923 47.02249 -81.21106 -1
30.01658 56.34669 -76.96789 -1
47.72242 32.84749 -81.50835 -1
55.65971 37.74598 -74.00836 -1
38.09618 56.02965 -73.54834 -1
74.04221 37.71825 -55.63348 -1
-5.310862 81.9157 -57.11053 -1
50.26184 57.00895 -64.99021 -1
67.36082 51.68739 -52.82928 -1
-48.49817 83.86668 -24.78523 -1
-13.55434 82.09113 -55.47366 -1
41.0158 66.69723 -62.20276 -1
51.92434 65.20364 -55.24805 -1
-61.46936 78.86324 -1.451214 -1
-53.06314 79.17118 -30.26928 -1
-23.33942 79.09653 -56.5598 -1
26.14639 73.38263 -62.70053 -1
36.08514 75.83352 -54.28758 -1
-62.45092 76.09509 -17.59043 -1
-43.52534 88.53916 16.32055 -1
-55.82612 73.93984 -37.63434 -1
-30.9919 76.17913 -56.88797 -1
13.52632 77.6845 -61.49924 -1
2.95135 77.61582 -62.98471 -1
22.40821 79.3018 -56.64889 -1
-61.0689 73.02431 -30.62742 -1
-50.78295 84.91453 -14.51257 -1
-57.68016 69.79815 -42.44073 -1
-36.67891 72.4301 -58.38268 -1
-8.792231 74.61516 -65.99452 -1
9.834826 78.2527 -61.47999 -1
1.591395 73.39402 -67.90276 -1
-58.28404 70.17188 -40.9741 -1
-54.35929 72.92187 -41.56281 -1
-59.67925 65.69056 -46.07752 -1
-43.36345 67.27696 -59.94515 -1
-7.649498 69.09103 -71.88821 -1
9.480533 67.34629 -73.31163 -1
2.213201 57.15677 -82.02564 -1
-30.99778 65.2962 -69.1053 -1
-28.84882 58.42746 -75.85498 -1
-45.41825 65.6643 -60.21115 -1
-39.63775 65.0737 -64.76312 -1
-47.79993 63.66618 -60.51269 -1
-50.51751 45.08224 -73.59058 -1
-37.80113 31.36386 -87.10559 -1
-53.36079 7.644227 -84.22703 -1
1.182457 99.98345 -1.382571 -1
1.18085 99.98351 -1.380566 -1
1.179099 99.98354 -1.37863 -1
1.180969 99.98349 -1.380734 -1
1.181158 99.98349 -1.38097 -1
1.178397 99.98356 -1.377824 -1
1.179751 99.98353 -1.379549 -1
1.181065 99.98349 -1.381236 -1
1.178533 99.98356 -1.378035 -1
1.17849 99.98356 -1.377995 -1
1.180447 99.98351 -1.380447 -1
1.179526 99.98353 -1.379151 -1
1.180557 99.98351 -1.380325 -1
1.179859 99.98353 -1.379578 -1
1.175986 99.98363 -1.374769 -1
1.177907 99.98357 -1.377135 -1
1.176629 99.98362 -1.375458 -1
1.179216 99.98354 -1.378768 -1
1.179394 99.98354 -1.378818 -1
1.177953 99.98357 -1.377017 -1
1.178228 99.98357 -1.377475 -1
1.17808 99.98357 -1.376966 -1
1.178804 99.98355 -1.378326 -1
-55.26573 63.36908 54.13001 -1
-56.96689 54.85696 61.20037 -1
-50.19686 68.90294 52.27484 -1
-67.19569 37.39231 63.92616 -1
-69.96269 28.3918 65.56773 -1
-80.66904 18.6643 56.07271 -1
-60.09684 44.00307 66.72406 -1
-77.20568 8.2429 63.01855 -1
-81.88911 1.481971 57.37575 -1
-90.03371 10.13069 42.32375 -1
-86.97151 27.44112 41.02365 -1
-91.5148 29.60308 27.36237 -1
-78.20702 33.89611 52.29451 -1
-85.20021 44.17054 28.10495 -1
-84.78078 50.99847 14.53873 -1
-82.86575 40.36964 38.77575 -1
-78.72984 59.46809 16.28368 -1
-70.02398 71.04244 7.043659 -1
-80.67488 52.54697 27.02554 -1
-65.70853 74.90348 8.476974 -1
-51.33918 85.79597 1.827411 -1
-73.80438 65.41784 16.53537 -1
-49.25866 86.96854 3.171151 -1
-30.31368 95.24744 3.001049 -1
-61.42511 78.31833 9.65374 -1
-28.63651 95.73621 3.811705 -1
-2.473031 99.88277 4.16122 -1
-45.91264 88.69857 4.959227 -1
-28.19921 95.84247 4.361801 -1
-25.17559 96.59047 6.039188 -1
-39.42526 91.51563 8.398668 -1
-51.39992 84.65778 13.82426 -1
-60.80042 76.75072 20.31343 -1
-66.06821 69.19087 29.11382 -1
-68.47427 62.13569 38.08453 -1
-65.86046 58.55634 47.26051 -1
-22.33426 97.35638 4.786899 -1
-29.1725 95.32628 7.865469 -1
-34.96324 92.97388 11.55124 -1
-38.58987 90.7021 16.85085 -1
-40.88369 88.48843 22.32312 -1
-39.73722 87.41983 27.90564 -1
0.5942633 99.98544 1.598945 -1
-0.2857304 99.94051 3.437127 -1
-14.91926 98.78738 4.297681 -1
-2.049403 99.90137 3.938924 -1
0.8671661 99.98862 1.235316 -1
0.3569554 99.96703 2.542797 -1
-0.687717 99.96925 2.382863 -1
30.0463 95.30231 -3.832904 -1
21.75013 97.60568 0.2482314 -1
11.15821 99.28831 4.162421 -1
21.482 97.58913 3.85829 -1
25.91724 96.48014 4.458528 -1
37.79137 92.57652 1.184126 -1
49.29916 86.99994 0.7777719 -1
51.98483 85.39241 -2.390081 -1
69.66936 71.57864 -4.762332 -1
64.258 76.05183 -9.328824 -1
84.62142 52.01273 -11.57115 -1
37.11522 92.65807 -6.077892 -1
41.69413 89.9444 -13.09982 -1
71.76797 66.73183 -19.90529 -1
92.01954 31.81758 -22.80452 -1
75.98093 57.53976 -30.26673 -1
92.0662 12.17773 -37.08797 -1
44.93711 87.19832 -19.41932 -1
43.30479 85.98965 -27.02733 -1
72.93134 52.83221 -43.47158 -1
84.12714 1.62833 -54.03678 -1
62.88375 53.33605 -56.5765 -1
72.62949 5.189599E-06 -68.73833 -1
67.92266 5.541007E-06 -73.39286 -1
1.030784 99.98985 0.9830536 -1
0.8587225 99.99358 0.7394816 -1
36.9935 86.45547 -34.01369 -1
57.03517 53.61513 -62.22868 -1
56.68388 53.68576 -62.48822 -1
67.40458 0.1702611 -73.86876 -1
33.62912 86.59315 -37.02308 -1
33.37909 86.5666 -37.31033 -1
-0.3304256 99.99906 -0.284231 -1
-0.4007533 99.9986 -0.348268 -1
-32.81943 87.65035 35.2179 -1
-34.84446 87.65796 33.19557 -1
-32.8396 87.73584 34.98549 -1
-58.50394 58.66872 55.99349 -1
-54.16885 60.463 58.39487 -1
-53.54429 61.37764 58.01547 -1
-49.51062 68.31214 53.68566 -1
-31.9004 88.33527 34.34013 -1
-33.85448 86.71344 36.53291 -1
-12.7061 98.38812 12.58298 -1
-10.20666 98.99209 9.817945 -1
14.0471 97.43419 -17.58574 -1
13.09814 97.75327 -16.51481 -1
30.46341 88.23495 -35.86884 -1
40.68042 78.64994 -46.46816 -1
29.74368 89.07452 -34.36631 -1
28.63367 89.77644 -33.47089 -1
0.2165352 99.99601 -0.8668262 -1
52.17731 66.43462 -53.51606 -1
38.30325 82.21902 -42.10574 -1
34.96893 82.22318 -44.9057 -1
50.03927 68.47654 -52.98146 -1
33.87858 69.87043 -63.01084 -1
32.47962 88.27156 -33.95888 -1
31.24199 88.93706 -33.3787 -1
0 99.99931 -0.3735358 -1
-0.299103 99.99921 -0.262151 -1
-0.1922403 99.99953 -0.2422834 -1
-33.12427 87.65131 34.92892 -1
-33.2934 86.67654 37.1312 -1
-32.80545 87.11852 36.52623 -1
-56.37888 53.63008 62.81112 -1
-34.61187 86.87978 35.41073 -1
-57.01572 57.45031 58.72537 -1
-56.47704 53.64567 62.70953 -1
-59.59637 54.59945 58.88269 -1
-79.53935 21.19558 56.78239 -1
-76.27095 3.278549 64.59097 -1
-67.13532 -0.1193918 74.11366 -1
-67.2996 -0.3866082 73.96361 -1
-13.48774 98.9087 5.928795 -1
-13.46745 98.91102 5.936099 -1
-14.35701 98.82081 5.322045 -1
-12.11795 99.02688 6.843443 -1
-8.989605 99.20383 8.819824 -1
-8.6223 99.21628 9.043651 -1
-5.287914 99.23632 11.14406 -1
-4.030243 99.19891 11.97218 -1
-3.837556 99.19002 12.10838 -1
-3.088998 99.15323 12.61327 -1
65.05079 5.734062E-06 -75.94995 -1
64.9967 5.737557E-06 -75.99625 -1
65.04372 5.734519E-06 -75.956 -1
64.9967 5.737557E-06 -75.99625 -1
65.14439 5.728003E-06 -75.8697 -1
64.94261 5.741047E-06 -76.04247 -1
64.94973 5.740588E-06 -76.03639 -1
64.84875 5.747091E-06 -76.12253 -1
64.99667 5.737559E-06 -75.99628 -1
65.28356 5.718963E-06 -75.74995 -1
64.70882 5.756075E-06 -76.24152 -1
64.99668 5.737558E-06 -75.99625 -1
66.17349 5.660363E-06 -74.97378 -1
63.80414 5.813354E-06 -77.00021 -1
64.99673 5.737554E-06 -75.99621 -1
67.00585 -1.46626 -74.21634 -1
62.92685 1.466036 -77.70496 -1
64.99674 5.737554E-06 -75.99621 -1
71.60871 -8.709952 -69.25553 -1
57.31215 8.710003 -81.48284 -1
64.9968 5.737551E-06 -75.99616 -1
76.00286 -2.793031 -64.92892 -1
52.35645 2.793021 -85.15281 -1
64.99677 5.737552E-06 -75.99619 -1
64.99672 5.737556E-06 -75.99622 -1
75.41915 2.760445 -65.60741 -1
53.11743 -2.760385 -84.68128 -1
64.99655 5.737566E-06 -75.99636 -1
75.28553 3.47356 -65.72689 -1
53.256 -3.473466 -84.56792 -1
64.9966 5.737564E-06 -75.99634 -1
75.26028 3.586434 -65.74973 -1
53.28276 -3.586275 -84.54636 -1
64.99673 5.737554E-06 -75.99621 -1
74.77337 3.617972 -66.30122 -1
53.90294 -3.617904 -84.15096 -1
64.9967 5.737556E-06 -75.99623 -1
73.93841 4.100939 -67.20338 -1
54.92337 -4.10097 -83.46619 -1
64.99675 5.737554E-06 -75.99621 -1
73.21112 4.824928 -67.94742 -1
55.77136 -4.824906 -82.863 -1
64.9967 5.737557E-06 -75.99625 -1
72.60439 5.23585 -68.56522 -1
56.47585 -5.235789 -82.35936 -1
64.99665 5.737559E-06 -75.99628 -1
71.63742 5.246604 -69.57408 -1
57.62251 -5.246346 -81.56055 -1
64.99662 5.737562E-06 -75.99632 -1
71.13107 5.182962 -70.09641 -1
58.21688 -5.182931 -81.14143 -1
13.60753 -98.69775 8.578448 1
39.35981 -91.88656 2.768592 1
44.10039 -89.15754 10.29995 1
15.75151 -98.5376 6.498571 1
13.14702 -98.72435 8.981037 1
37.17639 -92.79204 2.748556 1
11.17975 -98.68357 11.68611 1
10.22286 -94.50587 31.0505 1
12.09526 -92.50543 36.00624 1
16.86728 -98.39787 5.775049 1
32.26685 -94.55799 4.199722 1
9.958787 -98.53362 13.85451 1
10.99346 -93.35128 34.12744 1
15.62681 -98.5552 6.532754 1
26.71191 -96.23652 5.000592 1
10.00059 -98.60925 13.27417 1
11.12906 -94.87564 29.5763 1
14.88448 -98.67117 6.51543 1
11.01808 -98.75972 11.18573 1
12.2135 -96.65816 22.53959 1
14.84947 -98.70781 6.021794 1
12.06099 -98.83222 9.312634 1
12.6669 -97.56809 17.88904 1
11.27734 -90.75547 40.45079 -1
9.966954 -97.00938 22.13238 -1
14.42289 -88.11463 45.03099 -1
11.48095 -97.43981 19.3306 -1
12.13952 -92.70248 35.48072 -1
17.86671 -97.67913 11.81394 -1
12.08707 -97.63848 17.90617 -1
12.9089 -94.44175 30.23436 -1
19.25913 -97.56697 10.47725 -1
39.76317 -91.59362 5.431318 -1
39.74668 -91.39677 8.175105 -1
18.34771 -97.70964 10.77905 -1
35.40178 -93.09211 8.976276 -1
12.71798 -97.81615 16.4394 -1
12.85691 -96.14012 24.32645 -1
17.52958 -97.83575 10.99462 -1
30.75466 -94.63709 9.898116 -1
12.68554 -97.96381 15.5618 -1
12.59121 -97.04737 20.57345 -1
15.57847 -98.01523 12.26075 -1
23.01551 -96.56417 12.06843 -1
12.32456 -98.02962 15.43697 -1
12.79102 -97.20227 19.70048 -1
13.82235 -98.10757 13.55908 -1
13.00367 -98.09454 14.4349 -1
29.6335 -92.47803 -23.8677 -1
17.67194 -98.05906 8.49263 -1
70.41923 -58.4838 -40.25891 -1
71.04253 -59.54104 -37.52095 -1
47.53778 -87.63131 -7.80474 -1
15.85024 -98.55612 5.954934 -1
11.88688 -98.84802 9.368548 -1
19.91118 -97.58809 8.950404 -1
8.250518 -98.70803 13.73518 -1
11.07069 -98.83214 10.47132 -1
19.63706 -97.56807 9.739416 -1
24.16144 -96.6582 8.568251 -1
12.75879 -98.75983 9.149353 -1
30.94439 -94.87563 6.407745 -1
8.745178 -98.67112 13.69424 -1
9.082473 -96.23647 25.61347 -1
14.66466 -98.60924 7.82085 -1
35.41961 -93.35124 5.567523 -1
8.877127 -98.55521 14.4245 -1
9.152326 -94.55801 31.22532 -1
15.23424 -98.5329 7.693157 -1
37.4463 -92.50543 6.365538 -1
8.322471 -98.39761 15.76854 -1
8.475006 -92.79205 36.30164 -1
13.27526 -98.68428 9.229378 -1
32.26045 -94.50568 5.285769 -1
10.91208 -98.72417 11.59589 -1
8.862177 -98.53773 14.55261 -1
8.849268 -91.88625 38.45267 -1
10.58066 -98.69872 12.10842 -1
17.00903 -89.15803 41.9707 -1
-31.92164 -74.8547 -58.11869 -1
-7.587001 -49.70603 -86.43927 -1
-12.77815 -44.87287 -88.44854 -1
-35.18663 -75.86697 -54.82796 -1
-46.78036 -78.65902 -40.3033 -1
-47.00008 -78.42216 -40.50875 -1
3.150525 -47.7454 -87.80917 -1
-33.71851 -75.41956 -56.34673 -1
-47.18766 -78.21854 -40.68396 -1
-47.62931 -77.76434 -41.03847 -1
-31.61057 -75.39689 -57.58543 -1
16.48902 -52.83886 -83.28366 -1
-48.20196 -77.15675 -41.51391 -1
-34.29657 -76.48886 -54.52705 -1
14.07535 -66.77005 -73.10023 -1
-48.64524 -76.67308 -41.89129 -1
-36.70715 -76.68921 -52.64362 -1
-48.92181 -76.36747 -42.12678 -1
4.524573 -75.15361 -65.81384 -1
-36.172 -76.47901 -53.31554 -1
3.604324 -80.03213 -59.84871 -1
-81.74993 -57.59254 0.2213835 -1
-55.41378 -77.491 -30.40491 -1
-57.27344 -73.48743 -36.32285 -1
-84.08489 -54.07363 2.403251 -1
-91.20234 -39.32896 11.63472 -1
-91.29253 -39.22315 11.27917 -1
-46.23639 -83.41367 -30.07253 -1
-83.06889 -55.65726 1.352731 -1
-91.36773 -39.13344 10.97783 -1
-91.54718 -38.89251 10.31924 -1
-81.70046 -57.6546 0.9901431 -1
-37.47108 -90.49169 -20.17847 -1
-91.77473 -38.57935 9.435824 -1
-83.66473 -54.67738 3.255244 -1
-44.69616 -89.3528 -4.281402 -1
-91.94547 -38.33666 8.736593 -1
-85.21782 -52.16559 4.083611 -1
-92.04928 -38.18428 8.300091 -1
-55.14706 -83.32558 3.956042 -1
-84.8452 -52.80481 3.597749 -1
-57.13901 -81.30359 11.17402 -1
-96.81473 17.58551 17.82294 -1
-94.90492 -27.34666 15.65935 -1
-95.5663 -28.21257 8.43404 -1
-96.1372 22.07758 16.43837 -1
-91.12907 39.52319 11.5504 -1
-91.22881 39.39228 11.20501 -1
-90.91476 -35.26088 22.16255 -1
-96.48068 20.03564 17.03092 -1
-91.31308 39.27994 10.90914 -1
-91.4828 39.06558 10.23606 -1
-96.61874 18.02947 18.4325 -1
-85.54365 -37.19945 36.03451 -1
-91.70387 38.76839 9.349517 -1
-95.92538 22.11082 17.59069 -1
-86.64889 -22.07868 44.77167 -1
-91.87442 38.52541 8.653534 -1
-95.52753 24.78292 16.13375 -1
-91.97881 38.37167 8.216702 -1
-89.43864 -7.764209 44.05051 -1
-95.71489 23.93382 16.30437 -1
-88.0765 -0.873871 47.34729 -1
-61.92008 75.09151 -22.96015 -1
-86.26111 50.26916 5.659811 -1
-89.09106 45.40933 0.8815432 -1
-59.1779 76.05309 -26.71897 -1
-46.63228 78.66058 -40.4715 -1
-46.87209 78.42242 -40.65623 -1
-85.9947 48.32817 16.41036 -1
-60.47776 75.59206 -25.06553 -1
-47.07663 78.21785 -40.81374 -1
-47.49727 77.76385 -41.19214 -1
-61.36884 75.59673 -22.78157 -1
-79.41695 53.47678 28.86487 -1
-48.05943 77.15594 -41.68036 -1
-58.76149 76.64954 -25.9217 -1
-69.66303 67.31712 24.80861 -1
-48.50301 76.67306 -42.05592 -1
-57.29826 76.80128 -28.60893 -1
-48.77755 76.37029 -42.28863 -1
-63.94911 75.5603 14.18289 -1
-57.85496 76.62222 -27.96136 -1
-58.12189 80.43679 12.31943 -1
-12.19181 57.10186 -81.18335 -1
-38.20599 77.37745 -50.52754 -1
-44.41246 73.34685 -51.45651 -1
-10.36999 53.59014 -83.78878 -1
-2.433572 38.74692 -92.15614 -1
-2.799645 38.64246 -92.18961 -1
-36.50684 83.29657 -41.58043 -1
-11.29444 55.16543 -82.63905 -1
-3.109415 38.5535 -92.2169 -1
-3.79342 38.31535 -92.29054 -1
-11.31723 57.21165 -81.23267 -1
-25.13412 90.44511 -34.46677 -1
-4.701982 38.00739 -92.37603 -1
-9.459134 54.19151 -83.5093 -1
-10.66906 89.12967 -44.06895 -1
-5.417817 37.76909 -92.43453 -1
-8.894947 51.6661 -85.1557 -1
-5.865734 37.6187 -92.46851 -1
-4.182934 82.99255 -55.63039 -1
-9.269771 52.31579 -84.71795 -1
2.681286 80.89752 -58.7231 -1
2.493516 -18.24211 -98.29043 -1
0.9973731 26.73424 -96.355 -1
-6.332911 27.6268 -95.89919 -1
1.254526 -22.72611 -97.37531 -1
-2.947699 -40.10033 -91.56023 -1
-3.300658 -39.96841 -91.60586 -1
7.993171 34.61433 -93.47704 -1
1.752704 -20.67248 -97.82421 -1
-3.597721 -39.85746 -91.64301 -1
-4.289248 -39.63906 -91.70795 -1
3.121801 -18.68441 -98.18935 -1
22.52808 36.4895 -90.33826 -1
-5.201322 -39.33575 -91.79131 -1
2.335447 -22.73303 -97.35376 -1
30.83938 21.36711 -92.69508 -1
-5.915997 -39.08863 -91.85358 -1
0.9842505 -25.414 -96.71173 -1
-6.361479 -38.93345 -91.88971 -1
29.68824 6.983147 -95.23573 -1
1.127845 -24.57065 -96.92787 -1
33.11286 7.123874E-06 -94.35857 -1
-5.078754 -99.85185 -1.953161 -1
-1.177533 -99.98358 1.376798 -1
-1.18037 -99.98351 1.38012 -1
-5.077859 -99.85191 -1.95231 -1
-33.72754 -90.39919 -26.27624 -1
-33.72996 -90.39864 -26.275 -1
-77.5482 6.379608 -62.81384 -1
-77.5497 6.382348 -62.8117 -1
-27.45509 93.83054 -21.0249 -1
-27.45225 93.83088 -21.02712 -1
-30.10449 92.47061 -23.30037 -1
-30.10126 92.47068 -23.30424 -1
-14.48641 98.44637 -9.922561 -1
-14.48962 98.44603 -9.921219 -1
-1.177477 99.98358 1.376748 -1
-1.177475 99.98358 1.37675 -1
-75.99458 -0.6456118 -64.99542 -1
-75.99458 -0.6498483 -64.99538 -1
-75.99458 -0.6480558 -64.9954 -1
-75.99458 -0.643819 -64.99545 -1
-76.10117 -1.011751 -64.86592 -1
-75.98968 -1.303312 -64.99131 -1
-76.25142 -0.6152385 -64.69424 -1
-76.3616 -0.3217095 -64.56627 -1
-75.62981 -0.323965 -65.42192 -1
-75.63222 -0.3218792 -65.41914 -1
-75.6312 -0.3227616 -65.42033 -1
-75.62878 -0.3248464 -65.4231 -1
-75.99464 -0.6498433 -64.99532 -1
-75.99474 -0.6498405 -64.99521 -1
-75.99451 -0.6498471 -64.99548 -1
-75.9944 -0.6498497 -64.99561 -1
-75.88312 -1.011634 -65.12089 -1
-75.62756 -0.3215723 -65.42453 -1
-75.73685 -0.6151136 -65.29588 -1
-75.98965 -1.303203 -64.99134 -1
-56.28844 50.00091 65.81429 -1
-56.28741 50.00359 65.81314 -1
-56.2886 50.00042 65.81451 -1
-56.28913 49.99907 65.81509 -1
-56.28931 49.99859 65.8153 -1
-56.28876 49.99998 65.81473 -1
-76.3604 -0.3249085 -64.56768 -1
-76.3604 -0.3248989 -64.56768 -1
-76.3604 -0.32492 -64.56768 -1
-76.36039 -0.3249321 -64.56768 -1
78.32477 -14.25369 -60.51499 -1
73.6226 -30.15722 -60.58261 -1
55.90501 -46.81887 -68.4297 -1
53.45333 -46.76173 -70.39944 -1
74.71652 -3.729966 -66.3591 -1
50.87617 -47.9922 -71.47282 -1
34.89099 -66.44634 -66.08709 -1
9.523268 -76.21661 -64.03385 -1
20.3104 -71.37601 -67.0295 -1
12.1077 -80.39395 -58.22557 -1
-14.80236 -79.86968 -58.3243 -1
-34.93798 -78.30563 -51.45451 -1
-42.88456 -73.1766 -52.97263 -1
-66.59828 -59.86833 -44.50228 -1
-8.845166 -86.40674 -49.55439 -1
-78.97824 -37.17588 -48.78926 -1
-58.59501 -62.93581 -51.04614 -1
-25.66587 -87.88646 -40.21485 -1
-62.96036 -57.66625 -52.06337 -1
-73.47882 -26.3608 -62.49776 -1
-61.19586 -62.22679 -48.81488 -1
-37.81231 -87.62202 -29.87655 -1
-63.60459 -35.49857 -68.51501 -1
-45.61927 -87.25552 -17.47442 -1
-56.97602 -57.5633 -58.65322 -1
-50.51549 -86.29775 -0.9395434 -1
-59.04632 -73.13365 -34.13212 -1
-57.84799 -76.86948 -27.28903 -1
-55.98531 -80.12228 21.12022 -1
-60.44192 -79.46768 -5.6269 -1
-62.25745 -75.924 18.96195 -1
-62.64358 -71.68604 30.60872 -1
-60.27731 -66.03725 44.78536 -1
-60.48709 -47.28674 64.07242 -1
-62.70322 -47.99757 61.35585 -1
-53.03176 -4.028324 84.68414 -1
-58.70249 -47.10269 65.84342 -1
-46.32866 -15.2051 87.30671 -1
-47.80575 -31.0598 82.15778 -1
89.42012 37.03312 -25.15133 -1
78.21128 54.47878 -30.24992 -1
91.63039 39.91545 3.260099 -1
98.39296 16.64313 6.467756 -1
90.36195 -3.233848E-06 42.83361 -1
95.90379 11.45565 -25.90814 -1
88.04819 -13.04245 45.57862 -1
99.23244 -6.934503 10.23896 -1
95.3511 -19.94872 -22.58798 -1
81.82004 -22.4233 52.94033 -1
93.4572 -30.11889 18.93686 -1
84.84908 -52.084 -9.374927 -1
73.4491 -25.6773 62.81644 -1
80.85032 -47.68087 34.49292 -1
65.21329 -22.05711 72.53075 -1
58.19488 -78.61755 20.79994 -1
68.5062 -51.68736 51.33535 -1
59.31089 -12.63177 79.51514 -1
49.77946 -47.32214 72.68165 -1
29.63375 -78.84167 53.90577 -1
57.27892 -6.188583E-06 81.97026 -1
14.33473 -66.04026 73.71024 -1
34.53782 -27.91073 89.59983 -1
59.60241 12.43983 79.32719 -1
-5.285982 -27.59939 95.97048 -1
32.29638 -7.709976 94.32655 -1
65.61243 21.39303 72.36953 -1
34.26277 17.77325 92.25061 -1
-7.630092 11.9454 98.99035 -1
73.67408 24.52749 63.01214 -1
-2.912491 34.25064 93.90639 -1
44.06974 38.87624 80.91042 -1
81.6256 21.10957 53.77403 -1
11.42767 63.19248 76.65585 -1
54.50941 45.56573 70.37392 -1
87.15241 11.82471 47.58815 -1
58.74294 48.30856 64.92727 -1
21.35666 76.41489 60.86588 -1
88.89272 -3.45817E-06 45.80485 -1
-75.99652 4.90709E-06 -64.99638 -1
-75.996 4.907135E-06 -64.99698 -1
-75.99616 4.907122E-06 -64.9968 -1
-75.9965 4.907091E-06 -64.99639 -1
-75.99607 4.90713E-06 -64.9969 -1
-75.99595 4.907141E-06 -64.99706 -1
-75.99635 4.907105E-06 -64.99658 -1
-75.99632 4.907108E-06 -64.99661 -1
-75.99608 4.90713E-06 -64.99689 -1
-75.99599 4.907137E-06 -64.997 -1
-75.99619 4.90712E-06 -64.99677 -1
-75.99625 4.907113E-06 -64.99668 -1
-75.99603 4.907134E-06 -64.99695 -1
-75.99604 4.907132E-06 -64.99693 -1
-75.99629 4.90711E-06 -64.99665 -1
-75.9963 4.907109E-06 -64.99663 -1
-75.99617 4.90712E-06 -64.99678 -1
-75.99619 4.90712E-06 -64.99677 -1
-75.99631 4.907109E-06 -64.99663 -1
-75.99629 4.90711E-06 -64.99665 -1
-75.99603 4.907132E-06 -64.99693 -1
-75.99609 4.907129E-06 -64.99689 -1
-75.99625 4.907115E-06 -64.9967 -1
-75.99632 4.907107E-06 -64.9966 -1
-75.99609 4.907128E-06 -64.99688 -1
-75.996 4.907135E-06 -64.99698 -1
75.99608 -4.907129E-06 64.99689 -1
75.99633 -4.907107E-06 64.9966 -1
75.99625 -4.907113E-06 64.99668 -1
75.99612 -4.907125E-06 64.99684 -1
75.99648 -4.907094E-06 64.99643 -1
75.99663 -4.90708E-06 64.99624 -1
75.99614 -4.907124E-06 64.99683 -1
75.99603 -4.907134E-06 64.99695 -1
75.99613 -4.907125E-06 64.99684 -1
75.99616 -4.907122E-06 64.9968 -1
75.99609 -4.907129E-06 64.99689 -1
75.99603 -4.907134E-06 64.99695 -1
75.9963 -4.90711E-06 64.99664 -1
75.99632 -4.907107E-06 64.9966 -1
75.99631 -4.907109E-06 64.99663 -1
75.99628 -4.907111E-06 64.99665 -1
75.99615 -4.907122E-06 64.9968 -1
75.99619 -4.907119E-06 64.99676 -1
75.99623 -4.907115E-06 64.99671 -1
75.9963 -4.90711E-06 64.99664 -1
75.99638 -4.907103E-06 64.99654 -1
75.99635 -4.907105E-06 64.99657 -1
75.99613 -4.907124E-06 64.99683 -1
75.99606 -4.907131E-06 64.99693 -1
75.99625 -4.907113E-06 64.99668 -1
75.99632 -4.907107E-06 64.9966 -1
-75.99605 4.907131E-06 -64.99693 -1
-75.99603 4.907132E-06 -64.99693 -1
-75.99606 4.907131E-06 -64.99692 -1
-75.99607 4.90713E-06 -64.9969 -1
-75.99628 4.907112E-06 -64.99667 -1
-75.99626 4.907112E-06 -64.99667 -1
-75.99625 4.907113E-06 -64.99668 -1
-75.99625 4.907114E-06 -64.9967 -1
-75.99626 4.907113E-06 -64.99668 -1
-75.99628 4.907111E-06 -64.99666 -1
-75.99614 4.907124E-06 -64.99683 -1
-75.99609 4.907127E-06 -64.99686 -1
-75.99604 4.907132E-06 -64.99693 -1
-75.99604 4.907132E-06 -64.99693 -1
-75.99609 4.907128E-06 -64.99688 -1
-75.99606 4.90713E-06 -64.99691 -1
-75.99622 4.907116E-06 -64.99673 -1
-75.9962 4.907118E-06 -64.99675 -1
-75.99632 4.907107E-06 -64.9966 -1
-75.99631 4.907109E-06 -64.99663 -1
-75.99651 4.907092E-06 -64.9964 -1
-75.99652 4.90709E-06 -64.99638 -1
-75.99635 4.907105E-06 -64.99657 -1
-75.99638 4.907103E-06 -64.99654 -1
-75.99611 4.907126E-06 -64.99685 -1
-75.99604 4.907133E-06 -64.99694 -1
0 100 7.54979E-06 -1
0 100 7.54979E-06 -1
0 100 7.54979E-06 -1
0 100 7.54979E-06 -1
0 100 7.54979E-06 -1
0 100 7.54979E-06 -1
62.38385 -52.00238 -58.34387 -1
73.78839 -0.5669415 -67.49039 -1
77.28435 -4.810675 -63.27706 -1
63.22716 -50.15405 -59.04997 -1
72.46625 -0.2355395 -68.91 -1
62.63006 -49.98204 -59.82701 -1
36.76944 -87.34439 -31.92124 -1
37.91383 -86.532 -32.78345 -1
37.66783 -86.46869 -33.231 -1
3.995588 -99.856 3.579748 -1
4.049469 -99.84561 3.802037 -1
3.054767 -99.85201 4.499341 -1
-29.77301 -86.50398 40.38104 -1
-29.79433 -86.45979 40.45989 -1
-30.40463 -86.0809 40.8122 -1
-54.87244 -49.95387 67.03451 -1
-55.13691 -49.58905 67.08835 -1
-54.906 -49.9175 67.03413 -1
-64.9091 -5.743207E-06 76.07108 -1
-64.96526 -5.739586E-06 76.02312 -1
-65.01704 -5.736243E-06 75.97884 -1
-57.74027 49.58447 64.86479 -1
-57.61025 49.92376 64.71999 -1
-57.5201 49.96175 64.77084 -1
-35.62331 86.07683 36.35601 -1
-35.08258 86.51488 35.83834 -1
-35.23005 86.46807 35.80666 -1
-4.904855 99.85285 -2.313443 -1
-4.178439 99.85977 -3.250824 -1
-3.900557 99.87315 -3.184445 -1
26.00854 87.33112 -41.1926 -1
27.20358 86.48199 -42.19987 -1
26.80301 86.54678 -42.32323 -1
48.91083 50.1573 -71.35808 -1
48.01147 51.99278 -70.65161 -1
49.83892 49.99501 -70.82783 -1
51.18575 4.606955 -85.78342 -1
57.31525 0.2220999 -81.94456 -1
55.92377 0.5284854 -82.89906 -1
-85.74281 17.25163 48.4825 -1
-65.13423 24.53547 71.80211 -1
-72.61639 24.39415 64.27898 -1
-68.4744 28.03979 67.26832 -1
-70.47871 27.78005 65.27647 -1
-91.3717 20.35421 35.16985 -1
-70.40186 27.73641 65.37791 -1
-89.32152 29.77021 33.69572 -1
-68.31405 27.61709 67.60538 -1
-81.57674 35.19703 45.89557 -1
-64.6689 27.20211 71.25993 -1
-69.72878 31.23742 64.5145 -1
-60.29875 26.57141 75.21981 -1
-53.84262 21.8103 81.39585 -1
-35.54439 15.36252 92.19864 -1
-56.34318 26.01318 78.41404 -1
-53.97529 25.74588 80.14872 -1
-21.2057 18.20606 96.01488 -1
-19.56747 27.60879 94.10031 -1
-53.98282 25.70151 80.1579 -1
-32.42399 33.28213 88.54934 -1
-56.41929 25.57825 78.50233 -1
-52.49664 29.53815 79.8223 -1
-60.54456 25.16254 75.50631 -1
-71.4325 19.18308 67.30087 -1
75.99601 -4.907135E-06 64.99697 -1
75.99581 -4.907153E-06 64.99721 -1
75.99599 -4.907136E-06 64.99699 -1
75.99603 -4.907134E-06 64.99695 -1
75.99622 -4.907116E-06 64.99672 -1
75.99611 -4.907126E-06 64.99685 -1
75.99615 -4.907122E-06 64.9968 -1
75.99621 -4.907117E-06 64.99673 -1
75.99631 -4.907109E-06 64.99663 -1
75.99622 -4.907117E-06 64.99673 -1
75.99644 -4.907097E-06 64.99647 -1
75.99614 -4.907124E-06 64.99683 -1
75.99625 -4.907115E-06 64.9967 -1
75.99623 -4.907115E-06 64.9967 -1
75.99619 -4.907119E-06 64.99676 -1
75.99632 -4.907107E-06 64.9966 -1
75.99609 -4.907129E-06 64.99689 -1
75.99635 -4.907105E-06 64.99657 -1
75.99618 -4.90712E-06 64.99677 -1
75.99631 -4.907109E-06 64.99663 -1
75.99625 -4.907115E-06 64.9967 -1
75.99638 -4.907103E-06 64.99655 -1
75.99632 -4.907108E-06 64.99662 -1
75.99644 -4.907097E-06 64.99647 -1
75.99644 -4.907096E-06 64.99646 -1
75.99645 -4.907095E-06 64.99644 -1
77.82915 -5.842394 62.51791 -1
77.67311 -5.818737 62.71387 -1
78.57531 -2.886035 61.78666 -1
78.6571 -2.473226 61.70044 -1
77.74297 -4.10391 62.76297 -1
77.48869 -4.216647 63.06921 -1
81.16447 -2.489086 58.36208 -1
81.66998 -2.487794 57.65261 -1
76.21001 -0.2122416 64.74558 -1
75.95832 -0.1021105 65.04093 -1
75.93005 -4.912953E-06 65.07403 -1
75.93001 -4.912956E-06 65.07407 -1
75.91946 -4.913884E-06 65.08636 -1
75.91944 -4.913885E-06 65.08638 -1
75.92957 -4.912993E-06 65.07456 -1
75.92957 -4.912993E-06 65.07455 -1
75.70407 -4.932789E-06 65.33676 -1
75.95769 0.1019783 65.04169 -1
70.15597 -2.190763 71.22739 -1
69.63925 -2.227618 71.73153 -1
73.08054 -3.641499 68.16138 -1
73.26576 -3.724882 67.95773 -1
72.83886 -2.640164 68.46554 -1
72.88934 -2.889065 68.40174 -1
72.97425 -5.91346 68.116 -1
73.04443 -5.781635 68.05207 -1
-16.82536 96.59148 19.67212 -1
-16.82496 96.5915 19.67235 -1
-16.82505 96.59155 19.67209 -1
-16.82454 96.59173 19.67165 -1
-16.82388 96.59206 19.67051 -1
-16.82449 96.59182 19.67127 -1
-16.82118 96.59303 19.66812 -1
-16.82307 96.59225 19.67024 -1
-16.81956 96.59355 19.66694 -1
-16.82321 96.59222 19.67038 -1
-16.82129 96.59295 19.66839 -1
-16.82218 96.59259 19.66941 -1
-16.82197 96.59268 19.66915 -1
-16.82157 96.59295 19.66818 -1
-16.8234 96.59212 19.67068 -1
-16.82029 96.59346 19.66677 -1
-16.8235 96.59219 19.67025 -1
-16.81991 96.59366 19.66607 -1
-16.82295 96.59227 19.67031 -1
-16.81953 96.59368 19.66628 -1
-16.82272 96.59248 19.66951 -1
-16.81981 96.59359 19.66651 -1
-16.8207 96.59323 19.66751 -1
-16.82018 96.59346 19.66684 -1
-62.7821 25.88246 73.40646 -1
-62.78195 25.88262 73.40652 -1
-62.78207 25.88221 73.40656 -1
-62.78205 25.88153 73.40681 -1
-62.78234 25.8811 73.40672 -1
-62.78188 25.88209 73.40677 -1
-62.78231 25.8799 73.40717 -1
-62.78242 25.87915 73.40733 -1
-62.78244 25.87909 73.40733 -1
-62.78211 25.88105 73.40694 -1
-62.78198 25.8819 73.40674 -1
-62.78256 25.87884 73.40733 -1
-62.78173 25.88361 73.40635 -1
-62.78129 25.88601 73.40589 -1
-62.78173 25.88401 73.40623 -1
-62.78191 25.88321 73.40635 -1
-62.7817 25.88321 73.40653 -1
-62.78195 25.88225 73.40665 -1
-62.78182 25.88274 73.40659 -1
-62.78189 25.88243 73.40663 -1
-62.78197 25.88141 73.40692 -1
-62.78152 25.88333 73.40664 -1
-62.7822 25.88093 73.40691 -1
-62.78207 25.8813 73.40688 -1
45.96027 70.71002 -53.73774 -1
45.96003 70.70995 -53.73804 -1
45.96024 70.70981 -53.73806 -1
45.95994 70.71012 -53.7379 -1
45.96067 70.70979 -53.73771 -1
45.95956 70.71046 -53.73777 -1
45.95911 70.71133 -53.73702 -1
45.95908 70.71143 -53.73693 -1
45.95911 70.71133 -53.73701 -1
45.95908 70.71142 -53.73693 -1
45.95967 70.71052 -53.73761 -1
45.95947 70.71088 -53.7373 -1
45.95938 70.71126 -53.73689 -1
45.95917 70.71124 -53.73709 -1
45.95916 70.71127 -53.73706 -1
45.95913 70.71124 -53.73712 -1
45.96017 70.70979 -53.73816 -1
45.95998 70.71006 -53.73796 -1
45.96038 70.70976 -53.738 -1
45.95985 70.71017 -53.73791 -1
45.95945 70.71072 -53.73753 -1
45.95889 70.71113 -53.73746 -1
45.95935 70.71081 -53.7375 -1
45.95944 70.71066 -53.73762 -1
-16.82407 -96.59238 19.6688 -1
-16.8224 -96.59253 19.66951 -1
-16.82058 -96.59323 19.66764 -1
-16.82411 -96.59183 19.6715 -1
-16.82238 -96.5918 19.6731 -1
-16.82042 -96.59343 19.66679 -1
-16.82269 -96.59236 19.6701 -1
-16.82268 -96.59248 19.66958 -1
-16.82077 -96.59328 19.66725 -1
-16.82311 -96.59167 19.67314 -1
-16.8236 -96.59204 19.67089 -1
-16.82076 -96.59326 19.66731 -1
-16.82367 -96.59263 19.66795 -1
-39.28833 -30.3085 86.82063 -1
-67.85427 -14.32566 72.04563 -1
-72.77069 -10.17771 67.82949 -1
-93.01906 8.563239 35.69489 -1
-54.41183 -19.41981 81.62244 -1
2.979981 -38.31248 92.32157 -1
-78.94294 -9.775338 60.60077 -1
-99.53628 9.482975 -1.613691 -1
-40.38152 -22.20992 88.74712 -1
35.08011 -19.32363 91.62961 -1
-64.18923 -15.71391 75.05208 -1
-86.02177 -9.492383 50.1014 -1
-96.97491 -14.93424 -19.30893 -1
-30.69451 -18.82809 93.29176 -1
-87.75485 -14.54073 45.69085 -1
-31.66268 -14.78087 93.69633 -1
28.23062 9.671922 95.44363 -1
-93.10783 -36.13253 5.037131 -1
27.49804 4.316772 96.04803 -1
-83.43669 -15.89539 52.7793 -1
-94.23062 -33.45538 1.151901 -1
-44.07655 -15.27103 88.45368 -1
-78.31776 -16.44561 59.96557 -1
-32.51533 -14.45278 93.45518 -1
40.21539 -14.20037 90.44929 -1
-32.43726 -15.06723 93.38524 -1
40.24239 -14.60874 90.3722 -1
-64.25845 -15.03204 75.13248 -1
-86.58969 -19.05532 46.25063 -1
-94.71028 -19.53778 -25.46051 -1
-86.68558 -18.6279 46.24512 -1
-94.77478 -19.13034 -25.52982 -1
-64.12875 -16.28704 74.98158 -1
-64.1189 -16.38279 74.96912 -1
-64.20605 -15.54943 75.07195 -1
-64.18096 -15.79478 75.04218 -1
-64.19775 -15.63391 75.06151 -1
-86.69383 -18.70039 46.20037 -1
-94.61417 -19.88117 -25.55188 -1
-64.1974 -15.63653 75.06126 -1
-86.30809 -21.02487 45.92243 -1
-93.09555 -26.43839 -25.18394 -1
-32.40208 -14.92981 93.41952 -1
40.33785 -13.92495 90.43757 -1
-64.19689 -15.63956 75.06106 -1
-32.42933 -13.07894 93.68714 -1
40.63672 -8.071218 91.01381 -1
-80.68892 -22.5844 54.58245 -1
-88.55915 -45.61511 -8.74863 -1
-75.4734 -28.29692 59.18657 -1
-54.95452 -5.153193 83.38732 -1
-60.31977 -12.825 78.72131 -1
-32.53651 -6.704431 94.32088 -1
35.37613 19.28974 91.52287 -1
-22.24309 14.63411 96.39029 -1
63.96881 5.80303E-06 -76.86346 -1
61.48219 -4.74892 -78.72349 -1
63.12899 5.855216E-06 -77.55469 -1
63.54725 5.82937E-06 -77.21235 -1
63.99328 0.2372131 -76.84271 -1
55.19093 -11.23957 -82.62949 -1
63.96748 5.803113E-06 -76.86456 -1
63.82244 5.812209E-06 -76.98505 -1
64.20571 0.7861809 -76.66164 -1
48.15658 -10.26187 -87.03814 -1
63.9696 5.802981E-06 -76.86281 -1
63.8928 5.8078E-06 -76.92665 -1
63.97004 5.802953E-06 -76.86244 -1
64.04814 5.798041E-06 -76.79738 -1
64.11953 5.793541E-06 -76.73777 -1
64.39558 5.776063E-06 -76.50627 -1
64.81581 5.749208E-06 -76.15057 -1
66.30524 5.234188 -74.67408 -1
71.56823 12.78252 -68.66291 -1
77.60317 12.61273 -61.79536 -1
64.54113 1.201861 -76.37407 -1
64.69904 1.294025 -76.23884 -1
80.07961 9.606018 -59.11835 -1
64.69832 1.297085 -76.23941 -1
45.41942 -7.025636 -88.81281 -1
80.33263 8.575425 -58.93328 -1
45.18087 -5.978556 -89.01093 -1
80.61156 8.982476 -58.49009 -1
44.67248 -6.401327 -89.23783 -1
64.67336 1.282437 -76.26083 -1
64.63853 1.302866 -76.28999 -1
84.50738 12.40885 -52.00503 -1
37.6677 -9.846076 -92.10971 -1
84.57775 12.467 -51.87656 -1
37.44939 -9.917552 -92.19102 -1
83.57402 13.31895 -53.27277 -1
38.86959 -10.83068 -91.49782 -1
64.58337 1.272347 -76.3372 -1
82.35966 14.32987 -54.87753 -1
40.54291 -11.91037 -90.63341 -1
64.5329 1.236292 -76.38047 -1
80.77267 14.96659 -57.02436 -1
42.7982 -12.63167 -89.49165 -1
64.47336 1.192908 -76.43144 -1
79.46457 14.90684 -58.84869 -1
44.73931 -12.63156 -88.53722 -1
64.44109 1.164063 -76.45907 -1
-53.83281 7.123663 -83.97191 -1
5.773253 1.500007 -99.82193 -1
-54.31039 6.759538 -83.69402 -1
-23.71488 12.4498 -96.34628 -1
-23.10349 12.50655 -96.48738 -1
11.28277 33.14899 -93.6688 -1
-11.87154 18.58074 -97.53882 -1
-12.29261 23.26571 -96.47589 -1
25.98701 41.03938 -87.40964 -1
54.40034 51.98527 -65.86453 -1
38.3516 48.21777 -78.76676 -1
40.29275 34.26624 -84.86647 -1
41.29481 33.13705 -84.83321 -1
62.5958 6.931771 -77.677 -1
63.03946 5.59644 -77.42548 -1
62.38052 -16.56206 -76.38304 -1
-42.6351 17.0752 -88.82954 -1
60.42541 -30.61363 -73.56341 -1
18.60392 -7.704397 -97.95171 -1
-21.42452 13.82709 -96.69437 -1
36.8994 -23.61952 -89.89189 -1
61.22898 -31.87715 -72.35233 -1
-0.1167948 -9.925645 -99.50613 -1
-7.281124 -14.59497 -98.6609 -1
62.53294 -27.90072 -72.87785 -1
30.40611 -24.84105 -91.96951 -1
-11.42785 -23.06237 -96.63091 -1
62.7554 -27.66339 -72.77704 -1
74.62768 -28.91835 -59.95363 -1
63.82447 -20.30087 -74.25842 -1
75.96009 -36.57582 -53.77987 -1
64.69019 -24.09235 -72.35149 -1
81.96952 -43.59788 -37.15134 -1
72.61228 -34.69788 -59.35919 -1
57.11548 -53.28697 -62.43654 -1
56.57016 -53.13732 -63.05745 -1
59.5621 -72.69543 -34.1721 -1
59.80524 -72.78006 -33.56184 -1
52.27979 -82.1188 -22.87636 -1
72.8143 -68.20135 6.830414 -1
34.56632 -86.37667 -36.66388 -1
73.58306 -67.30204 7.481174 -1
85.46874 -29.88398 42.45046 -1
81.62671 -49.23458 30.2165 -1
80.58082 -53.11405 26.18456 -1
80.68526 -53.21441 25.65376 -1
77.96459 -52.76797 33.72039 -1
77.64698 -52.65303 34.6209 -1
85.87701 -47.96726 -18.00779 -1
81.8066 -45.40583 -35.2986 -1
82.22077 -32.86219 -46.47387 -1
89.72376 -35.84164 -25.78802 -1
79.99418 -31.28932 -51.20459 -1
94.9586 -29.8637 -9.54056 -1
62.8666 -27.61885 -72.69792 -1
82.7869 -30.13371 -47.31058 -1
32.56025 -27.91527 -90.33587 -1
85.12801 -27.86055 -44.46362 -1
97.15652 -22.15824 -8.343979 -1
62.79712 -27.92775 -72.63995 -1
62.841 -27.57096 -72.73824 -1
35.27702 -29.89189 -88.66795 -1
2.000739 -31.65798 -94.83549 -1
83.106 -26.13466 -49.09555 -1
97.51871 -18.63647 -11.9491 -1
92.2922 -23.55509 -30.45172 -1
98.66228 -12.93766 9.918154 -1
95.60773 -27.68587 9.625706 -1
62.79236 -27.40111 -72.84435 -1
43.32508 -29.63959 -85.11423 -1
16.10807 -32.88311 -93.05499 -1
27.73247 -32.65554 -90.35777 -1
-4.607122 -36.74962 -92.88833 -1
-24.34154 -27.61957 -92.97661 -1
62.66228 -27.55554 -72.89808 -1
62.50453 -28.8892 -72.51619 -1
63.00395 -24.92146 -73.54877 -1
62.59347 -30.55474 -71.75282 -1
62.65313 -23.76357 -74.22855 -1
62.25554 -24.73603 -74.24538 -1
62.90239 -29.03901 -72.11121 -1
14.98956 -28.44456 -94.69013 -1
-21.5205 -6.70309 -97.42657 -1
62.0374 -26.02557 -73.98669 -1
90.00631 -32.43529 -29.1001 -1
88.18989 -43.95883 -17.03419 -1
81.02773 -39.44041 -43.34699 -1
62.78664 -28.61653 -72.38047 -1
70.20023 -35.52211 -61.72607 -1
62.502 -28.80736 -72.55093 -1
74.63322 -40.32465 -52.95097 -1
62.12471 -27.84446 -73.24757 -1
51.45346 -18.53641 -83.71942 -1
43.57573 -10.18501 -89.42831 -1
6.879951 4.612123 -99.65639 -1
32.96411 -10.43472 -93.83221 -1
62.26566 -25.45176 -73.99456 -1
16.88701 -16.9816 -97.08994 -1
38.03073 -89.43582 23.55622 -1
28.84654 -95.74753 0.5349954 -1
-17.93132 -93.60802 30.2656 -1
20.5001 -97.2171 -11.33939 -1
-14.63149 -91.97048 36.43282 -1
41.43617 -77.66188 47.45182 -1
-19.96084 -94.27147 26.72931 -1
8.753469 -99.2061 -9.029235 -1
-17.3992 -96.22935 20.90882 -1
-32.64324 -86.46056 38.19673 -1
-32.64445 -86.45911 38.19896 -1
-13.9586 -89.1125 43.17543 -1
37.32585 -67.67831 63.45414 -1
-14.45008 -86.47431 48.09768 -1
23.74446 -68.72049 68.65634 -1
-17.17322 -85.36257 49.17634 -1
-32.66053 -86.45105 38.20348 -1
-32.66733 -86.45016 38.19965 -1
-32.66928 -86.45002 38.19831 -1
-46.99153 -84.3995 25.85577 -1
-49.48723 -82.70024 26.6774 -1
-74.65475 -65.9055 -9.11773 -1
-83.44439 -54.28313 -9.506601 -1
-50.12505 -80.47875 31.7907 -1
-88.30627 -46.33641 7.412038 -1
-32.65376 -86.45301 38.20482 -1
-49.50976 -77.84535 38.58607 -1
-46.2691 -76.44621 44.89041 -1
-86.30013 -38.35483 32.88153 -1
-76.84849 -31.45221 55.72313 -1
-68.19829 -29.06606 67.11304 -1
-32.64864 -86.45634 38.20167 -1
-44.18773 -75.59098 48.30578 -1
-60.65834 -38.2056 69.72014 -1
-45.85347 -71.27152 53.08323 -1
90.13503 -16.69002 39.96398 -1
90.12885 -16.67595 39.98381 -1
93.93933 -33.62033 6.713938 -1
82.23396 -5.745385 56.60888 -1
93.95825 -33.772 5.594638 -1
83.8154 -45.87094 -29.50992 -1
81.92416 -5.756573 57.05518 -1
75.95886 0.1542014 65.0402 -1
75.94818 0.1673408 65.05264 -1
75.90284 -4.915347E-06 65.10574 -1
82.0966 -6.072094 56.77392 -1
83.63319 -45.80409 -30.12434 -1
69.52367 -50.40093 -51.24653 -1
68.72545 -50.15619 -52.54686 -1
57.98037 -51.02172 -63.52213 -1
57.95273 -51.00455 -63.56113 -1
83.7495 -45.71422 -29.93712 -1
69.09135 -50.14184 -52.07861 -1
57.95586 -50.97755 -63.57994 -1
57.96854 -50.94873 -63.59146 -1
94.01076 -33.57279 5.903129 -1
68.70048 -50.19756 -52.53999 -1
58.00246 -50.92434 -63.58006 -1
69.81023 -49.62093 -51.61682 -1
83.64816 -45.76529 -30.14171 -1
83.96548 -45.45858 -29.72061 -1
94.0034 -33.65588 5.535597 -1
90.10805 -16.76802 39.99217 -1
94.19139 -32.97078 6.396086 -1
90.10794 -16.756 39.99742 -1
81.98724 -6.422018 56.89333 -1
90.11474 -16.71943 39.99744 -1
81.85562 -5.940453 57.13465 -1
75.89485 -4.91605E-06 65.11506 -1
75.87255 -4.918013E-06 65.14105 -1
-8.779029 -96.96467 22.82069 -1
4.290002 -95.5341 29.23752 -1
26.3942 -94.00153 -21.61148 -1
28.53131 -89.34409 34.69292 -1
22.57373 -94.64607 -23.07698 -1
-8.354894 -99.05748 10.85414 -1
17.20671 -96.53279 -19.63029 -1
31.98947 -87.02602 -37.45857 -1
31.98718 -87.02817 -37.45554 -1
33.03643 -92.38931 -19.30833 -1
31.99416 -87.03364 -37.43685 -1
52.68888 -77.78094 34.26376 -1
39.7791 -89.60949 -19.69169 -1
67.91057 -67.98917 27.66996 -1
44.59025 -87.02261 -20.94697 -1
71.00772 -69.12756 13.38967 -1
45.26419 -85.925 -23.83374 -1
31.98796 -87.04075 -37.42565 -1
32.0006 -87.03718 -37.42311 -1
31.99692 -87.04358 -37.41138 -1
17.58909 -85.00011 -49.65486 -1
22.97902 -81.14936 -53.72844 -1
18.01609 -83.32386 -52.27384 -1
-21.13986 -66.42782 -71.69695 -1
-22.80459 -54.85896 -80.43908 -1
-6.803495 -47.09605 -87.95269 -1
29.80311 -78.55824 -54.22524 -1
36.52244 -77.1844 -52.04498 -1
18.739 -39.29956 -90.02441 -1
42.76466 -32.52141 -84.34181 -1
55.4954 -30.14728 -77.53323 -1
31.98471 -87.03114 -37.45076 -1
40.27607 -76.33206 -50.50995 -1
59.15953 -39.2561 -70.42094 -1
44.75453 -72.06393 -52.95112 -1
71.87975 32.78608 61.3056 -1
71.88741 32.7743 61.3029 -1
58.04301 65.28996 48.66447 -1
75.23632 11.92485 64.78653 -1
57.34155 66.09262 48.4119 -1
34.29294 89.55347 28.3579 -1
33.70247 89.81664 28.2332 -1
15.4768 98.07387 11.91579 -1
75.4576 11.44676 64.61518 -1
75.91302 -0.1063615 65.09379 -1
75.90652 -0.1400297 65.1013 -1
75.98559 -0.1562398 65.00896 -1
75.49033 11.88274 64.49815 -1
57.4741 65.82221 48.62268 -1
14.06991 98.35333 11.34288 -1
2.4889 99.96021 1.327247 -1
2.477304 99.96081 1.303654 -1
2.44642 99.9613 1.324427 -1
33.84449 89.70645 28.41308 -1
14.54791 98.24229 11.69658 -1
2.411143 99.9614 1.380666 -1
14.11152 98.35276 11.29601 -1
2.434849 99.96017 1.426099 -1
14.89802 98.07517 12.6218 -1
33.72068 89.8058 28.24598 -1
33.99477 89.54542 28.73975 -1
57.21524 66.09604 48.55645 -1
71.93697 32.78053 61.2414 -1
57.55423 65.27911 49.25593 -1
71.94476 32.7563 61.24522 -1
75.74514 11.89671 64.19611 -1
71.91356 32.76267 61.27844 -1
75.5983 11.43887 64.45192 -1
76.06223 -0.1247692 64.91935 -1
76.06541 -0.1475807 64.91557 -1
17.77643 -93.71088 -30.03778 -1
-29.00857 -95.69959 -0.3036078 -1
-38.21473 -89.38763 -23.44108 -1
-20.64396 -97.15717 11.58923 -1
14.45882 -92.07221 -36.24432 -1
32.50121 -86.60796 -37.98329 -1
-41.58673 -77.69923 -47.2586 -1
13.78161 -89.25421 -42.93893 -1
-37.48578 -67.77903 -63.25204 -1
19.84883 -94.33627 -26.58369 -1
32.50974 -86.60336 -37.98652 -1
-8.819941 -99.17091 9.34564 -1
23.8848 -92.86426 -28.38566 -1
32.44298 -86.66418 -37.90478 -1
40.32643 -78.72091 -46.65615 -1
32.50787 -86.60456 -37.98537 -1
46.15441 -76.63446 -44.68702 -1
44.02023 -75.8391 -48.06923 -1
60.47158 -38.46915 -69.73745 -1
68.10766 -29.33518 -67.08796 -1
76.82484 -31.72461 -55.60119 -1
86.24718 -38.61018 -32.72123 -1
49.37584 -78.0347 -38.37464 -1
88.21104 -46.54179 -7.257526 -1
49.97202 -80.65144 -31.59337 -1
83.30882 -54.45896 9.688231 -1
32.49414 -86.61143 -37.98143 -1
49.3168 -82.87225 -26.45834 -1
74.4875 -66.06672 9.316714 -1
46.81339 -84.56248 -25.64552 -1
32.49815 -86.60403 -37.9949 -1
32.48957 -86.61093 -37.98651 -1
16.99595 -85.51949 -48.96482 -1
14.26802 -86.62567 -47.8792 -1
-23.87063 -68.82921 -68.50352 -1
59.3722 -16.79472 -78.69485 -1
31.03785 -63.76926 -70.49918 -1
14.50747 -50.59953 -85.02483 -1
41.41852 -67.61787 -60.92889 -1
54.3196 -13.77586 -82.82275 -1
-0.6880206 -30.93929 -95.09094 -1
50.51792 -8.322333 -85.89923 -1
-7.00589 -13.16052 -98.88234 -1
62.24852 -18.21873 -76.11307 -1
65.01308 0.2798367 -75.98172 -1
51.29855 -60.47429 -60.9206 -1
64.09066 -14.60558 -75.35956 -1
64.99171 0.5951778 -75.99818 -1
64.40472 15.90864 -74.82612 -1
65.01085 0.2691405 -75.98367 -1
48.20306 -3.4911 -87.54585 -1
3.004099 -2.559939 -99.92209 -1
49.4552 -0.6859402 -86.9121 -1
65.00491 0.2634553 -75.98876 -1
64.99662 0.2829897 -75.99578 -1
64.99788 0.2617663 -75.99479 -1
79.00579 3.999525 -61.17262 -1
78.18888 1.218261 -62.3299 -1
98.23622 3.009146 -18.4551 -1
98.7369 13.46703 -8.3465 -1
76.99931 8.859178 -63.18719 -1
93.93168 31.34744 -13.93476 -1
73.35759 14.32123 -66.43469 -1
68.50778 17.33886 -70.75343 -1
81.55868 51.01876 -27.2996 -1
64.67065 64.15533 -41.25289 -1
53.51977 68.03358 -50.07061 -1
64.99689 0.2840724 -75.99555 -1
65.48929 18.773 -73.20332 -1
52.07878 60.92531 -59.79889 -1
-62.78263 25.88147 73.40634 -1
-62.78401 25.87187 73.40854 -1
-62.78328 25.87685 73.4074 -1
-62.78255 25.87871 73.40739 -1
-62.78207 25.88067 73.40711 -1
-62.78321 25.87358 73.40862 -1
-62.89124 25.8775 73.3147 -1
-63.0844 25.87822 73.14832 -1
-62.87578 25.87509 73.32882 -1
-69.28168 18.46658 69.70677 -1
-62.94697 25.87539 73.26762 -1
-68.37106 20.2317 70.11473 -1
-62.9693 25.87574 73.24829 -1
-62.86021 25.88529 73.33856 -1
-63.07055 25.8799 73.15968 -1
-63.16039 25.88081 73.0818 -1
-63.2126 25.88259 73.03601 -1
-63.21968 25.88296 73.02974 -1
-77.10771 10.41447 62.8167 -1
-63.23239 25.88312 73.0187 -1
-63.23252 25.8834 73.01848 -1
-63.11065 25.88106 73.12466 -1
-63.09055 25.88151 73.14185 -1
-62.88659 25.88121 73.31739 -1
-62.8642 25.88173 73.3364 -1
-62.68644 25.88103 73.48865 -1
-62.69132 25.88038 73.48473 -1
-62.52169 25.88011 73.62919 -1
-62.49746 25.88071 73.64955 -1
-62.35231 25.88164 73.77216 -1
-62.34206 25.88207 73.78066 -1
-62.32901 25.88276 73.79144 -1
-62.32916 25.88337 73.7911 -1
-62.45243 25.87833 73.68857 -1
-62.46167 25.88005 73.68015 -1
-62.55951 25.87851 73.59763 -1
-62.60069 25.88214 73.56133 -1
-62.6621 25.88279 73.5088 -1
-62.74596 25.88208 73.43747 -1
-62.78125 25.88132 73.40758 -1
-62.78132 25.88753 73.40532 -1
-62.72545 25.87921 73.45599 -1
-62.79724 25.88273 73.39339 -1
-62.73653 25.87727 73.44721 -1
-62.78194 25.88382 73.40611 -1
-62.78238 25.88335 73.40589 -1
-62.78212 25.88099 73.40695 -1
-62.78202 25.88256 73.40647 -1
-45.95938 70.71094 53.7373 -1
-45.95876 70.71169 53.73685 -1
-45.96072 70.70891 53.73883 -1
-45.95969 70.71059 53.73749 -1
-45.96069 70.70911 53.73859 -1
-45.96014 70.70997 53.73793 -1
-45.96078 70.70883 53.73888 -1
-45.9597 70.71061 53.73747 -1
-45.9611 70.70829 53.73932 -1
-45.96016 70.70972 53.73824 -1
-45.95842 70.71251 53.73606 -1
-45.95977 70.7105 53.73755 -1
-45.95842 70.71258 53.73597 -1
-45.95996 70.70997 53.73807 -1
-45.95824 70.71269 53.73597 -1
-45.96104 70.70838 53.73924 -1
-45.95802 70.71266 53.7362 -1
-45.95942 70.7108 53.73745 -1
-45.95966 70.71034 53.73783 -1
-45.95853 70.7123 53.73623 -1
-45.95963 70.71036 53.73784 -1
-45.95824 70.71284 53.73577 -1
-45.95993 70.71046 53.73745 -1
-45.95934 70.71169 53.73636 -1
16.82367 -96.59204 -19.67088 -1
16.82293 -96.59237 -19.66986 -1
16.82301 -96.59229 -19.67016 -1
16.82158 -96.59291 -19.6683 -1
16.824 -96.59196 -19.67092 -1
16.82112 -96.59319 -19.66734 -1
16.82358 -96.5921 -19.67058 -1
16.8209 -96.59331 -19.667 -1
16.82302 -96.5924 -19.66962 -1
16.82134 -96.59298 -19.66821 -1
16.8213 -96.59303 -19.66805 -1
16.82086 -96.59323 -19.66739 -1
16.82145 -96.59293 -19.66832 -1
16.8219 -96.5928 -19.66862 -1
16.82324 -96.59223 -19.67032 -1
16.82285 -96.59245 -19.66954 -1
16.82421 -96.59179 -19.67159 -1
16.82317 -96.59234 -19.66979 -1
16.82305 -96.59235 -19.66986 -1
16.82209 -96.59272 -19.6689 -1
16.82215 -96.59264 -19.66922 -1
16.82185 -96.59288 -19.66825 -1
16.82185 -96.59287 -19.66833 -1
16.82174 -96.5928 -19.66877 -1
16.82078 -96.59328 -19.66722 -1
16.82152 -96.59302 -19.66793 -1
16.82139 -96.59304 -19.6679 -1
16.8234 -96.59219 -19.67031 -1
16.82077 -96.59332 -19.66707 -1
16.82343 -96.59212 -19.67064 -1
16.82193 -96.59278 -19.66867 -1
16.82412 -96.59191 -19.67109 -1
16.82202 -96.59274 -19.66881 -1
16.82408 -96.59191 -19.67113 -1
16.82294 -96.59238 -19.66982 -1
16.82277 -96.59244 -19.66965 -1
16.82183 -96.59285 -19.66847 -1
16.82244 -96.59261 -19.66911 -1
16.82256 -96.5925 -19.66951 -1
16.82265 -96.59246 -19.66965 -1
16.82257 -96.59253 -19.6694 -1
16.82281 -96.59246 -19.66953 -1
16.82285 -96.59242 -19.66961 -1
16.82318 -96.59225 -19.67024 -1
16.82428 -96.59186 -19.67122 -1
16.82215 -96.59269 -19.66896 -1
16.82246 -96.59257 -19.66926 -1
16.82082 -96.59322 -19.66749 -1
62.78169 25.88227 -73.40686 -1
62.7812 25.88538 -73.4062 -1
62.78198 25.88123 -73.40697 -1
62.78216 25.88088 -73.40696 -1
62.78187 25.88212 -73.40677 -1
62.78315 25.87621 -73.40775 -1
62.7817 25.88277 -73.40667 -1
62.78177 25.88284 -73.40659 -1
62.7816 25.88411 -73.4063 -1
62.78182 25.88217 -73.40679 -1
62.78141 25.88361 -73.40663 -1
62.7817 25.88293 -73.40662 -1
62.78139 25.88422 -73.40643 -1
62.78171 25.88304 -73.40657 -1
62.78229 25.88085 -73.40685 -1
62.78223 25.88001 -73.40719 -1
62.78239 25.88005 -73.40704 -1
62.78213 25.88013 -73.40723 -1
62.782 25.88191 -73.40672 -1
62.78194 25.88175 -73.40683 -1
62.78177 25.88318 -73.40648 -1
62.78164 25.88357 -73.40644 -1
62.78191 25.8822 -73.40671 -1
62.78204 25.88191 -73.40669 -1
83.83151 -52.88511 13.24545 -1
58.75982 -74.69037 31.12285 -1
65.25082 -69.38645 30.46062 -1
94.95947 -31.05142 4.302176 -1
15.53409 -90.53234 39.52958 -1
23.62493 -88.05042 41.09728 -1
-34.76912 -84.48899 40.65364 -1
93.39307 -33.48314 -12.51458 -1
94.14517 2.545394E-06 -33.71476 -1
48.05441 -81.76748 31.69941 -1
-13.20399 -86.08987 49.1344 -1
-69.53167 -55.0276 46.23106 -1
-40.1978 -68.53396 60.7226 -1
-76.74701 -18.41171 61.40771 -1
24.60473 -84.24568 47.92986 -1
-45.97304 -44.52834 76.83559 -1
-55.89688 4.69017 82.78611 -1
86.85374 -28.58341 -40.48972 -1
72.60342 4.378213 -68.62634 -1
57.69458 -78.60228 22.204 -1
35.99904 -84.3019 39.96572 -1
16.46787 -81.84918 55.04109 -1
-28.21553 -29.57951 91.26301 -1
-17.73378 -7.430126E-06 98.415 -1
70.19917 -43.22449 -56.60141 -1
48.23826 -18.93046 -85.52607 -1
42.6842 -83.25312 35.31255 -1
40.5499 -83.11498 38.0474 -1
13.60921 -78.44941 60.50191 -1
1.038972 -33.78553 94.11407 -1
20.04991 -31.3039 92.83354 -1
16.5448 -75.87219 63.00541 -1
39.35859 -82.96233 39.59989 -1
26.33218 -52.8433 80.71062 -1
40.25232 -69.39418 59.70091 -1
41.59014 -83.18391 36.75182 -1
42.16595 -83.19553 36.06296 -1
39.81576 -82.98556 39.09096 -1
23.51988 -75.70954 60.94982 -1
39.82538 -74.69733 53.23763 -1
41.16217 -90.62545 9.628239 -1
39.3641 -82.95852 39.60244 -1
39.83575 -82.97277 39.09772 -1
43.62592 -83.34179 33.92528 -1
40.56079 -83.10588 38.05569 -1
44.39996 -83.33485 32.92334 -1
31.85073 -77.98975 53.88071 -1
43.87394 -88.20258 17.18669 -1
34.87164 -84.38889 -40.7736 -1
63.55336 -76.0463 13.33913 -1
41.61477 -83.1604 36.77715 -1
39.02065 -81.61299 42.62288 -1
44.83015 -83.31016 32.39868 -1
64.66341 -76.00909 6.423619 -1
44.72277 -84.51507 29.27591 -1
51.3937 -84.09199 16.94769 -1
42.71219 -83.22091 35.35463 -1
44.91154 -83.23567 32.47734 -1
61.62823 -78.65662 3.885733 -1
43.77246 -83.20225 34.07869 -1
44.64638 -83.11218 33.15217 -1
56.37491 -82.25613 7.469745 -1
54.13546 -68.21266 -49.15673 -1
34.79215 -55.14117 -75.82188 -1
46.71346 -85.94598 -20.76392 -1
65.22384 -69.3935 30.50235 -1
58.77077 -74.69743 31.08519 -1
83.81771 -52.84228 13.5013 -1
15.89042 -90.62472 39.17466 -1
94.81801 -31.30765 5.4199 -1
23.78115 -88.20196 40.68009 -1
-34.8728 -84.38781 40.77481 -1
93.13786 -33.7835 -13.56516 -1
94.47241 2.475322E-06 -32.78663 -1
-13.27006 -85.94306 49.37302 -1
24.71244 -84.09219 48.14352 -1
-69.50797 -55.14068 46.13187 -1
-40.1664 -68.20904 61.108 -1
-77.00024 -18.9131 60.9365 -1
85.78659 -29.57359 -42.02457 -1
73.11617 4.692687 -68.05884 -1
-45.02531 -43.21555 78.13538 -1
-56.53571 4.378289 82.36835 -1
68.76876 -44.53531 -57.3364 -1
48.76071 -18.41375 -85.34241 -1
-26.54103 -28.58649 92.07816 -1
-18.68377 -7.416845E-06 98.23909 -1
53.74754 -68.53876 -49.12881 -1
34.88795 -55.02684 -75.86091 -1
2.12047 -33.48182 94.20441 -1
18.98961 -31.05471 93.13968 -1
46.48934 -86.09124 -20.66495 -1
34.77142 -84.48682 -40.65618 -1
44.26213 -88.05095 16.96742 -1
41.46274 -90.53141 9.214339 -1
51.16314 -84.24772 16.87172 -1
56.92273 -81.85391 7.729187 -1
26.08719 -52.88428 80.76331 -1
40.21907 -69.38897 59.72936 -1
39.8599 -74.68981 53.22237 -1
38.76629 -81.76888 42.55614 -1
45.06311 -84.3027 29.36618 -1
30.88144 -78.60292 53.55295 -1
61.8744 -78.45446 4.056666 -1
64.81284 -75.86879 6.574387 -1
43.86433 -83.12408 34.15127 -1
41.51154 -83.24767 36.6963 -1
45.22353 -82.9637 32.73921 -1
23.02757 -76.04961 60.71398 -1
63.86186 -75.70767 13.78449 -1
58.16953 -77.98832 23.11116 -1
44.80154 -82.97355 33.28982 -1
44.79359 -82.98532 33.27119 -1
42.16545 -83.19602 36.06241 -1
45.22106 -82.9637 32.74264 -1
16.37088 -76.00943 62.88529 -1
48.15942 -81.61166 31.94068 -1
43.89716 -83.09415 34.18186 -1
42.79448 -83.15252 35.41595 -1
35.85434 -84.51959 39.63465 -1
41.54615 -83.2282 36.70131 -1
40.43947 -83.21712 37.94151 -1
39.6768 -83.10966 38.96839 -1
16.12345 -82.25297 54.53883 -1
39.05585 -83.22983 39.33746 -1
13.39432 -78.65792 60.27873 -1
38.9665 -83.30444 39.26807 -1
39.4151 -83.33146 38.75972 -1
40.2734 -83.34785 37.83105 -1
42.75925 -83.18064 35.39247 -1
16
0.876242 0.343044
0.876242 0.329536
0.823358 0.329536
0.823358 0.344707
0.876242 0.352153
0.823358 0.353186
0.657752 0.344707
0.657752 0.353186
0.876242 0.361139
0.823358 0.361139
0.657752 0.361139
0.657756 0.370164
0.823358 0.370164
0.876242 0.370164
0.823358 0.387473
0.876242 0.387473
0.657756 0.387473
0.876242 0.404783
0.823358 0.404783
0.657756 0.404783
0.823358 0.422092
0.876242 0.422092
0.823358 0.439401
0.657756 0.422092
0.876242 0.439401
0.657756 0.439401
0.876242 0.456711
0.657756 0.456711
0.823358 0.456711
0.657756 0.47402
0.876242 0.47402
0.823358 0.47402
0.657756 0.491329
0.823358 0.491329
0.876242 0.491329
0.876242 0.508639
0.657756 0.508639
0.823358 0.508639
0.876242 0.517664
0.823358 0.517664
0.657752 0.517664
0.823358 0.525617
0.657752 0.525617
0.657752 0.534096
0.876242 0.52665
0.823358 0.534096
0.876242 0.535759
0.823358 0.549267
0.876242 0.549267
0.986785 0.105303
0.992619 0.105303
0.992619 0.00069
0.986766 0.000689
0.91787 0.543373
0.917936 0.416214
0.913776 0.416218
0.913626 0.543389
0.910386 0.416219
0.910403 0.543391
0.906959 0.543375
0.906997 0.416217
0.902946 0.543373
0.902837 0.416214
0.882795 0.194276
0.882762 0.261157
0.890453 0.26116
0.890487 0.19428
0.902638 0.261167
0.902672 0.194286
0.909062 0.194289
0.909269 0.26117
0.914618 0.194292
0.914579 0.261173
0.34476 0.680158
0.342185 0.680158
0.342185 0.78477
0.34476 0.78477
0.350563 0.680158
0.350563 0.78477
0.964103 0.96506
0.859491 0.965061
0.859491 0.970864
0.964103 0.970864
0.859491 0.973439
0.964103 0.973439
0.991094 0.187496
0.991075 0.292109
0.996928 0.292109
0.996928 0.187496
0.975832 0.135612
0.971991 0.135699
0.972742 0.169097
0.976583 0.169011
0.981916 0.135475
0.982668 0.168874
0.985859 0.168802
0.985228 0.135401
0.988633 0.168739
0.987879 0.135341
0.49334 0.287235
0.493274 0.270007
0.482486 0.27008
0.482552 0.28726
0.493343 0.304008
0.482555 0.303987
0.482392 0.320623
0.493279 0.320781
0.492857 0.337549
0.481956 0.337251
0.492132 0.354117
0.481222 0.353997
0.491869 0.360854
0.481094 0.360741
0.491672 0.367271
0.481032 0.367177
0.481321 0.373675
0.491631 0.373636
0.491605 0.380685
0.481182 0.380663
0.481849 0.403031
0.492221 0.402826
0.482533 0.439259
0.492905 0.439119
0.483064 0.478397
0.493176 0.478341
0.493343 0.517562
0.48297 0.517539
0.492997 0.556783
0.482626 0.556624
0.482091 0.596841
0.492201 0.59706
0.455628 0.964007
0.453142 0.963705
0.452906 0.964719
0.455781 0.959078
0.563618 0.961794
0.453328 0.958826
0.563607 0.957445
0.456066 0.95451
0.563618 0.953465
0.453761 0.954392
0.56357 0.949528
0.455922 0.949619
0.563543 0.94552
0.453615 0.949763
0.45596 0.94465
0.453717 0.944204
0.692694 0.095783
0.693506 0.097204
0.697493 0.096734
0.696941 0.10401
0.700881 0.103709
0.698622 0.1108
0.710528 0.096899
0.702314 0.110768
0.699041 0.117993
0.709537 0.104055
0.702614 0.117608
0.697458 0.126301
0.720466 0.104142
0.724159 0.097325
0.708863 0.111244
0.718722 0.111131
0.708777 0.116878
0.724389 0.104618
0.728122 0.09797
0.728995 0.096587
0.722409 0.111327
0.721672 0.118494
0.71812 0.117952
0.722886 0.126864
0.708811 0.122477
0.71973 0.128686
0.709235 0.137806
0.70053 0.128261
0.730597 0.137456
0.732788 0.134858
0.74374 0.149537
0.689286 0.136542
0.687212 0.133849
0.675621 0.14803
0.699473 0.135699
0.678594 0.149609
0.671 0.167544
0.693744 0.14243
0.674372 0.16747
0.676576 0.186806
0.685073 0.153072
0.679482 0.185077
0.690932 0.200858
0.710115 0.166629
0.681689 0.167294
0.685758 0.181321
0.725883 0.143141
0.692631 0.197917
0.720458 0.136163
0.740701 0.150984
0.747494 0.169237
0.734075 0.154157
0.744128 0.169014
0.741071 0.188234
0.736826 0.168514
0.738244 0.186378
0.726107 0.201637
0.73214 0.182348
0.72454 0.198624
0.721212 0.192097
0.710528 0.204427
0.710417 0.207943
0.710526 0.195465
0.696244 0.191544
0.464171 0.451683
0.455738 0.45129
0.455149 0.464759
0.463664 0.465072
0.454807 0.477881
0.463247 0.478086
0.463033 0.491104
0.454512 0.491005
0.454499 0.504131
0.463033 0.504122
0.454726 0.517108
0.463134 0.517032
0.45485 0.522383
0.463144 0.522309
0.454962 0.527406
0.463141 0.527336
0.463118 0.532327
0.45505 0.532386
0.46309 0.537851
0.455132 0.537902
0.463068 0.555222
0.455154 0.555236
0.463126 0.583619
0.455212 0.583644
0.463265 0.614293
0.455351 0.614339
0.455572 0.645034
0.463485 0.644966
0.455875 0.675728
0.463789 0.675639
0.464171 0.707141
0.456258 0.707252
0.297288 0.517068
0.3031 0.679568
0.307652 0.51799
0.288369 0.688816
0.302552 0.683832
0.28615 0.796123
0.306529 0.686298
0.317165 0.692976
0.301665 0.800007
0.287806 0.840909
0.273307 0.834345
0.27428 0.863341
0.273899 0.793184
0.261801 0.855414
0.255195 0.883696
0.262249 0.829772
0.24618 0.875267
0.237025 0.896781
0.252359 0.849844
0.231201 0.888946
0.215664 0.906986
0.239029 0.869402
0.212999 0.900986
0.197503 0.912406
0.226161 0.883478
0.196232 0.909003
0.173582 0.916479
0.210119 0.896804
0.194887 0.90643
0.191425 0.901783
0.20332 0.889418
0.215196 0.874154
0.224376 0.859475
0.233715 0.840408
0.240759 0.82151
0.249471 0.7876
0.189205 0.881675
0.194603 0.86494
0.198705 0.849938
0.202902 0.83147
0.206102 0.813659
0.210194 0.781333
0.18339 0.896533
0.171914 0.86213
0.170794 0.828678
0.173439 0.89496
0.171321 0.84707
0.172752 0.87921
0.149375 0.866821
0.15643 0.883129
0.163696 0.897775
0.155735 0.904843
0.151257 0.915697
0.141863 0.893649
0.12996 0.911047
0.127905 0.879667
0.107336 0.901808
0.116875 0.865755
0.088345 0.889903
0.14401 0.852028
0.138511 0.83357
0.10522 0.847139
0.067855 0.870902
0.095937 0.828045
0.051988 0.8497
0.134208 0.815466
0.127665 0.783307
0.084072 0.793096
0.034714 0.808445
0.170296 0.810911
0.068781 0.690616
0.016265 0.696476
0.006974 0.519886
0.169041 0.779437
0.166987 0.68377
0.118298 0.686121
0.061158 0.517616
0.059474 0.469618
0.004935 0.471786
0.113634 0.515975
0.112618 0.468123
0.165694 0.467476
0.215806 0.683956
0.165927 0.515199
0.218151 0.515345
0.218644 0.46773
0.26143 0.686688
0.266471 0.51617
0.267466 0.468619
0.29721 0.469344
0.306679 0.46952
0.306904 0.516933
0.315234 0.469644
0.315669 0.516748
0.323851 0.469655
0.324369 0.516774
0.332896 0.469606
0.333452 0.516743
0.356235 0.515912
0.355013 0.469198
0.377361 0.468649
0.343158 0.675564
0.324067 0.517774
0.3312 0.676739
0.343617 0.678967
0.33099 0.680185
0.361579 0.67436
0.361792 0.677664
0.381707 0.676977
0.378294 0.515389
0.381634 0.673611
0.401814 0.676852
0.400391 0.51499
0.399726 0.468126
0.422067 0.468058
0.401843 0.673449
0.422066 0.677381
0.422512 0.514761
0.422283 0.673936
0.443059 0.678841
0.443773 0.675349
0.444966 0.514663
0.444966 0.467825
0.547399 0.481853
0.552415 0.470768
0.542075 0.475959
0.54008 0.484689
0.53138 0.478867
0.5324 0.485251
0.524617 0.485201
0.520501 0.476349
0.516448 0.482879
0.509228 0.471552
0.862573 0.941258
0.859491 0.940453
0.859758 0.941601
0.862747 0.94684
0.984852 0.943765
0.859969 0.947125
0.984838 0.94869
0.863069 0.952012
0.984852 0.953196
0.86046 0.952146
0.984797 0.957654
0.862906 0.957551
0.984766 0.962193
0.860294 0.957388
0.862949 0.963177
0.860409 0.963681
0.486017 0.910787
0.487876 0.919671
0.494203 0.918337
0.492264 0.909717
0.49017 0.888468
0.483199 0.88915
0.497549 0.913301
0.503789 0.914686
0.496875 0.908191
0.487918 0.860457
0.480209 0.860965
0.500706 0.9119
0.495036 0.887146
0.486526 0.828804
0.47847 0.82906
0.500547 0.906862
0.50411 0.905953
0.492801 0.859148
0.498989 0.885673
0.486014 0.792651
0.477592 0.792749
0.476773 0.754118
0.51036 0.905927
0.510139 0.914852
0.509504 0.88415
0.502542 0.884554
0.508084 0.855951
0.491433 0.827464
0.496879 0.857545
0.500375 0.856354
0.506935 0.824244
0.495482 0.825725
0.498912 0.824448
0.506764 0.788151
0.490938 0.79125
0.494968 0.789375
0.498368 0.788049
0.50793 0.757407
0.486479 0.754168
0.476902 0.714225
0.487945 0.714444
0.492845 0.717393
0.49134 0.754906
0.496979 0.721677
0.495322 0.756077
0.500056 0.724661
0.498527 0.756915
0.51036 0.725428
0.449015 0.913103
0.450827 0.920519
0.457085 0.91898
0.455162 0.911825
0.452947 0.894217
0.446051 0.895064
0.45944 0.914199
0.467906 0.9152
0.458814 0.910359
0.450604 0.870339
0.442955 0.870956
0.463775 0.912445
0.456779 0.89295
0.44892 0.838923
0.440891 0.839262
0.463587 0.908572
0.468012 0.907648
0.454419 0.869044
0.462002 0.890978
0.448055 0.802879
0.439628 0.803073
0.438372 0.764371
0.474329 0.90747
0.474386 0.915161
0.466524 0.88974
0.473413 0.889169
0.459726 0.866855
0.452723 0.837536
0.464276 0.865516
0.471936 0.864975
0.448195 0.764331
0.438261 0.724045
0.449549 0.724188
0.451839 0.801396
0.457943 0.835131
0.462477 0.833721
0.470489 0.833418
0.451891 0.762779
0.453212 0.722597
0.457019 0.798826
0.461584 0.79739
0.469999 0.797378
0.457031 0.760051
0.45835 0.719795
0.461646 0.758597
0.471585 0.758922
0.462979 0.718346
0.474386 0.718886
0.414564 0.919757
0.416736 0.928224
0.422791 0.926661
0.420545 0.918482
0.411254 0.89864
0.418079 0.897764
0.407716 0.871012
0.415316 0.870352
0.405801 0.83928
0.413879 0.838947
0.40475 0.802908
0.413248 0.802724
0.403845 0.764029
0.413647 0.763985
0.404067 0.72364
0.415276 0.723779
0.417012 0.762504
0.418566 0.722274
0.416745 0.801302
0.417402 0.837629
0.41885 0.869152
0.421662 0.896615
0.421696 0.760192
0.42333 0.719888
0.421377 0.799132
0.422027 0.835604
0.423523 0.867353
0.426602 0.758869
0.428261 0.718597
0.439255 0.719256
0.436356 0.759287
0.426219 0.797793
0.434698 0.797869
0.434835 0.834062
0.426809 0.834274
0.435946 0.865615
0.428303 0.866098
0.437778 0.89332
0.430946 0.893892
0.439124 0.914644
0.426224 0.895046
0.432893 0.914891
0.428268 0.915799
0.432919 0.923596
0.439255 0.923512
0.428576 0.920956
0.424019 0.917193
0.424739 0.922062
0.377683 0.922781
0.379564 0.930857
0.385866 0.929379
0.383877 0.921567
0.381553 0.902411
0.374627 0.903187
0.388766 0.924401
0.39705 0.925177
0.388065 0.920003
0.379158 0.876732
0.371478 0.877293
0.393483 0.922397
0.385986 0.901082
0.37759 0.845207
0.369534 0.845501
0.393323 0.918012
0.397258 0.917092
0.383612 0.875396
0.391734 0.898889
0.37689 0.809065
0.368425 0.809177
0.40356 0.916974
0.403493 0.925239
0.395704 0.897692
0.40261 0.897173
0.382066 0.843804
0.389436 0.872994
0.393397 0.871699
0.40108 0.871208
0.377235 0.770536
0.367324 0.770436
0.381374 0.807586
0.387801 0.841177
0.39172 0.839796
0.39976 0.839537
0.378802 0.730578
0.367384 0.730304
0.381695 0.769004
0.383302 0.729017
0.38704 0.804772
0.39095 0.803339
0.399416 0.80336
0.400838 0.764907
0.387251 0.766028
0.388819 0.725968
0.391124 0.764554
0.40356 0.725087
0.392634 0.724487
0.590279 0.797598
0.531918 0.818387
0.532497 0.814928
0.590857 0.794156
0.647684 0.781015
0.533137 0.811869
0.648268 0.777592
0.702317 0.768305
0.591501 0.791056
0.533741 0.808473
0.592102 0.787682
0.648912 0.774449
0.649509 0.771092
0.702904 0.764915
0.750817 0.76014
0.70355 0.761709
0.70414 0.758383
0.751394 0.756778
0.788347 0.757134
0.752038 0.753514
0.752635 0.750223
0.791244 0.753627
0.81655 0.755281
0.793195 0.75098
0.796009 0.747643
0.821508 0.751651
0.828132 0.754464
0.824627 0.749548
0.829382 0.746121
0.834342 0.750851
0.833547 0.754038
0.827815 0.756693
0.830897 0.772484
0.825786 0.770648
0.825461 0.772902
0.837709 0.748933
0.843386 0.745155
0.84844 0.744982
0.843851 0.743038
0.84682 0.730275
0.852414 0.728246
0.84732 0.728195
0.843894 0.723974
0.833338 0.725067
0.830559 0.721024
0.799325 0.71759
0.798514 0.713964
0.755016 0.708421
0.837577 0.716898
0.85163 0.719694
0.825709 0.714445
0.756508 0.705286
0.796857 0.708591
0.705473 0.699224
0.703897 0.702374
0.646691 0.694974
0.645053 0.698149
0.583765 0.692987
0.582071 0.696177
0.518012 0.694035
0.516284 0.697246
0.52027 0.690203
0.585984 0.689133
0.521256 0.679057
0.587152 0.679057
0.64886 0.691068
0.650292 0.682001
0.707582 0.695271
0.709265 0.686539
0.75852 0.701271
0.760537 0.692961
0.799028 0.700873
0.827767 0.707125
0.839591 0.709567
0.856051 0.713003
0.864226 0.722476
0.868093 0.717267
0.862727 0.728322
0.866737 0.723405
0.870498 0.720058
0.865956 0.728319
0.869514 0.725613
0.871781 0.724909
0.871942 0.729738
0.869255 0.728932
0.862742 0.74364
0.86625 0.744341
0.869704 0.74552
0.859157 0.743816
0.864369 0.753212
0.868183 0.754523
0.8609 0.752414
0.857358 0.752391
0.861403 0.770457
0.865549 0.77184
0.857859 0.769703
0.854237 0.769806
0.83523 0.781086
0.860228 0.779227
0.864342 0.780621
0.856658 0.778477
0.857681 0.797936
0.861566 0.799609
0.853001 0.77865
0.854245 0.796947
0.856918 0.80894
0.860301 0.810672
0.85069 0.797123
0.832828 0.800515
0.839116 0.809803
0.853421 0.807684
0.855434 0.824512
0.858117 0.826256
0.852187 0.822956
0.848675 0.823034
0.8498 0.807744
0.854947 0.832088
0.856854 0.834069
0.85159 0.833404
0.854815 0.838392
0.848435 0.834875
0.851577 0.841489
0.838116 0.839027
0.840935 0.846206
0.83747 0.826299
0.822245 0.84567
0.824446 0.853047
0.830202 0.832236
0.811387 0.850272
0.813658 0.857641
0.817762 0.83749
0.784946 0.861387
0.787386 0.86931
0.787848 0.85004
0.749774 0.876552
0.752447 0.885173
0.74877 0.866761
0.705105 0.898684
0.708066 0.907473
0.704235 0.888887
0.655466 0.926526
0.658749 0.935459
0.654714 0.916737
0.613747 0.951977
0.617663 0.96147
0.571861 0.981223
0.57633 0.991197
0.571331 0.9715
0.613139 0.942147
0.571011 0.967878
0.612802 0.93855
0.654345 0.913167
0.703839 0.885355
0.748352 0.863269
0.788759 0.846027
0.819824 0.833001
0.832656 0.827468
0.83287 0.825403
0.833771 0.813226
0.833907 0.811138
0.832055 0.808061
0.820277 0.81397
0.818708 0.810876
0.787326 0.821039
0.829639 0.804393
0.786554 0.817767
0.816719 0.807104
0.827617 0.801415
0.827894 0.799143
0.829641 0.784328
0.815166 0.80401
0.829902 0.782048
0.785653 0.813504
0.784933 0.81024
0.745153 0.818904
0.828442 0.778833
0.817229 0.783496
0.744956 0.822366
0.697612 0.833101
0.81602 0.780285
0.786488 0.787134
0.827047 0.776056
0.814932 0.777506
0.813746 0.774282
0.74461 0.827179
0.744444 0.830673
0.697425 0.836594
0.644494 0.852621
0.697066 0.841356
0.696895 0.844876
0.644304 0.856143
0.589081 0.876379
0.643934 0.86085
0.64377 0.8644
0.588889 0.879917
0.533245 0.904465
0.533052 0.908022
0.588511 0.884581
0.588356 0.888148
0.53267 0.912648
0.532517 0.916231
0.971738 0.12447
0.97585 0.116034
0.973995 0.116041
0.986205 0.124143
0.986592 0.115791
0.988462 0.115715
0.342185 0.786149
0.350847 0.789099
0.350882 0.787069
0.342186 0.803363
0.350848 0.80225
0.350882 0.804283
0.590621 0.303902
0.603226 0.305054
0.603274 0.302113
0.603225 0.32323
0.590619 0.327941
0.603274 0.326151
0.564837 0.946068
0.57229 0.945896
0.57232 0.944204
0.572289 0.956074
0.564836 0.959611
0.57232 0.957747
0.40356 0.916974
0.403492 0.925239
0.39705 0.925177
0.397258 0.917092
0.395705 0.897692
0.40261 0.897173
0.393397 0.871699
0.40108 0.871208
0.39172 0.839795
0.39976 0.839537
0.390949 0.803339
0.399416 0.80336
0.400838 0.764907
0.391124 0.764554
0.40356 0.725087
0.392634 0.724487
0.388819 0.725968
0.387251 0.766028
0.383302 0.729017
0.38704 0.804772
0.381695 0.769004
0.378802 0.730579
0.3878 0.841177
0.381374 0.807586
0.377235 0.770536
0.389436 0.872994
0.367324 0.770436
0.367384 0.730304
0.368425 0.809177
0.37689 0.809065
0.369535 0.845501
0.382066 0.843803
0.37759 0.845207
0.371479 0.877293
0.391734 0.898889
0.383612 0.875395
0.379158 0.876732
0.374627 0.903187
0.385986 0.901082
0.381553 0.902411
0.377683 0.922781
0.393323 0.918012
0.388065 0.920003
0.393483 0.922397
0.388766 0.924401
0.385866 0.929379
0.379563 0.930857
0.383877 0.921567
0.494203 0.918337
0.487876 0.919671
0.486017 0.910787
0.492264 0.909718
0.497549 0.913301
0.503789 0.914685
0.49017 0.888468
0.483199 0.88915
0.496875 0.908191
0.487918 0.860457
0.480209 0.860965
0.500706 0.9119
0.495036 0.887146
0.486526 0.828804
0.47847 0.82906
0.500547 0.906862
0.50411 0.905953
0.4928 0.859148
0.498989 0.885673
0.486014 0.792651
0.477592 0.792749
0.476773 0.754118
0.51036 0.905927
0.510139 0.914852
0.509504 0.88415
0.502542 0.884554
0.508084 0.855951
0.496879 0.857545
0.491433 0.827464
0.500375 0.856354
0.506934 0.824244
0.486479 0.754168
0.476902 0.714224
0.487945 0.714444
0.492845 0.717393
0.490938 0.791249
0.495482 0.825725
0.498912 0.824448
0.506764 0.788151
0.49134 0.754906
0.496979 0.721677
0.494967 0.789375
0.498368 0.788049
0.50793 0.757407
0.495322 0.756077
0.500056 0.724661
0.498527 0.756915
0.51036 0.725428
0.457085 0.91898
0.450827 0.920519
0.449015 0.913103
0.455162 0.911825
0.45944 0.914199
0.467906 0.915199
0.452947 0.894217
0.446051 0.895064
0.458814 0.910359
0.450604 0.870339
0.442955 0.870956
0.463775 0.912444
0.456779 0.89295
0.44892 0.838922
0.440891 0.839262
0.463587 0.908572
0.468012 0.907648
0.454419 0.869044
0.462002 0.890978
0.448055 0.802878
0.439628 0.803073
0.438372 0.764371
0.474329 0.90747
0.474386 0.915161
0.466524 0.88974
0.473413 0.889169
0.452724 0.837536
0.459726 0.866855
0.464277 0.865516
0.471936 0.864975
0.448195 0.764331
0.438261 0.724045
0.449549 0.724188
0.45184 0.801395
0.457943 0.835131
0.462477 0.833721
0.470489 0.833418
0.451892 0.762779
0.453212 0.722597
0.457019 0.798826
0.461583 0.79739
0.47 0.797377
0.457031 0.760051
0.45835 0.719795
0.461646 0.758596
0.471585 0.758922
0.462979 0.718346
0.474386 0.718886
0.422791 0.926661
0.416736 0.928224
0.414564 0.919757
0.420545 0.918482
0.411254 0.89864
0.418079 0.897764
0.407717 0.871012
0.415316 0.870352
0.405801 0.83928
0.413879 0.838947
0.40475 0.802908
0.413249 0.802724
0.403846 0.764029
0.413647 0.763985
0.404068 0.72364
0.415276 0.723779
0.417012 0.762504
0.418566 0.722274
0.416746 0.801302
0.417402 0.83763
0.41885 0.869152
0.421662 0.896616
0.421696 0.760192
0.42333 0.719888
0.421378 0.799132
0.422027 0.835604
0.423523 0.867353
0.426603 0.75887
0.428261 0.718597
0.439255 0.719256
0.436357 0.759287
0.426219 0.797793
0.434698 0.797869
0.434835 0.834062
0.42681 0.834274
0.435946 0.865615
0.428303 0.866098
0.437778 0.89332
0.430946 0.893892
0.439124 0.914645
0.426224 0.895046
0.432893 0.914891
0.428268 0.915799
0.432919 0.923596
0.439255 0.923512
0.428576 0.920956
0.424019 0.917194
0.424739 0.922062
0.92173 0.183786
0.930107 0.18134
0.930072 0.179485
0.921732 0.169315
0.930073 0.16874
0.930107 0.166869
0.640698 0.482381
0.638856 0.46755
0.635389 0.467671
0.611287 0.482913
0.61292 0.468078
0.609445 0.468084
0.908046 0.380438
0.908096 0.377516
0.89544 0.375727
0.895442 0.399765
0.908048 0.398614
0.908096 0.401555
0.975773 0.125793
0.973878 0.125801
0.971959 0.13432
0.98729 0.133974
0.987295 0.125533
0.989209 0.125456
0.518013 0.694035
0.516285 0.697246
0.582072 0.696177
0.583765 0.692987
0.52027 0.690202
0.645053 0.698149
0.585984 0.689134
0.521257 0.679057
0.587152 0.679057
0.646691 0.694974
0.703897 0.702374
0.64886 0.691068
0.650292 0.682001
0.705473 0.699224
0.755016 0.708421
0.707582 0.695271
0.709265 0.686539
0.756508 0.705285
0.75852 0.70127
0.760537 0.69296
0.796857 0.70859
0.799028 0.700873
0.798514 0.713963
0.799325 0.71759
0.825709 0.714445
0.827767 0.707124
0.830559 0.721024
0.833338 0.725067
0.837577 0.716898
0.839591 0.709567
0.843894 0.723974
0.84732 0.728195
0.85163 0.719693
0.856051 0.713003
0.852414 0.728246
0.84682 0.730275
0.848439 0.744982
0.843851 0.743037
0.843386 0.745155
0.864226 0.722476
0.868094 0.717267
0.837709 0.748933
0.833547 0.754038
0.829382 0.746121
0.824627 0.749547
0.796009 0.747642
0.862727 0.728322
0.866737 0.723405
0.870498 0.720058
0.865956 0.728319
0.869514 0.725613
0.871781 0.724909
0.871942 0.729738
0.869255 0.728932
0.862742 0.74364
0.86625 0.744341
0.869704 0.74552
0.859157 0.743816
0.864369 0.753212
0.868183 0.754523
0.8609 0.752414
0.857358 0.752391
0.861403 0.770457
0.865549 0.77184
0.857859 0.769703
0.860228 0.779227
0.864342 0.780621
0.854236 0.769806
0.830897 0.772483
0.83523 0.781085
0.856658 0.778477
0.857681 0.797935
0.861566 0.799609
0.853001 0.778649
0.854244 0.796947
0.856918 0.80894
0.860301 0.810672
0.850689 0.797122
0.832827 0.800515
0.839116 0.809802
0.853421 0.807684
0.855434 0.824512
0.858117 0.826256
0.852187 0.822956
0.848674 0.823034
0.8498 0.807744
0.854947 0.832088
0.856854 0.834069
0.85159 0.833404
0.854815 0.838391
0.848435 0.834875
0.851576 0.841489
0.838116 0.839027
0.840935 0.846205
0.83747 0.826298
0.822245 0.84567
0.824445 0.853047
0.830202 0.832236
0.811386 0.850271
0.813657 0.857641
0.817762 0.83749
0.784945 0.861386
0.787386 0.869309
0.787847 0.850039
0.749774 0.876552
0.752447 0.885172
0.74877 0.866761
0.705105 0.898683
0.708066 0.907472
0.704235 0.888886
0.655466 0.926525
0.658749 0.935458
0.654714 0.916735
0.613746 0.951975
0.617663 0.961468
0.571861 0.981221
0.57633 0.991195
0.571331 0.971498
0.613139 0.942146
0.571011 0.967877
0.612802 0.938548
0.654345 0.913166
0.703839 0.885355
0.748352 0.863269
0.788759 0.846027
0.819823 0.833001
0.832656 0.827468
0.832869 0.825403
0.83377 0.813226
0.833906 0.811138
0.832055 0.808061
0.820276 0.81397
0.818708 0.810876
0.787326 0.821039
0.829639 0.804392
0.786554 0.817767
0.816719 0.807104
0.827617 0.801414
0.827893 0.799142
0.829641 0.784328
0.815166 0.80401
0.829902 0.782047
0.785652 0.813504
0.784933 0.81024
0.745153 0.818904
0.828442 0.778833
0.817229 0.783496
0.744955 0.822366
0.69761 0.833101
0.816019 0.780284
0.786488 0.787133
0.744609 0.827179
0.744444 0.830673
0.697423 0.836594
0.64449 0.852622
0.697063 0.841357
0.696892 0.844877
0.644299 0.856144
0.589075 0.876381
0.64393 0.860851
0.643766 0.864401
0.588883 0.879918
0.533237 0.904467
0.533044 0.908023
0.588504 0.884582
0.58835 0.888149
0.532662 0.91265
0.532509 0.916233
0.085977 0.263928
0.046833 0.239548
0.043005 0.245695
0.081709 0.269493
0.117828 0.294708
0.033759 0.263273
0.112455 0.298961
0.139528 0.332381
0.070945 0.283713
0.060555 0.298742
0.026269 0.283258
0.133263 0.334902
0.14941 0.374267
0.098944 0.309483
0.117564 0.340984
0.142725 0.374948
0.147893 0.417262
0.125938 0.376372
0.141163 0.416366
0.137964 0.459921
0.131192 0.458324
0.124144 0.41366
0.113168 0.452871
0.09419 0.444842
0.108972 0.377614
0.106548 0.410207
0.073385 0.432453
0.086828 0.405075
0.061377 0.422616
0.074273 0.400898
0.046684 0.406869
0.101894 0.34711
0.090101 0.378606
0.085575 0.320268
0.077933 0.378974
0.084685 0.353933
0.0712 0.332578
0.050133 0.316291
0.021253 0.307145
0.044366 0.328017
0.020256 0.322325
0.062312 0.340813
0.037668 0.344807
0.021484 0.342911
0.050346 0.35275
0.058331 0.364701
0.073704 0.3584
0.033605 0.357936
0.024164 0.357636
0.029381 0.376078
0.041423 0.362329
0.060835 0.378917
0.046337 0.36954
0.047594 0.37821
0.057195 0.393665
0.044776 0.386864
0.037817 0.393769
0.535939 0.053553
0.503439 0.020837
0.498302 0.02594
0.530507 0.05799
0.559871 0.090826
0.485267 0.040926
0.553665 0.093731
0.57234 0.132474
0.565663 0.133489
0.57234 0.17551
0.565677 0.174638
0.56099 0.217008
0.554647 0.214591
0.541531 0.256247
0.535307 0.253138
0.519016 0.243692
0.549012 0.172169
0.548988 0.135804
0.538099 0.100869
0.516765 0.069358
0.538703 0.208049
0.52237 0.200647
0.50239 0.231519
0.484986 0.214684
0.532214 0.169483
0.503203 0.0816
0.473387 0.058657
0.522611 0.108297
0.532329 0.138168
0.504356 0.191125
0.489029 0.096286
0.463021 0.080753
0.458564 0.095299
0.505793 0.116976
0.493095 0.184176
0.475557 0.202353
0.514013 0.140857
0.51362 0.166115
0.478134 0.173214
0.464873 0.183652
0.45925 0.168866
0.501692 0.163679
0.5023 0.142683
0.495251 0.12295
0.467609 0.163744
0.455102 0.149711
0.485064 0.159697
0.485892 0.145285
0.472339 0.155969
0.480723 0.106375
0.470349 0.121178
0.455033 0.115617
0.45426 0.130563
0.473107 0.147241
0.480864 0.13182
0.46998 0.139094
0.46338 0.133024
0.86066 0.577982
0.885086 0.573924
0.884782 0.577035
0.861953 0.580828
0.841536 0.593709
0.844079 0.595528
0.835949 0.617195
0.832837 0.616892
0.836896 0.641317
0.839742 0.640024
0.852623 0.660441
0.854441 0.657898
0.875805 0.669139
0.876108 0.666028
0.875114 0.69077
0.875812 0.686513
0.846714 0.673362
0.843981 0.676699
0.82809 0.647423
0.824055 0.648946
0.824931 0.615648
0.820675 0.614949
0.834745 0.583817
0.838082 0.58655
0.862498 0.563891
0.864021 0.567926
0.896495 0.56051
0.895796 0.564766
0.45099 0.973279
0.451688 0.971367
0.446259 0.969623
0.445495 0.971487
0.444012 0.969369
0.443269 0.971239
0.442467 0.96931
0.438405 0.970949
0.421972 0.967432
0.423666 0.971714
0.411281 0.971672
0.411112 0.969679
0.355442 0.971717
0.355092 0.969703
0.410306 0.958738
0.352417 0.958739
0.355092 0.947783
0.411112 0.947805
0.355442 0.945768
0.411281 0.945813
0.421972 0.950052
0.423666 0.94577
0.438405 0.946535
0.442467 0.948174
0.443269 0.946245
0.444012 0.948114
0.445495 0.945997
0.446259 0.94786
0.45099 0.944204
0.451688 0.946117
0.993998 0.097148
0.999311 0.097148
0.999311 0.033079
0.993998 0.033079
0.999311 0.016884
0.993998 0.016884
0.999311 0.000689
0.993998 0.000689
0.642914 0.355715
0.649161 0.349812
0.632992 0.350373
0.628238 0.357013
0.635808 0.366908
0.60967 0.35773
0.623709 0.36733
0.630934 0.378303
0.609168 0.362777
0.608006 0.358253
0.620874 0.377151
0.629767 0.39239
0.608592 0.371967
0.607325 0.363365
0.605793 0.359306
0.62022 0.392736
0.630506 0.405811
0.609093 0.380042
0.604614 0.364277
0.599523 0.360571
0.599767 0.364894
0.606936 0.372578
0.604556 0.373174
0.600033 0.373355
0.600671 0.381327
0.607427 0.380552
0.605131 0.381043
0.602956 0.396482
0.611395 0.39458
0.609708 0.394987
0.607398 0.395526
0.611188 0.409474
0.607051 0.411169
0.613473 0.408894
0.616698 0.422583
0.613257 0.424786
0.621411 0.407537
0.615148 0.408621
0.624162 0.435885
0.621521 0.438487
0.618912 0.421982
0.626316 0.421084
0.633985 0.418124
0.639253 0.430467
0.620593 0.421851
0.632829 0.449688
0.630875 0.452063
0.626234 0.43519
0.633092 0.434745
0.647512 0.444701
0.627864 0.435186
0.635358 0.452951
0.633844 0.455356
0.634814 0.448439
0.638455 0.44756
0.642563 0.447057
0.636773 0.4544
0.634709 0.457423
0.637183 0.45166
0.638192 0.453293
0.641041 0.450564
0.643241 0.451556
0.64457 0.449804
0.648788 0.449149
0.644692 0.450948
0.649161 0.450422
0.2101 0.922137
0.209281 0.925133
0.214432 0.922962
0.215287 0.919855
0.2342 0.914629
0.235055 0.911522
0.254098 0.907894
0.254953 0.904786
0.273384 0.905032
0.274239 0.901925
0.293011 0.907076
0.293866 0.903969
0.312147 0.912286
0.313002 0.909179
0.322725 0.912839
0.321869 0.915946
0.33217 0.918301
0.331315 0.921408
0.337081 0.921269
0.336226 0.924376
0.339646 0.922833
0.33879 0.92594
0.346485 0.927003
0.34563 0.93011
0.35635 0.933018
0.355494 0.936125
0.359212 0.934763
0.358357 0.93787
0.365198 0.938932
0.366053 0.935825
0.977415 0.661445
0.982581 0.662661
0.981103 0.661589
0.984241 0.668241
0.984241 0.669983
0.979087 0.671593
0.975972 0.66044
0.97719 0.659228
0.978895 0.659749
0.978547 0.657303
0.975967 0.657361
0.975961 0.653236
0.978908 0.652954
0.980129 0.636494
0.97597 0.659161
0.974759 0.659232
0.973396 0.65731
0.973055 0.659757
0.973023 0.652962
0.974539 0.66145
0.972352 0.67144
0.967731 0.670004
0.967727 0.668262
0.969375 0.662678
0.970851 0.661602
0.971756 0.636505
0.975938 0.636909
0.975915 0.620604
0.971741 0.620386
0.980098 0.620375
0.975894 0.605597
0.971741 0.605496
0.975872 0.590482
0.980056 0.605484
0.971731 0.590486
0.980022 0.590474
0.971696 0.5754
0.980013 0.575388
0.97585 0.575263
0.97167 0.567474
0.980016 0.567462
0.975838 0.567407
0.971603 0.559121
0.980058 0.559108
0.975826 0.559184
0.97582 0.554755
0.971203 0.55473
0.980445 0.554716
0.975816 0.552455
0.971129 0.552428
0.980513 0.552415
0.975807 0.546309
0.970932 0.546289
0.980691 0.546275
0.975794 0.537433
0.970632 0.537433
0.97579 0.534858
0.980966 0.537418
0.970542 0.534863
0.981048 0.534848
0.970536 0.529552
0.981039 0.529537
0.975782 0.528908
0.989696 0.296194
0.988121 0.232152
0.987062 0.295501
0.985695 0.232204
0.987769 0.215964
0.97909 0.295673
0.985338 0.215839
0.987507 0.20502
0.985168 0.204688
0.987483 0.201413
0.977433 0.217312
0.977723 0.232376
0.971346 0.232514
0.972711 0.295811
0.971121 0.218495
0.976992 0.202924
0.9711 0.201803
0.985144 0.200957
0.987679 0.199163
0.976816 0.198219
0.971115 0.196299
0.985361 0.198486
0.989696 0.192693
0.987266 0.191988
0.976953 0.195788
0.971267 0.193776
0.978828 0.189311
0.972988 0.187496
0.952585 0.096523
0.952485 0.097965
0.931015 0.070645
0.931708 0.07001
0.952869 0.073227
0.925217 0.05821
0.942378 0.059857
0.926072 0.057928
0.940096 0.053305
0.937797 0.046758
0.922676 0.044151
0.939545 0.038941
0.927163 0.030121
0.943518 0.03387
0.93381 0.018677
0.926357 0.029568
0.952869 0.025551
0.933212 0.017788
0.952294 0.002041
0.952216 0.000689
0.964377 0.04896
0.969341 0.028819
0.96809 0.028406
0.962994 0.049179
0.970935 0.06947
0.969758 0.070279
0.952586 0.096523
0.952486 0.097964
0.931015 0.070646
0.931709 0.070011
0.952869 0.073227
0.942378 0.059858
0.925217 0.058211
0.926072 0.057929
0.940096 0.053306
0.937797 0.046759
0.922676 0.044152
0.92173 0.044002
0.939545 0.038942
0.927163 0.030122
0.926357 0.029569
0.943519 0.033871
0.93381 0.018678
0.952869 0.025552
0.933212 0.017789
0.952294 0.002041
0.952216 0.000689
0.952585 0.096523
0.952485 0.097965
0.931015 0.070645
0.931708 0.07001
0.952869 0.073227
0.942378 0.059857
0.925216 0.05821
0.926072 0.057928
0.940096 0.053305
0.937797 0.046758
0.922676 0.044151
0.92173 0.044
0.939545 0.038941
0.927163 0.030121
0.926357 0.029568
0.943518 0.03387
0.93381 0.018677
0.952869 0.025551
0.933212 0.017788
0.952294 0.002041
0.952216 0.000689
0.952585 0.096524
0.952485 0.097965
0.931015 0.070644
0.931708 0.07001
0.952869 0.073227
0.942378 0.059856
0.925216 0.05821
0.926072 0.057927
0.940096 0.053305
0.937797 0.046758
0.922676 0.044151
0.92173 0.044
0.939545 0.038941
0.927163 0.030121
0.926357 0.029567
0.943518 0.03387
0.93381 0.018677
0.952869 0.025551
0.933212 0.017788
0.952294 0.002041
0.952216 0.000689
0.952585 0.096523
0.952485 0.097964
0.931015 0.070645
0.931709 0.07001
0.952869 0.073227
0.942378 0.059857
0.925217 0.05821
0.926072 0.057928
0.940096 0.053305
0.937797 0.046758
0.922676 0.044151
0.92173 0.044001
0.939545 0.038941
0.927163 0.030121
0.926357 0.029567
0.943518 0.03387
0.93381 0.018677
0.952869 0.025551
0.933212 0.017788
0.952294 0.002041
0.952216 0.000689
0.952585 0.096524
0.952485 0.097966
0.931015 0.070644
0.931708 0.07001
0.952869 0.073227
0.942378 0.059856
0.925216 0.058209
0.926072 0.057927
0.940096 0.053305
0.937797 0.046758
0.922676 0.044151
0.921731 0.044
0.939545 0.038941
0.927163 0.030121
0.926358 0.029567
0.943518 0.03387
0.93381 0.018677
0.952869 0.025551
0.933212 0.017788
0.952294 0.002041
0.952216 0.000689
0.581797 0.509457
0.604535 0.509044
0.604122 0.486306
0.581384 0.486719
0.577278 0.488392
0.566994 0.508675
0.57036 0.489458
0.558232 0.499788
0.533322 0.510336
0.556059 0.509924
0.555647 0.487186
0.532909 0.487598
0.529158 0.508813
0.518144 0.488916
0.522205 0.507999
0.509711 0.498115
0.679873 0.953691
0.67971 0.961232
0.754541 0.962847
0.754703 0.955307
0.771114 0.963112
0.754907 0.945882
0.680076 0.944267
0.772513 0.95565
0.754969 0.943014
0.679257 0.941153
0.774107 0.943431
0.774255 0.946305
0.787045 0.94374
0.787437 0.946506
0.791309 0.943769
0.789523 0.956172
0.790848 0.963138
0.791849 0.946534
0.793969 0.943537
0.795086 0.95638
0.797356 0.96312
0.79477 0.946278
0.801619 0.941153
0.802452 0.944026
0.797959 0.956217
0.800338 0.96294
0.805617 0.954001
0.807763 0.960906
0.455133 0.966084
0.452947 0.965937
0.452906 0.970621
0.455094 0.970621
0.469471 0.966111
0.455133 0.975166
0.452947 0.975313
0.469471 0.975139
0.469468 0.970621
0.483762 0.966112
0.483762 0.975138
0.483762 0.970621
0.540301 0.966112
0.540301 0.975138
0.540301 0.970621
0.885657 0.423078
0.885657 0.516742
0.893425 0.516742
0.893425 0.423078
0.885657 0.399402
0.893425 0.399402
0.885657 0.375727
0.893425 0.375727
0.880908 0.173813
0.880955 0.186117
0.882205 0.186112
0.883343 0.173677
0.913193 0.185647
0.880863 0.171523
0.915881 0.173077
0.917165 0.185577
0.919999 0.173001
0.88347 0.171416
0.916216 0.170785
0.920352 0.17071
0.916106 0.16433
0.920234 0.164266
0.920117 0.156265
0.883236 0.165001
0.880615 0.164782
0.916015 0.156275
0.88301 0.156963
0.880386 0.156458
0.915996 0.15387
0.919467 0.153635
0.882948 0.154587
0.880318 0.154
0.882806 0.149218
0.880171 0.148877
0.882514 0.138798
0.879838 0.138943
0.879838 0.134369
0.915835 0.148225
0.919223 0.146526
0.915805 0.137726
0.919385 0.13719
0.918615 0.132723
0.915222 0.133037
0.918244 0.124447
0.882515 0.134036
0.879824 0.125511
0.882549 0.124949
0.879794 0.11504
0.914723 0.124272
0.917961 0.114557
0.914315 0.113962
0.917727 0.104562
0.882607 0.114329
0.879751 0.104522
0.913897 0.103711
0.917753 0.093413
0.882699 0.103841
0.87958 0.093413
0.913578 0.093413
0.882785 0.093413
0.882699 0.082975
0.879751 0.082294
0.913897 0.083104
0.917727 0.082254
0.882607 0.072487
0.879794 0.071776
0.914315 0.072854
0.917961 0.072259
0.882549 0.061868
0.879824 0.061305
0.914723 0.062544
0.918244 0.062369
0.915222 0.053779
0.918615 0.054093
0.882515 0.052781
0.882514 0.048018
0.879838 0.052447
0.879838 0.047873
0.880171 0.037939
0.915805 0.04909
0.919385 0.049626
0.919223 0.04029
0.915835 0.038591
0.919467 0.033181
0.882806 0.037598
0.880318 0.032816
0.915996 0.032946
0.920117 0.030551
0.882948 0.032229
0.880386 0.030358
0.88301 0.029853
0.880615 0.022035
0.916015 0.030541
0.883236 0.021815
0.880863 0.015293
0.916106 0.022486
0.920234 0.02255
0.920352 0.016106
0.88347 0.0154
0.916216 0.016031
0.919999 0.013815
0.915881 0.013739
0.917165 0.001229
0.913193 0.001159
0.883343 0.013139
0.880908 0.013003
0.882205 0.000694
0.880955 0.000689
0.344278 0.977117
0.335499 0.979861
0.341547 0.979786
0.344137 0.965715
0.317009 0.966052
0.317183 0.980088
0.290055 0.980425
0.28988 0.966388
0.182724 0.981112
0.182558 0.967721
0.173669 0.967269
0.170742 0.980706
0.155 0.9675
0.155254 0.979919
0.151285 0.970855
0.14757 0.974211
0.150768 0.98608
0.158078 0.957973
0.173033 0.958733
0.13778 0.976308
0.137665 0.98955
0.12248 0.984642
0.128254 0.973229
0.111783 0.9728
0.121543 0.965799
0.174532 0.950289
0.108529 0.955455
0.119446 0.95601
0.122525 0.946467
0.113526 0.938512
0.129955 0.939756
0.125368 0.927816
0.139745 0.937659
0.140972 0.924473
0.153656 0.929253
0.149271 0.940737
0.157494 0.935838
0.152627 0.944452
0.155982 0.948167
0.172982 0.936625
0.184944 0.937436
0.183421 0.950741
0.290055 0.962947
0.291652 0.949
0.31701 0.966032
0.318606 0.952085
0.336805 0.954168
0.343964 0.969117
0.345261 0.957789
0.342814 0.954856
0.502745 0.333794
0.501643 0.337939
0.503833 0.336998
0.505015 0.332813
0.506975 0.317884
0.509245 0.316903
0.509977 0.302045
0.512247 0.301065
0.510099 0.287084
0.51237 0.286103
0.506457 0.272385
0.508728 0.271405
0.500462 0.258397
0.502732 0.257416
0.498917 0.250416
0.496646 0.251397
0.49376 0.243819
0.49149 0.2448
0.490982 0.240403
0.488712 0.241383
0.489521 0.23862
0.48725 0.239601
0.485624 0.233866
0.483353 0.234846
0.480003 0.227009
0.477733 0.227989
0.478372 0.225019
0.476102 0.226
0.474567 0.220913
0.476837 0.219933
0.516736 0.376839
0.515539 0.376268
0.513176 0.379536
0.514117 0.380199
0.511939 0.380507
0.52 0.380118
0.511735 0.382912
0.507965 0.384073
0.51554 0.383289
0.508901 0.38575
0.506307 0.384775
0.521687 0.397555
0.528415 0.394261
0.513101 0.386633
0.530323 0.410123
0.536634 0.404869
0.545698 0.4139
0.518757 0.401908
0.510562 0.389386
0.506885 0.386715
0.504047 0.386867
0.502662 0.385106
0.505478 0.391064
0.508505 0.390513
0.512787 0.405842
0.51796 0.40333
0.516345 0.404802
0.520734 0.41973
0.526867 0.414749
0.525935 0.416154
0.524333 0.417795
0.529609 0.431777
0.53977 0.421
0.535775 0.425943
0.534722 0.427274
0.533103 0.428988
0.540448 0.442501
0.552121 0.429242
0.557064 0.421076
0.546215 0.436055
0.54504 0.43733
0.543444 0.439085
0.554994 0.448113
0.552576 0.451871
0.566054 0.436253
0.569939 0.426912
0.557797 0.445139
0.556541 0.446346
0.561589 0.452444
0.55923 0.456307
0.566493 0.460656
0.576012 0.438554
0.582267 0.428196
0.564607 0.449505
0.563267 0.450655
0.56939 0.456722
0.570151 0.462973
0.574307 0.458111
0.571506 0.454798
0.576303 0.45669
0.572916 0.453473
0.577569 0.45549
0.587228 0.439617
0.595502 0.427434
0.595342 0.438693
0.603699 0.424847
0.620839 0.485098
0.635136 0.488679
0.637212 0.484801
0.616935 0.490377
0.635316 0.498596
0.612363 0.499719
0.63573 0.504497
0.645317 0.498414
0.610924 0.50498
0.635816 0.509202
0.645423 0.504262
0.610199 0.509667
0.64556 0.509025
0.611094 0.514324
0.645596 0.513791
0.635901 0.513907
0.645702 0.519638
0.612723 0.51953
0.635701 0.51982
0.617631 0.5287
0.635881 0.529736
0.621723 0.533834
0.638097 0.533537
0.154091 0.22315
0.158345 0.060615
0.147991 0.061636
0.168911 0.232254
0.154681 0.227408
0.172193 0.339535
0.150728 0.229913
0.140158 0.236696
0.156717 0.343573
0.170983 0.384338
0.185417 0.37763
0.184733 0.406637
0.184415 0.336474
0.197134 0.398584
0.204023 0.426802
0.19643 0.372946
0.212954 0.418282
0.222325 0.439706
0.206521 0.39292
0.22807 0.431812
0.24379 0.449697
0.220046 0.412345
0.246394 0.44367
0.262005 0.454935
0.233056 0.426293
0.263242 0.451519
0.285968 0.458768
0.249233 0.439459
0.264561 0.448932
0.267977 0.444251
0.255958 0.432005
0.243928 0.416859
0.234601 0.402271
0.225071 0.383297
0.217838 0.36447
0.208787 0.330647
0.269995 0.424119
0.264429 0.407438
0.260176 0.392478
0.255794 0.374051
0.252416 0.356272
0.248001 0.323988
0.287874 0.370937
0.28709 0.4044
0.27596 0.43892
0.285896 0.437246
0.288194 0.353165
0.287531 0.389334
0.286424 0.421489
0.309677 0.408864
0.302786 0.425244
0.295667 0.439963
0.3037 0.446951
0.308287 0.457761
0.317459 0.435617
0.329537 0.452896
0.331277 0.421494
0.352069 0.443428
0.342166 0.407471
0.370941 0.431331
0.314893 0.394018
0.320205 0.375504
0.353634 0.388737
0.39124 0.412122
0.362723 0.369549
0.406892 0.390759
0.324326 0.357357
0.330545 0.325134
0.374234 0.334481
0.423747 0.349327
0.388482 0.231857
0.441045 0.23717
0.44846 0.060545
0.289132 0.321681
0.290227 0.226009
0.338929 0.22787
0.394279 0.058911
0.395396 0.011266
0.449918 0.012424
0.341856 0.057815
0.342386 0.010356
0.289632 0.057513
0.289412 0.009866
0.236526 0.010894
0.241424 0.226682
0.237446 0.058215
0.19583 0.229863
0.189154 0.059457
0.187713 0.012242
0.157697 0.013188
0.148718 0.060608
0.148311 0.013147
0.139591 0.013643
0.139943 0.060545
0.13095 0.013802
0.131236 0.060736
0.121892 0.01393
0.122145 0.060895
0.099322 0.06064
0.099391 0.01386
0.077014 0.013864
0.116476 0.220103
0.131564 0.061688
0.128475 0.220975
0.116103 0.223521
0.128773 0.224418
0.098007 0.219367
0.097879 0.22268
0.077929 0.2225
0.077228 0.060668
0.077916 0.219128
0.057803 0.222887
0.055094 0.060818
0.054621 0.013886
0.032126 0.014255
0.057687 0.219483
0.037556 0.223935
0.032934 0.061146
0.03725 0.220493
0.016594 0.225933
0.01579 0.222458
0.010455 0.061662
0.009131 0.0148
0.586867 0.475145
0.591154 0.481523
0.597958 0.469941
0.583075 0.48414
0.576086 0.478055
0.575298 0.484473
0.567603 0.48419
0.565293 0.475538
0.560187 0.48162
0.554771 0.470725
0.931358 0.201082
0.949176 0.198144
0.931353 0.193124
0.949176 0.205734
0.932132 0.216904
0.966993 0.201082
0.966998 0.193124
0.966219 0.216904
0.949176 0.220797
0.933001 0.225082
0.965351 0.225082
0.949176 0.228568
0.934821 0.239545
0.963531 0.239545
0.949176 0.242117
0.93531 0.243852
0.963042 0.243852
0.949176 0.24596
0.935718 0.248261
0.962633 0.248261
0.949176 0.248842
0.935793 0.251425
0.962558 0.251425
0.949176 0.251766
0.949176 0.262473
0.935612 0.262786
0.96274 0.262786
0.949176 0.277079
0.935559 0.277172
0.962792 0.277172
0.949176 0.287421
0.935548 0.287533
0.962803 0.287533
0.949176 0.312598
0.93551 0.312727
0.962841 0.312727
0.949176 0.346182
0.935482 0.346341
0.962869 0.346341
0.949176 0.390128
0.93547 0.390323
0.962881 0.390323
0.949176 0.44018
0.935455 0.440402
0.962896 0.440402
0.949176 0.49346
0.935915 0.493708
0.962437 0.493708
0.949176 0.548722
0.936363 0.548982
0.961989 0.548982
0.527492 0.857892
0.585092 0.837426
0.526955 0.861206
0.585592 0.834074
0.527941 0.855095
0.642537 0.818198
0.586046 0.831239
0.52847 0.851789
0.586562 0.827898
0.642975 0.814699
0.69728 0.802875
0.643431 0.811826
0.643898 0.808339
0.697721 0.79941
0.746013 0.792433
0.698179 0.796475
0.69864 0.793017
0.746444 0.788996
0.746898 0.786006
0.747369 0.782582
0.786029 0.783823
0.785661 0.780943
0.785267 0.777629
0.59028 0.797597
0.532499 0.814927
0.53192 0.818385
0.590858 0.794155
0.647684 0.781014
0.533139 0.811868
0.648268 0.777592
0.702316 0.768304
0.591502 0.791055
0.533742 0.808472
0.592103 0.787681
0.648911 0.774449
0.649509 0.771091
0.702903 0.764915
0.750816 0.76014
0.703549 0.761709
0.704139 0.758383
0.751394 0.756778
0.788347 0.757133
0.752038 0.753513
0.752635 0.750223
0.791243 0.753627
0.81655 0.755281
0.793195 0.75098
0.821508 0.75165
0.828132 0.754464
0.834342 0.750851
0.827814 0.756693
0.825785 0.770647
0.825461 0.772902
0.827047 0.776056
0.814932 0.777506
0.813746 0.774282
0.786029 0.783823
0.78566 0.780943
0.785266 0.777629
0.747369 0.782582
0.746897 0.786005
0.69864 0.793016
0.746443 0.788995
0.746012 0.792432
0.698178 0.796474
0.643898 0.808338
0.697721 0.799409
0.69728 0.802874
0.643431 0.811825
0.586562 0.827897
0.642975 0.814699
0.642537 0.818197
0.586046 0.831238
0.528468 0.851787
0.527939 0.855093
0.585592 0.834072
0.585092 0.837425
0.52749 0.85789
0.526954 0.861203
0.952585 0.096523
0.931015 0.070645
0.952485 0.097965
0.931709 0.07001
0.952869 0.073227
0.942378 0.059857
0.925217 0.05821
0.926072 0.057928
0.940096 0.053305
0.937797 0.046758
0.922676 0.044151
0.92173 0.044001
0.939545 0.038941
0.927163 0.030121
0.926357 0.029568
0.943518 0.03387
0.93381 0.018677
0.952869 0.025551
0.933212 0.017788
0.952294 0.002041
0.952216 0.000689
0.952584 0.096524
0.931014 0.070643
0.952484 0.097965
0.931707 0.070009
0.952869 0.073226
0.942377 0.059855
0.925216 0.058208
0.926071 0.057926
0.940095 0.053304
0.937796 0.046757
0.922676 0.044149
0.92173 0.043999
0.939545 0.03894
0.927163 0.03012
0.926357 0.029566
0.943518 0.033869
0.93381 0.018676
0.952869 0.02555
0.933212 0.017787
0.952294 0.002041
0.952216 0.000689
0.952585 0.096523
0.931015 0.070645
0.952485 0.097964
0.931708 0.07001
0.952869 0.073227
0.942378 0.059857
0.925216 0.05821
0.926072 0.057928
0.940096 0.053305
0.937797 0.046758
0.922676 0.044151
0.92173 0.044001
0.939545 0.038941
0.927163 0.030121
0.926357 0.029567
0.943518 0.03387
0.93381 0.018677
0.952869 0.025551
0.933212 0.017788
0.952294 0.002041
0.952216 0.000689
0.952585 0.096524
0.931014 0.070643
0.952484 0.097965
0.931708 0.070009
0.952869 0.073227
0.942378 0.059856
0.925216 0.058209
0.926072 0.057927
0.940096 0.053304
0.937796 0.046757
0.922676 0.04415
0.92173 0.044
0.939545 0.038941
0.927163 0.03012
0.926357 0.029567
0.943518 0.033869
0.93381 0.018676
0.952869 0.025551
0.933212 0.017788
0.952294 0.002041
0.952216 0.000689
0.952585 0.096524
0.931015 0.070644
0.952485 0.097966
0.931708 0.07001
0.952869 0.073227
0.942378 0.059856
0.925217 0.05821
0.926072 0.057927
0.940096 0.053305
0.937797 0.046758
0.922676 0.044151
0.92173 0.044
0.939545 0.038941
0.927163 0.030121
0.926357 0.029567
0.943518 0.03387
0.93381 0.018677
0.952869 0.025551
0.933213 0.017788
0.952294 0.002042
0.952217 0.000689
0.952585 0.096523
0.931015 0.070645
0.952485 0.097964
0.931709 0.070011
0.952869 0.073227
0.942378 0.059857
0.925216 0.05821
0.926072 0.057928
0.940096 0.053306
0.937797 0.046758
0.922676 0.044151
0.92173 0.044001
0.939545 0.038942
0.927163 0.030121
0.926357 0.029568
0.943518 0.03387
0.93381 0.018677
0.952869 0.025551
0.933212 0.017788
0.952294 0.002041
0.952216 0.000689
0.585135 0.511753
0.608286 0.534078
0.607873 0.51134
0.585548 0.53449
0.570687 0.515068
0.570989 0.531702
0.558505 0.51778
0.558717 0.529433
0.542577 0.518069
0.542789 0.529722
0.536293 0.532331
0.535991 0.515697
0.532721 0.512704
0.533133 0.535442
0.510395 0.535854
0.509983 0.513116
0.959434 0.729223
0.959218 0.695955
0.942443 0.696064
0.942658 0.729331
0.959058 0.662796
0.942226 0.662796
0.942443 0.696064
0.959218 0.695955
0.959649 0.76249
0.959434 0.729223
0.942658 0.729331
0.942874 0.762599
0.942443 0.629528
0.959218 0.629637
0.959434 0.596369
0.942658 0.59626
0.959058 0.662796
0.959218 0.629637
0.942443 0.629528
0.942226 0.662796
0.939443 0.898401
0.92803 0.918169
0.939443 0.937938
0.96227 0.898401
0.973683 0.918169
0.96227 0.937938
0.942658 0.59626
0.959434 0.596369
0.959649 0.563101
0.942874 0.562992
0.845431 0.109251
0.841009 0.094734
0.832933 0.095772
0.832355 0.110443
0.848995 0.129135
0.831021 0.130168
0.825008 0.094244
0.813247 0.126305
0.820005 0.107831
0.81795 0.090397
0.809128 0.101775
0.797297 0.117454
0.800587 0.092808
0.784654 0.104278
0.812385 0.084619
0.776497 0.087934
0.795118 0.081727
0.808808 0.077446
0.793207 0.06953
0.773583 0.0699
0.795028 0.057324
0.80754 0.069537
0.776183 0.051816
0.808694 0.061615
0.784064 0.035325
0.812164 0.054406
0.80042 0.046222
0.796516 0.021915
0.817633 0.048574
0.808905 0.037244
0.812432 0.012782
0.819744 0.031228
0.824603 0.044674
0.832035 0.028778
0.830428 0.008703
0.848995 0.009905
0.832431 0.043116
0.844948 0.030214
0.840297 0.044212
0.382181 0.459539
0.383879 0.461888
0.3856 0.459981
0.38461 0.458277
0.475234 0.436414
0.381234 0.457194
0.474772 0.434649
0.383787 0.456378
0.380588 0.45501
0.474311 0.432883
0.383117 0.454419
0.380059 0.452937
0.473853 0.431115
0.382538 0.452451
0.473398 0.429347
0.379573 0.450925
0.382013 0.450491
0.472946 0.427578
0.38152 0.448539
0.379106 0.448942
0.472497 0.425808
0.378651 0.446965
0.381053 0.446593
0.47205 0.424037
0.378219 0.444972
0.380616 0.444651
0.471607 0.422266
0.380225 0.442712
0.377832 0.44294
0.471167 0.420495
0.377545 0.440841
0.37991 0.440782
0.470729 0.418723
0.37747 0.43865
0.37972 0.438885
0.470295 0.416951
0.379721 0.437069
0.377832 0.436416
0.469834 0.415062
0.98562 0.510819
0.98562 0.527529
0.992635 0.527529
0.992635 0.510819
0.98562 0.494109
0.992635 0.494109
0.992635 0.477399
0.98562 0.477399
0.992635 0.460689
0.98562 0.460689
0.98562 0.443979
0.992635 0.443979
0.992635 0.427269
0.98562 0.427269
0.992635 0.410559
0.98562 0.410559
0.992635 0.39385
0.98562 0.39385
0.992635 0.37714
0.98562 0.37714
0.992635 0.36043
0.98562 0.36043
0.992635 0.34372
0.98562 0.34372
0.98562 0.32701
0.992635 0.32701
0.992635 0.545618
0.992635 0.528908
0.98562 0.528908
0.98562 0.545618
0.992635 0.562328
0.98562 0.562328
0.98562 0.579038
0.992635 0.579038
0.98562 0.595748
0.992635 0.595748
0.992635 0.612457
0.98562 0.612457
0.98562 0.629167
0.992635 0.629167
0.98562 0.645877
0.992635 0.645877
0.98562 0.662587
0.992635 0.662587
0.98562 0.679297
0.992635 0.679297
0.98562 0.696007
0.992635 0.696007
0.98562 0.712717
0.992635 0.712717
0.992635 0.729427
0.98562 0.729427
0.992635 0.730806
0.98562 0.730806
0.98562 0.747516
0.992635 0.747516
0.98562 0.764226
0.992635 0.764226
0.98562 0.780936
0.992635 0.780936
0.98562 0.797646
0.992635 0.797646
0.98562 0.814356
0.992635 0.814356
0.98562 0.831066
0.992635 0.831066
0.98562 0.847776
0.992635 0.847776
0.992635 0.864486
0.98562 0.864486
0.98562 0.881195
0.992635 0.881195
0.992635 0.897905
0.98562 0.897905
0.992635 0.914615
0.98562 0.914615
0.98562 0.931325
0.992635 0.931325
0.939443 0.852335
0.973533 0.872104
0.96227 0.852335
0.92803 0.872104
0.939443 0.891872
0.96227 0.891872
0.785552 0.259839
0.800523 0.275685
0.798252 0.258404
0.787252 0.277088
0.805054 0.321836
0.79111 0.323104
0.772769 0.26092
0.77405 0.278197
0.777158 0.324158
0.763199 0.324988
0.760862 0.279037
0.759935 0.261725
0.749231 0.325587
0.747671 0.279628
0.747068 0.262286
0.735256 0.325954
0.734178 0.262617
0.734472 0.279981
0.721276 0.326087
0.721265 0.280103
0.721274 0.262725
0.708363 0.26261
0.708051 0.279996
0.707293 0.325988
0.69545 0.26227
0.69331 0.325655
0.694832 0.279662
0.682541 0.261701
0.681603 0.279098
0.679331 0.325093
0.66964 0.260888
0.665358 0.324306
0.668358 0.278298
0.655074 0.277249
0.656753 0.259806
0.651393 0.323303
0.643884 0.258404
0.637477 0.322112
0.641705 0.275923
0.423839 0.361823
0.443179 0.371252
0.437318 0.353525
0.437373 0.374659
0.434389 0.380136
0.416265 0.375722
0.434521 0.386371
0.416601 0.391547
0.437735 0.391716
0.424756 0.405114
0.443179 0.394758
0.438574 0.412834
0.449415 0.394692
0.454402 0.412666
0.468054 0.404655
0.454794 0.391535
0.457893 0.386123
0.47592 0.390919
0.47592 0.375091
0.457893 0.379887
0.468054 0.361355
0.454794 0.374475
0.454402 0.353344
0.449415 0.371318
0.438574 0.353176
0.511661 0.656017
0.80868 0.656015
0.80868 0.647165
0.511661 0.647166
0.80868 0.638315
0.511661 0.638316
0.80868 0.629465
0.511661 0.629465
0.80868 0.620614
0.511661 0.620615
0.80868 0.611764
0.511661 0.611764
0.80868 0.602914
0.511661 0.602914
0.80868 0.594063
0.511661 0.594063
0.80868 0.585213
0.511661 0.585213
0.80868 0.576363
0.511661 0.576362
0.80868 0.567512
0.511661 0.567512
0.80868 0.558662
0.511661 0.558661
0.80868 0.549812
0.511661 0.549811
0.931941 0.589427
0.928344 0.589082
0.927256 0.610799
0.930527 0.610965
0.926159 0.632517
0.929429 0.632682
0.928331 0.654399
0.925432 0.654324
0.925028 0.67614
0.928303 0.676144
0.925 0.697885
0.928274 0.697889
0.924971 0.71963
0.928246 0.719634
0.924943 0.741375
0.928218 0.741379
0.924914 0.76312
0.928189 0.763124
0.928161 0.784869
0.925261 0.784936
0.926295 0.806796
0.929512 0.806767
0.927121 0.8286
0.93039 0.828418
0.928328 0.850311
0.931941 0.850391
0.878279 0.885885
0.878279 0.870286
0.865578 0.87369
0.87048 0.856777
0.865578 0.882482
0.861181 0.866076
0.87048 0.899395
0.853567 0.86168
0.861181 0.890096
0.856971 0.848978
0.856971 0.907194
0.844775 0.86168
0.853567 0.894492
0.841372 0.848978
0.841372 0.907194
0.837161 0.866076
0.844775 0.894492
0.827863 0.856777
0.827863 0.899395
0.832765 0.87369
0.837161 0.890096
0.820063 0.870286
0.820063 0.885885
0.832765 0.882482
0.838566 0.196287
0.823022 0.187312
0.819105 0.201928
0.805072 0.187312
0.827867 0.206986
0.808988 0.201928
0.847541 0.211831
0.832925 0.215748
0.847541 0.229781
0.832925 0.225865
0.789527 0.196287
0.800227 0.206986
0.795168 0.215748
0.780552 0.211831
0.795168 0.225865
0.780552 0.229781
0.800227 0.234626
0.789527 0.245326
0.808988 0.239685
0.805072 0.254301
0.838566 0.245326
0.827867 0.234626
0.819105 0.239685
0.823022 0.254301
0.652412 0.079775
0.668027 0.07076
0.657279 0.060012
0.677042 0.055145
0.648478 0.065093
0.66236 0.051211
0.634382 0.079775
0.638316 0.065093
0.618767 0.07076
0.629515 0.060012
0.677042 0.037115
0.66236 0.041049
0.657279 0.032248
0.668027 0.0215
0.648478 0.027167
0.652412 0.012485
0.638316 0.027167
0.634382 0.012485
0.629515 0.032248
0.618767 0.0215
0.609752 0.055145
0.624434 0.051211
0.624434 0.041049
0.609752 0.037115
0.732171 0.035127
0.733805 0.036761
0.733206 0.034529
0.731572 0.036163
0.734403 0.034529
0.731572 0.037359
0.735439 0.035127
0.732171 0.038395
0.736037 0.036163
0.733206 0.038993
0.736037 0.037359
0.734403 0.038993
0.735439 0.038395
0.949549 0.164568
0.93936 0.162632
0.938905 0.16549
0.929081 0.161317
0.948844 0.161806
0.957878 0.158674
0.930607 0.158909
0.922989 0.153131
0.956018 0.156695
0.962208 0.149452
0.941939 0.146393
0.925371 0.151826
0.92173 0.143021
0.959726 0.148732
0.924313 0.143106
0.95889 0.141315
0.961273 0.140845
0.925286 0.135128
0.95857 0.137276
0.927406 0.136314
0.928963 0.132573
0.956102 0.137828
0.931138 0.133862
0.957331 0.127724
0.95976 0.127327
0.958009 0.122941
0.960468 0.122234
0.95114 0.128546
0.933101 0.123874
0.930914 0.122744
0.933938 0.119117
0.93182 0.117682
0.938733 0.126575
0.948641 0.13352
0.939567 0.132079
0.944289 0.131603
0.945187 0.125951
0.93439 0.116564
0.932258 0.115252
0.945696 0.122743
0.936042 0.107998
0.933828 0.107027
0.958371 0.120374
0.960805 0.119788
0.947397 0.112037
0.959455 0.111718
0.961861 0.11148
0.937566 0.101496
0.93554 0.100655
0.937454 0.099345
0.94918 0.100814
0.948815 0.103118
0.960021 0.105064
0.962208 0.104892
0.960794 0.103053
0.897738 0.8716
0.883634 0.861261
0.882439 0.868095
0.880937 0.882138
0.897892 0.860139
0.884247 0.857485
0.897542 0.886185
0.879933 0.892072
0.89794 0.856509
0.88446 0.853769
0.897403 0.896564
0.879426 0.90941
0.897159 0.914685
0.915028 0.909888
0.914986 0.892543
0.914249 0.882585
0.913125 0.868507
0.912114 0.861643
0.911602 0.857852
0.911489 0.854131
0.897988 0.852968
0.898098 0.84477
0.911856 0.844042
0.89833 0.827453
0.884364 0.843673
0.912151 0.828163
0.884496 0.827791
0.912326 0.817717
0.884601 0.817345
0.89847 0.817011
0.899282 0.756563
0.912903 0.79214
0.88471 0.791762
0.913618 0.757997
0.884912 0.757611
0.914207 0.713879
0.885507 0.713493
0.899876 0.712301
0.914826 0.663719
0.886235 0.663335
0.900552 0.66196
0.914943 0.620972
0.887265 0.620601
0.901128 0.619029
0.915028 0.576371
0.888377 0.576013
0.901728 0.574316
0.776951 0.161161
0.768763 0.129375
0.774963 0.161302
0.773626 0.193032
0.77526 0.193341
0.763785 0.222334
0.765215 0.223129
0.745912 0.249176
0.744451 0.247846
0.742445 0.24467
0.761648 0.221098
0.770626 0.192518
0.773085 0.192932
0.771445 0.16153
0.774364 0.161341
0.765911 0.130403
0.770743 0.128647
0.752096 0.104306
0.754497 0.102343
0.756213 0.101102
0.739973 0.085895
0.738275 0.090329
0.743446 0.085979
0.741328 0.079866
0.722656 0.081789
0.738116 0.079443
0.740595 0.074162
0.724224 0.076256
0.705761 0.076197
0.704876 0.080866
0.68487 0.082594
0.685839 0.085478
0.658489 0.098097
0.660178 0.100124
0.640746 0.125512
0.638191 0.123929
0.624175 0.152818
0.626576 0.153629
0.620871 0.183554
0.618362 0.183633
0.626736 0.21391
0.623411 0.21579
0.621462 0.216279
0.616699 0.183658
0.623642 0.152647
0.622029 0.152139
0.635964 0.122508
0.637681 0.123615
0.657369 0.096761
0.684031 0.080623
0.702766 0.074453
0.707767 0.070358
0.710722 0.071681
0.711379 0.065885
0.725151 0.072981
0.714321 0.066768
0.737629 0.073372
0.715667 0.060553
0.712373 0.060124
0.726072 0.069732
0.727135 0.065983
0.739739 0.067378
0.742767 0.068737
0.715723 0.054009
0.712121 0.053938
0.71019 0.03931
0.707532 0.039777
0.708219 0.024966
0.728204 0.062213
0.743111 0.061788
0.746213 0.0636
0.755447 0.052138
0.757464 0.053911
0.764534 0.041003
0.730534 0.054013
0.722267 0.046571
0.741441 0.052087
0.71759 0.037703
0.749994 0.046936
0.754767 0.038419
0.717926 0.027891
0.761899 0.04028
0.764817 0.026085
0.754797 0.028645
0.710861 0.025738
0.715908 0.012059
0.71789 0.01406
0.723082 0.019569
0.730065 0.007322
0.731795 0.014829
0.729328 0.004487
0.742107 0.013155
0.744117 0.006162
0.744775 0.003876
0.757512 0.012599
0.755387 0.014603
0.749958 0.020031
0.762092 0.026729
0.919775 0.465991
0.91978 0.483838
0.920922 0.48383
0.91974 0.500512
0.920926 0.465931
0.919711 0.44748
0.920898 0.500604
0.919612 0.542838
0.920825 0.543389
0.923469 0.543391
0.923478 0.500604
0.920891 0.447389
0.919744 0.430769
0.920926 0.430612
0.9197 0.399647
0.920909 0.39921
0.923488 0.447386
0.923492 0.43061
0.923498 0.39921
0.926087 0.399211
0.926058 0.430613
0.927296 0.399649
0.92724 0.430771
0.926086 0.44739
0.927265 0.447482
0.923485 0.46593
0.926044 0.465932
0.92604 0.483831
0.927194 0.465992
0.927182 0.48384
0.927215 0.500513
0.923481 0.483831
0.926057 0.500605
0.927326 0.542839
0.926113 0.54339
0.496179 0.981201
0.496173 0.98203
0.50914 0.982039
0.484058 0.982055
0.509184 0.981203
0.522589 0.982091
0.483992 0.981214
0.453307 0.982136
0.452907 0.981255
0.452906 0.979334
0.483992 0.979339
0.522656 0.981234
0.534731 0.982072
0.534846 0.981213
0.557344 0.982112
0.557661 0.981234
0.522659 0.979346
0.534848 0.979349
0.557662 0.979353
0.557662 0.977472
0.509185 0.979344
0.534846 0.977485
0.557345 0.976593
0.534732 0.976626
0.522656 0.977459
0.52259 0.976602
0.509184 0.977485
0.496179 0.977482
0.509141 0.976649
0.496174 0.976653
0.484059 0.976624
0.496179 0.979341
0.483992 0.977465
0.453308 0.976531
0.452907 0.977413
0.858013 0.145241
0.858064 0.172036
0.859898 0.172049
0.85804 0.200718
0.859873 0.145094
0.857843 0.077223
0.859794 0.076339
0.864042 0.076337
0.864019 0.145096
0.859888 0.200814
0.864001 0.200817
0.857921 0.230464
0.859817 0.230611
0.85796 0.257319
0.859859 0.257573
0.857863 0.307335
0.859805 0.308037
0.863991 0.230619
0.863982 0.257578
0.863966 0.30804
0.868127 0.30804
0.868165 0.230614
0.868106 0.257575
0.87007 0.307338
0.870005 0.257323
0.870061 0.230468
0.868114 0.200816
0.868122 0.172052
0.869962 0.200721
0.869958 0.17204
0.870026 0.145245
0.86401 0.17205
0.868165 0.145097
0.870241 0.077228
0.868291 0.076342
0.90849 0.980088
0.908483 0.981028
0.923166 0.981033
0.894766 0.98106
0.923215 0.980086
0.938395 0.981086
0.93847 0.980115
0.952143 0.981059
0.89469 0.980108
0.859946 0.981165
0.859493 0.980166
0.859491 0.977991
0.89469 0.977985
0.923216 0.977981
0.952272 0.980087
0.977748 0.981096
0.978107 0.980101
0.978107 0.977971
0.938473 0.977978
0.952274 0.977976
0.978106 0.975841
0.952272 0.975865
0.977747 0.974847
0.952142 0.974892
0.938469 0.975841
0.938394 0.974871
0.923215 0.975875
0.908489 0.975878
0.923166 0.974929
0.908482 0.974939
0.894765 0.97491
0.908489 0.977983
0.89469 0.975863
0.859945 0.974818
0.859492 0.975816
0.59018 0.119115
0.591554 0.119125
0.591567 0.097644
0.591596 0.139192
0.590183 0.097573
0.587103 0.09757
0.591651 0.075367
0.590231 0.075257
0.591618 0.055254
0.590202 0.139302
0.587097 0.139303
0.591683 0.190133
0.590222 0.190794
0.587012 0.191643
0.58396 0.190793
0.5871 0.119115
0.58402 0.119114
0.583992 0.139301
0.582499 0.190132
0.582599 0.139191
0.582646 0.119124
0.582638 0.097643
0.584022 0.097572
0.582559 0.075366
0.583979 0.075256
0.582597 0.055253
0.587105 0.075251
0.584019 0.055064
0.582541 0.017795
0.583996 0.017269
0.587108 0.055061
0.587112 0.017268
0.590228 0.01727
0.590196 0.055064
0.591683 0.017796
0.979036 0.80146
0.979976 0.801467
0.979985 0.786774
0.980005 0.815194
0.979038 0.786725
0.980043 0.771535
0.979071 0.77146
0.98002 0.757777
0.979052 0.815269
0.976928 0.815269
0.980064 0.850039
0.979064 0.850491
0.977121 0.851071
0.974785 0.850491
0.976931 0.786723
0.979047 0.757647
0.980064 0.732155
0.979069 0.731795
0.976933 0.771456
0.976934 0.757645
0.976937 0.731794
0.974822 0.757647
0.974806 0.731794
0.97381 0.732154
0.973849 0.757776
0.974795 0.771459
0.973823 0.771534
0.974824 0.786724
0.974823 0.80146
0.973877 0.786773
0.973883 0.801466
0.973851 0.815193
0.97693 0.801461
0.974804 0.815268
0.973785 0.850038
0.004508 0.898035
0.007773 0.910223
0.013101 0.906893
0.008856 0.893806
0.022063 0.890268
0.025975 0.903443
0.017001 0.91098
0.010837 0.921656
0.026572 0.905454
0.033495 0.901456
0.037327 0.928702
0.040169 0.901308
0.034357 0.930416
0.046633 0.925431
0.030214 0.932808
0.027389 0.937701
0.004121 0.933288
0.024657 0.942432
0.046255 0.899897
0.004121 0.959048
0.024657 0.953545
0.030214 0.963169
0.017001 0.981356
0.039838 0.968726
0.03931 0.994236
0.057746 0.966905
0.065069 0.994236
0.087378 0.981357
0.074165 0.959528
0.100258 0.959048
0.079721 0.949904
0.100258 0.933288
0.079721 0.938791
0.074165 0.929167
0.087378 0.91098
0.069434 0.926435
0.075746 0.904264
0.064541 0.92361
0.065069 0.8981
0.059757 0.92361
0.072683 0.892831
0.054017 0.8981
0.056328 0.92361
0.053529 0.89606
0.066403 0.892611
0.069417 0.880643
0.05033 0.882694
0.063537 0.879155
0.823369 0.914849
0.811035 0.911544
0.806851 0.91879
0.811035 0.903177
0.815881 0.92782
0.823369 0.899872
0.80291 0.935308
0.806851 0.895931
0.799605 0.922973
0.815881 0.886902
0.787933 0.935308
0.799605 0.891748
0.791238 0.922973
0.80291 0.879413
0.774963 0.92782
0.791238 0.891748
0.783992 0.91879
0.787933 0.879413
0.767474 0.914849
0.783992 0.895931
0.779809 0.911544
0.774963 0.886902
0.767474 0.899872
0.779809 0.903177
0.921385 0.282567
0.909296 0.275588
0.906216 0.287083
0.895338 0.275588
0.912969 0.290982
0.898418 0.287083
0.928364 0.294655
0.891665 0.290982
0.916868 0.297735
0.88325 0.282567
0.928364 0.308613
0.887767 0.297735
0.916868 0.305533
0.876271 0.294655
0.921385 0.320702
0.887767 0.305533
0.912969 0.312286
0.876271 0.308613
0.909296 0.327681
0.891665 0.312286
0.906216 0.316185
0.88325 0.320702
0.895338 0.327681
0.898418 0.316185
0.618237 0.233669
0.602622 0.224654
0.598643 0.239504
0.584591 0.224654
0.607366 0.24454
0.58857 0.239504
0.627252 0.249284
0.568977 0.233669
0.612402 0.253263
0.579847 0.24454
0.559961 0.249284
0.574811 0.253263
0.559961 0.267315
0.574811 0.263336
0.627252 0.267315
0.612402 0.263336
0.568976 0.282929
0.579847 0.272059
0.58857 0.277095
0.584591 0.291945
0.598643 0.277095
0.602622 0.291945
0.607366 0.272059
0.618237 0.282929
0.522813 0.343822
0.531627 0.359089
0.542135 0.34858
0.546894 0.367903
0.537168 0.339976
0.55074 0.353549
0.522813 0.326194
0.560676 0.353549
0.537168 0.33004
0.564522 0.367903
0.569281 0.348581
0.579789 0.359089
0.574249 0.339976
0.588603 0.343822
0.574249 0.33004
0.588603 0.326194
0.569281 0.321435
0.579789 0.310927
0.560676 0.316467
0.564522 0.302113
0.531627 0.310927
0.542136 0.321435
0.55074 0.316467
0.546894 0.302113
0.538431 0.765514
0.542757 0.763681
0.542039 0.760395
0.536496 0.762758
0.548072 0.760395
0.547471 0.76372
0.55366 0.762641
0.535122 0.768856
0.532286 0.767051
0.543227 0.766039
0.551844 0.765474
0.557932 0.766907
0.555155 0.768817
0.560239 0.772471
0.550513 0.767478
0.55695 0.77317
0.560239 0.778484
0.53334 0.7732
0.530035 0.772616
0.539739 0.767518
0.547008 0.766062
0.553181 0.770175
0.556938 0.777872
0.557944 0.78403
0.533355 0.777885
0.530085 0.778609
0.544237 0.771061
0.54767 0.771739
0.554615 0.773671
0.555135 0.782203
0.553703 0.788263
0.554592 0.777441
0.549611 0.774649
0.551811 0.785504
0.548178 0.790547
0.546021 0.77106
0.545135 0.775538
0.548929 0.773003
0.553138 0.780912
0.547471 0.787273
0.542207 0.790601
0.549605 0.77643
0.548924 0.778072
0.542592 0.771749
0.547664 0.779324
0.541338 0.773013
0.550467 0.783549
0.542786 0.787305
0.536652 0.788363
0.537091 0.770208
0.546025 0.780004
0.547009 0.78496
0.540663 0.774658
0.535668 0.773696
0.543274 0.784981
0.539787 0.783566
0.544251 0.780004
0.540668 0.776436
0.535688 0.77745
0.542608 0.779328
0.541353 0.778073
0.537149 0.780894
0.53518 0.782208
0.532418 0.784116
0.538459 0.785551
0.587017 0.744029
0.586269 0.747489
0.590858 0.74936
0.580705 0.743972
0.592857 0.746443
0.581317 0.747456
0.574833 0.746338
0.59437 0.752849
0.59734 0.750918
0.576743 0.74931
0.578147 0.751408
0.570358 0.750827
0.573277 0.752844
0.567891 0.756649
0.596276 0.757427
0.599767 0.75678
0.571348 0.757413
0.567839 0.762983
0.596289 0.762398
0.599767 0.763137
0.571332 0.762366
0.570218 0.768866
0.594392 0.766999
0.597327 0.769018
0.573216 0.766957
0.574669 0.773404
0.590892 0.770533
0.592811 0.773527
0.586269 0.772387
0.586905 0.775901
0.589485 0.768414
0.592305 0.765563
0.576714 0.77049
0.580528 0.775902
0.581286 0.772428
0.581783 0.769935
0.58578 0.769911
0.578096 0.768372
0.593822 0.761868
0.593796 0.757883
0.58648 0.76391
0.582851 0.764627
0.588532 0.760834
0.575297 0.765529
0.592261 0.754214
0.589436 0.751427
0.587805 0.757215
0.587811 0.762574
0.5838 0.759894
0.588526 0.758951
0.573794 0.761842
0.585781 0.749935
0.586473 0.755892
0.584741 0.755174
0.581833 0.749913
0.582866 0.755174
0.58113 0.755888
0.579802 0.757214
0.575359 0.754233
0.579078 0.758945
0.573814 0.757873
0.579073 0.760824
0.579787 0.762563
0.581112 0.763899
0.584736 0.764627
256
0 2 1
0 3 2
4 3 0
4 5 3
6 3 5
6 5 7
8 5 4
7 5 9
8 9 5
7 9 10
9 11 10
12 9 8
9 12 11
12 8 13
14 11 12
14 12 13
14 13 15
14 16 11
17 14 15
18 16 14
17 18 14
18 19 16
20 18 17
20 19 18
20 17 21
22 20 21
20 23 19
22 23 20
22 21 24
22 25 23
26 22 24
27 25 22
26 28 22
27 22 28
29 27 28
30 28 26
29 28 31
30 31 28
32 29 31
30 33 31
32 31 33
30 34 33
35 33 34
36 32 33
35 37 33
36 33 37
38 37 35
39 36 37
38 39 37
39 40 36
38 41 39
40 39 41
40 41 42
41 43 42
38 44 41
41 45 43
44 45 41
44 46 45
47 45 46
47 46 48
49 51 50
49 52 51
53 55 54
53 56 55
57 55 56
57 56 58
59 57 58
59 60 57
61 60 59
61 62 60
63 65 64
63 66 65
66 67 65
66 68 67
67 68 69
67 69 70
71 70 69
71 72 70
73 75 74
73 76 75
76 73 77
76 77 78
79 81 80
79 82 81
83 81 82
83 82 84
85 87 86
85 88 87
89 91 90
89 92 91
93 92 89
93 94 92
93 95 94
93 96 95
96 97 95
96 98 97
99 101 100
99 102 101
103 102 99
103 104 102
103 105 104
103 106 105
107 105 106
107 108 105
109 108 107
109 110 108
111 110 109
111 112 110
113 112 111
113 114 112
113 115 114
113 116 115
117 115 116
117 118 115
117 119 118
117 120 119
121 119 120
121 120 122
123 121 122
123 122 124
123 124 125
123 125 126
126 125 127
126 127 128
129 128 127
129 127 130
131 133 132
134 131 132
134 135 131
134 132 136
134 137 135
138 134 136
138 137 134
138 139 137
138 136 140
138 141 139
140 142 138
138 142 141
142 143 141
140 144 142
142 145 143
144 145 142
144 146 145
147 149 148
150 148 149
150 149 151
152 150 151
153 151 149
152 151 154
154 155 152
153 156 151
156 154 151
154 157 155
157 158 155
153 159 156
153 160 159
156 161 154
156 162 161
156 159 162
163 154 161
163 157 154
162 163 161
160 164 159
160 165 164
166 165 160
159 164 167
159 167 162
168 162 167
168 169 162
162 169 163
170 169 168
171 157 163
169 171 163
170 172 169
169 172 171
172 173 171
171 174 157
174 171 173
157 174 158
170 175 172
170 176 175
177 175 176
158 174 178
158 178 179
178 180 179
174 173 181
178 174 181
178 182 180
182 183 180
178 181 184
173 184 181
184 182 178
182 185 183
185 186 183
184 187 182
187 185 182
185 188 186
188 189 186
187 184 190
173 190 184
187 191 185
191 187 190
191 188 185
190 192 191
191 192 188
193 190 173
188 194 189
192 194 188
193 173 195
172 195 173
175 195 172
175 193 195
196 193 175
177 196 175
197 196 177
196 198 193
198 190 193
197 199 196
199 198 196
200 199 197
199 201 198
201 190 198
200 202 199
202 201 199
203 202 200
202 204 201
190 201 204
203 205 202
205 204 202
206 190 204
205 206 204
203 207 205
203 208 207
189 207 208
189 194 207
205 209 206
205 207 209
190 206 209
194 209 207
190 209 210
194 210 209
210 192 190
192 210 194
211 213 212
211 214 213
214 215 213
214 216 215
215 216 217
215 217 218
217 219 218
217 220 219
220 221 219
220 222 221
222 223 221
222 224 223
224 225 223
224 226 225
225 226 227
225 227 228
228 227 229
228 229 230
230 229 231
230 231 232
233 232 231
233 234 232
235 234 233
235 236 234
237 236 235
237 235 238
239 237 238
239 238 240
239 240 241
239 241 242
243 245 244
246 243 244
244 247 246
248 246 247
248 247 249
249 250 248
250 251 248
252 248 251
252 253 248
254 253 252
248 255 246
253 255 248
254 256 253
257 256 254
253 258 255
256 258 253
257 259 256
260 259 257
256 261 258
259 261 256
260 262 259
263 262 260
259 264 261
262 264 259
263 265 262
266 265 263
262 267 264
265 267 262
266 268 265
268 266 269
268 270 265
265 270 267
268 269 271
268 271 270
270 271 272
269 272 271
273 267 270
270 272 273
264 267 274
273 274 267
261 264 275
264 274 275
261 275 276
258 261 276
258 276 277
255 258 277
255 277 278
246 255 278
272 279 273
273 280 274
273 279 280
274 281 275
274 280 281
275 282 276
275 281 282
283 277 276
283 276 282
284 278 277
284 277 283
272 285 279
269 285 272
279 286 280
281 280 286
281 287 282
283 282 287
288 279 285
285 269 288
281 286 289
281 289 287
279 290 286
288 290 279
290 291 286
289 286 291
288 292 290
290 292 291
288 269 293
288 293 292
269 294 293
292 293 294
294 269 295
295 296 294
292 294 296
295 297 296
292 296 298
298 296 297
292 298 291
298 297 299
300 298 299
291 298 300
300 299 301
289 291 302
291 300 302
289 302 303
303 302 300
289 303 287
304 300 301
303 300 304
304 301 305
306 304 305
306 303 304
306 305 307
287 303 308
306 308 303
309 308 306
310 306 307
309 306 310
310 307 311
287 308 312
309 312 308
283 287 312
311 313 310
309 310 313
311 314 313
315 313 314
316 283 312
309 316 312
316 284 283
309 317 316
284 316 317
309 313 318
309 318 317
315 319 313
319 318 313
320 319 315
320 315 321
319 322 318
320 322 319
322 317 318
320 323 322
322 323 324
284 317 325
278 284 325
322 326 317
322 324 326
326 325 317
324 327 326
326 327 325
324 328 327
278 325 329
329 325 327
246 278 329
328 330 327
329 327 330
330 246 329
328 331 330
332 330 331
330 243 246
332 243 330
333 243 332
333 334 243
335 334 333
335 336 334
336 335 337
336 337 338
338 337 339
338 339 340
341 340 339
341 339 342
343 341 342
341 344 340
344 345 340
344 346 345
346 344 347
346 347 348
349 347 344
341 349 344
349 350 347
349 351 350
343 352 341
349 341 352
349 353 351
349 352 353
353 354 351
343 355 352
353 352 355
343 356 355
357 355 356
353 358 354
353 355 358
358 359 354
357 360 355
358 355 360
358 361 359
358 360 361
361 362 359
361 363 362
363 361 360
363 360 364
357 364 360
357 365 364
366 368 367
366 369 368
369 370 368
369 371 370
372 370 371
372 373 370
374 373 372
374 375 373
376 378 377
378 376 379
380 379 376
378 379 381
380 382 379
381 379 383
382 383 379
382 384 383
381 383 385
383 384 386
387 385 383
383 386 387
387 386 388
387 389 385
387 388 390
390 389 387
390 391 389
392 394 393
392 395 394
392 396 395
392 397 396
395 398 394
398 399 394
395 400 398
396 400 395
397 401 396
397 402 401
398 403 399
400 403 398
396 404 400
401 404 396
402 405 401
402 406 405
400 407 403
404 407 400
408 399 403
408 403 407
401 409 404
409 401 405
404 410 407
410 408 407
409 410 404
406 411 405
406 412 411
413 411 412
414 399 408
414 415 399
416 414 408
416 408 417
410 417 408
418 416 417
409 405 419
419 405 411
409 420 410
420 417 410
419 420 409
418 417 421
420 421 417
421 422 418
419 423 420
423 421 420
421 424 422
423 424 421
424 425 422
419 411 426
426 423 419
427 424 423
426 427 423
424 428 425
427 428 424
428 429 425
430 426 411
413 430 411
431 430 413
431 432 430
433 430 432
430 434 426
433 434 430
434 427 426
434 433 435
434 436 427
434 435 436
428 427 436
436 435 437
428 438 429
428 436 438
436 437 438
438 439 429
438 437 439
440 442 441
440 443 442
440 444 443
440 445 444
443 446 442
446 447 442
443 448 446
444 448 443
445 449 444
445 450 449
446 451 447
448 451 446
444 452 448
449 452 444
450 453 449
450 454 453
448 455 451
452 455 448
456 447 451
456 451 455
449 457 452
453 457 449
452 458 455
458 456 455
457 458 452
454 459 453
454 460 459
461 459 460
462 447 456
462 463 447
462 456 464
458 464 456
462 464 465
457 466 458
466 464 458
453 467 457
459 467 453
467 466 457
465 464 468
466 468 464
465 468 469
461 470 459
471 470 461
471 472 470
459 473 467
473 459 470
467 474 466
468 466 474
473 474 467
475 469 468
468 474 475
475 476 469
477 470 472
473 470 477
477 472 478
473 479 474
475 474 479
477 479 473
480 476 475
475 479 480
480 481 476
478 482 477
477 482 479
482 480 479
478 483 482
484 481 480
482 484 480
483 484 482
484 485 481
483 486 484
486 485 484
486 487 485
488 490 489
488 491 490
492 491 488
492 493 491
494 493 492
494 495 493
496 495 494
496 497 495
498 497 496
498 499 497
500 499 498
500 501 499
502 501 500
502 503 501
504 501 503
504 503 505
506 499 501
506 501 504
499 507 497
499 506 507
497 508 495
497 507 508
495 509 493
495 508 509
505 510 504
505 511 510
504 512 506
504 510 512
506 513 507
506 512 513
507 514 508
507 513 514
511 515 510
511 516 515
515 516 517
515 517 518
510 515 519
519 515 518
510 519 512
519 518 520
519 520 521
512 519 522
519 521 522
512 522 513
522 521 523
513 522 524
522 523 524
513 524 514
525 524 523
525 526 524
514 524 526
527 526 525
514 526 528
508 514 528
508 528 509
527 529 526
528 526 529
509 528 530
528 529 530
527 531 529
527 532 531
529 531 533
529 533 530
490 533 531
509 530 534
534 530 533
493 509 534
493 534 491
491 535 490
490 535 533
534 533 535
491 534 535
536 538 537
536 539 538
536 540 539
536 541 540
539 542 538
542 543 538
539 544 542
540 544 539
541 545 540
541 546 545
542 547 543
544 547 542
540 548 544
545 548 540
546 549 545
546 550 549
544 551 547
548 551 544
552 543 547
552 547 551
545 553 548
553 545 549
548 554 551
554 552 551
553 554 548
550 555 549
550 556 555
557 543 552
557 558 543
557 552 559
554 559 552
557 559 560
553 549 561
561 549 555
553 562 554
562 559 554
561 562 553
560 559 563
562 563 559
560 563 564
556 565 555
556 566 565
561 555 567
565 567 555
561 568 562
563 562 568
567 568 561
569 564 563
563 568 569
569 570 564
566 571 565
566 572 571
571 573 565
565 573 567
571 574 573
567 575 568
569 568 575
573 575 567
576 570 569
569 575 576
576 577 570
576 578 577
574 579 573
573 579 575
576 575 579
574 580 579
576 581 578
576 579 581
581 579 580
581 582 578
581 580 583
581 583 582
584 586 585
584 587 586
588 587 584
587 589 586
588 590 587
591 590 588
587 592 589
590 592 587
593 589 592
593 592 594
594 592 595
590 595 592
594 595 596
591 597 590
597 595 590
598 597 591
599 596 595
597 599 595
599 600 596
598 601 597
601 599 597
601 598 602
603 600 599
601 603 599
603 604 600
601 602 605
605 603 601
605 602 606
604 603 607
605 607 603
604 607 608
605 606 609
609 607 605
609 606 610
608 607 611
609 611 607
608 611 612
609 610 613
613 611 609
610 614 613
610 615 614
615 616 614
615 617 616
616 617 618
612 611 619
613 619 611
619 613 614
612 619 620
619 621 620
619 614 621
620 621 622
623 622 621
623 621 624
623 624 625
625 624 626
627 625 626
627 626 628
629 627 628
629 628 630
631 629 630
632 628 626
633 626 624
633 632 626
634 630 628
632 634 628
631 630 635
634 636 630
636 635 630
637 631 635
637 638 631
639 638 637
639 640 638
641 640 639
641 642 640
643 642 641
643 644 642
645 643 641
645 641 646
646 641 639
647 645 646
647 646 648
646 639 649
648 646 649
649 639 637
648 649 650
649 637 651
650 649 651
651 637 635
650 651 652
651 635 653
652 651 653
652 653 654
636 653 635
654 653 636
654 636 655
655 636 634
655 634 656
656 634 632
656 632 657
633 657 632
633 658 657
659 658 633
633 624 659
659 660 658
659 624 661
624 621 661
662 660 659
662 663 660
664 662 659
664 659 661
665 663 662
664 665 662
665 666 663
665 667 666
664 668 665
665 668 667
669 664 661
669 668 664
667 668 670
669 670 668
667 670 671
661 621 672
669 661 672
671 670 673
671 673 674
675 670 669
675 669 672
675 673 670
621 676 672
675 672 676
621 614 676
674 673 677
674 677 678
679 673 675
679 675 676
679 677 673
614 680 676
679 676 680
614 616 680
680 616 681
678 677 682
678 682 683
684 677 679
684 679 680
684 682 677
683 682 685
683 685 686
684 680 687
680 681 687
688 682 684
688 684 687
688 685 682
686 685 689
686 689 690
688 687 691
681 691 687
681 692 691
691 692 693
694 685 688
694 688 691
694 689 685
690 689 695
690 695 696
697 695 689
697 689 694
697 694 698
694 691 699
691 693 699
698 694 699
699 693 698
696 695 700
700 695 697
696 700 701
700 697 702
701 700 702
698 702 697
701 702 703
703 702 704
704 702 698
703 704 705
706 705 704
698 706 704
706 707 705
698 693 708
708 706 698
709 707 706
709 710 707
711 706 708
711 709 706
712 710 709
712 713 710
709 711 714
709 714 712
715 713 712
715 716 713
717 712 714
717 715 712
718 716 715
718 719 716
720 715 717
720 718 715
721 719 718
721 722 719
718 720 723
718 723 721
724 722 721
724 725 722
721 723 726
721 726 724
727 725 724
727 728 725
729 728 727
729 730 728
727 731 729
724 732 727
727 732 731
724 726 732
732 733 731
732 734 733
726 734 732
726 735 734
723 735 726
723 736 735
720 736 723
720 737 736
737 720 717
737 717 738
738 717 714
738 714 739
739 714 711
739 711 740
711 708 740
740 708 741
708 742 741
693 742 708
742 693 743
743 693 744
745 743 744
692 744 693
745 744 746
747 745 746
692 748 744
748 746 744
747 746 749
748 750 746
750 749 746
748 692 751
750 748 751
751 692 752
753 752 692
753 692 681
750 751 754
753 681 755
756 750 754
750 756 749
756 754 757
758 756 757
755 681 759
760 755 759
616 759 681
758 761 756
749 756 761
762 761 758
760 759 763
764 760 763
616 765 759
765 763 759
616 618 765
766 765 618
765 766 763
766 618 767
749 761 768
768 747 749
768 769 747
762 770 761
768 761 770
771 770 762
769 768 772
768 770 772
769 772 773
771 774 770
772 770 774
774 771 775
773 772 776
772 774 776
773 776 777
774 775 778
776 774 778
778 775 779
778 779 780
777 776 781
776 778 781
781 778 780
777 781 782
781 780 783
782 781 783
782 783 784
785 787 786
786 788 785
786 789 788
789 790 788
791 793 792
792 794 791
792 795 794
795 796 794
797 799 798
800 797 798
800 801 797
800 802 801
803 805 804
806 803 804
806 807 803
806 808 807
809 811 810
809 812 811
813 812 809
813 809 814
815 813 814
815 814 816
816 817 815
816 818 817
818 819 817
818 820 819
819 820 821
819 821 822
822 821 823
822 823 824
822 824 825
822 825 826
819 822 826
826 825 827
817 819 828
819 826 828
826 827 829
828 826 829
830 829 827
815 817 831
817 828 831
828 829 832
831 828 832
830 833 829
833 832 829
815 831 834
834 813 815
835 833 830
835 830 836
837 833 835
837 838 833
833 838 832
839 838 837
831 832 840
840 832 838
834 831 840
839 841 838
840 838 841
842 841 839
834 843 813
843 812 813
834 840 844
844 840 841
843 834 844
842 845 841
844 841 845
846 845 842
843 844 847
845 847 844
846 848 845
845 848 847
849 848 846
843 850 812
850 843 847
848 851 847
850 847 851
852 812 850
852 850 851
852 811 812
811 852 853
852 851 853
811 853 854
854 849 855
848 856 851
856 853 851
856 854 853
854 856 849
849 856 848
857 859 858
857 860 859
860 857 861
862 861 857
859 860 863
859 863 864
860 861 865
863 860 865
864 863 866
864 866 867
862 868 861
868 865 861
863 865 869
866 863 869
867 866 870
867 870 871
868 872 865
872 869 865
868 862 873
868 873 872
866 869 874
874 870 866
872 875 869
875 872 873
875 874 869
871 870 876
871 876 877
876 878 877
879 873 862
879 862 880
881 873 879
881 882 873
875 873 882
883 882 881
875 884 874
884 875 882
874 885 870
885 876 870
884 885 874
883 886 882
884 882 886
886 883 887
876 888 878
888 889 878
888 890 889
888 891 890
885 892 876
888 876 892
884 893 885
893 884 886
893 892 885
886 887 894
893 886 894
894 887 895
888 896 891
888 892 896
896 897 891
893 898 892
898 893 894
898 896 892
894 895 899
898 894 899
899 895 900
896 901 897
898 901 896
899 901 898
902 897 901
899 900 903
899 903 901
902 901 903
903 900 904
903 904 902
905 907 906
905 908 907
908 905 909
910 909 905
907 908 911
907 911 912
908 909 913
911 908 913
912 911 914
912 914 915
910 916 909
916 913 909
911 913 917
914 911 917
915 914 918
915 918 919
916 920 913
920 917 913
916 910 921
916 921 920
914 917 922
918 914 922
920 923 917
923 920 921
923 922 917
919 918 924
919 924 925
924 926 925
927 921 910
927 910 928
929 921 927
923 921 929
929 927 930
918 922 931
924 918 931
923 932 922
932 923 929
932 931 922
933 929 930
932 929 933
933 930 934
924 935 926
935 936 926
935 937 936
924 931 938
938 935 924
932 939 931
933 939 932
939 938 931
934 940 933
933 940 939
934 941 940
942 937 935
938 942 935
942 943 937
939 944 938
940 944 939
944 942 938
941 945 940
940 945 944
941 946 945
947 943 942
944 947 942
947 944 945
947 948 943
946 949 945
947 945 949
948 947 949
946 950 949
948 949 951
950 951 949
950 952 951
953 955 954
953 956 955
956 957 955
956 958 957
958 959 957
958 960 959
960 961 959
960 962 961
962 963 961
962 964 963
964 965 963
964 966 965
966 967 965
966 968 967
969 968 966
969 970 968
971 966 964
971 969 966
964 962 972
964 972 971
962 960 973
962 973 972
960 958 974
960 974 973
975 970 969
975 976 970
977 969 971
977 975 969
978 971 972
978 977 971
979 972 973
979 978 972
976 975 980
976 980 981
980 982 981
980 983 982
975 984 980
984 983 980
975 977 984
984 985 983
986 985 984
977 987 984
986 984 987
977 978 987
988 986 987
978 989 987
988 987 989
978 979 989
989 990 988
989 991 990
979 991 989
991 992 990
979 993 991
993 979 973
993 973 974
991 994 992
993 994 991
995 993 974
993 995 994
992 994 996
992 996 997
998 996 994
998 994 995
953 996 998
995 974 999
998 995 999
958 999 974
958 956 999
953 998 1000
998 999 1000
956 1000 999
956 953 1000
1001 1003 1002
1003 1001 1004
1003 1004 1005
1005 1004 1006
1007 1009 1008
1009 1007 1010
1009 1010 1011
1011 1010 1012
1013 1015 1014
1016 1015 1013
1016 1013 1017
1016 1017 1018
1019 1021 1020
1022 1021 1019
1022 1019 1023
1022 1023 1024
1025 1027 1026
1025 1028 1027
1028 1025 1029
1028 1030 1027
1028 1029 1031
1031 1029 1032
1031 1032 1033
1028 1034 1030
1034 1028 1031
1034 1035 1030
1036 1031 1033
1034 1031 1036
1036 1033 1037
1034 1038 1035
1038 1034 1036
1038 1039 1035
1040 1036 1037
1038 1036 1040
1040 1037 1041
1038 1042 1039
1042 1038 1040
1043 1040 1041
1042 1040 1043
1043 1041 1044
1045 1043 1044
1045 1042 1043
1045 1044 1046
1047 1039 1042
1045 1047 1042
1047 1048 1039
1049 1045 1046
1049 1047 1045
1049 1046 1050
1051 1048 1047
1049 1051 1047
1051 1052 1048
1053 1049 1050
1053 1051 1049
1053 1050 1054
1055 1052 1051
1053 1055 1051
1055 1056 1052
1054 1057 1053
1057 1055 1053
1054 1058 1057
1056 1055 1059
1057 1059 1055
1060 1056 1059
1061 1060 1059
1061 1062 1060
1063 1062 1061
1058 1064 1057
1057 1064 1059
1058 1065 1064
1066 1063 1061
1067 1066 1061
1068 1063 1066
1068 1066 1069
1070 1068 1069
1064 1071 1059
1059 1071 1061
1065 1072 1064
1065 1073 1072
1064 1072 1074
1064 1074 1071
1073 1075 1072
1074 1072 1075
1073 1076 1075
1077 1075 1076
1074 1075 1078
1077 1078 1075
1071 1074 1079
1079 1074 1078
1077 1080 1078
1079 1078 1080
1077 1081 1080
1071 1082 1061
1071 1079 1082
1081 1083 1080
1081 1084 1083
1085 1079 1080
1082 1079 1085
1085 1080 1083
1086 1061 1082
1082 1085 1086
1086 1067 1061
1084 1087 1083
1084 1088 1087
1089 1085 1083
1086 1085 1089
1089 1083 1087
1088 1090 1087
1088 1091 1090
1086 1089 1092
1092 1067 1086
1092 1093 1067
1092 1094 1093
1095 1089 1087
1092 1089 1095
1095 1087 1090
1091 1096 1090
1091 1097 1096
1092 1095 1098
1092 1098 1094
1099 1095 1090
1098 1095 1099
1099 1090 1096
1097 1100 1096
1097 1101 1100
1098 1099 1102
1102 1094 1098
1102 1103 1094
1102 1104 1103
1105 1099 1096
1102 1099 1105
1105 1096 1100
1101 1106 1100
1101 1107 1106
1108 1100 1106
1108 1105 1100
1108 1109 1105
1102 1105 1110
1102 1110 1104
1109 1110 1105
1110 1109 1104
1107 1111 1106
1108 1106 1111
1107 1112 1111
1108 1111 1113
1113 1111 1112
1109 1108 1113
1113 1112 1114
1115 1113 1114
1115 1109 1113
1115 1114 1116
1116 1117 1115
1109 1115 1117
1116 1118 1117
1109 1119 1104
1119 1109 1117
1118 1120 1117
1118 1121 1120
1117 1122 1119
1117 1120 1122
1121 1123 1120
1121 1124 1123
1120 1125 1122
1120 1123 1125
1124 1126 1123
1124 1127 1126
1123 1128 1125
1123 1126 1128
1127 1129 1126
1127 1130 1129
1126 1131 1128
1126 1129 1131
1130 1132 1129
1130 1133 1132
1129 1134 1131
1129 1132 1134
1133 1135 1132
1133 1136 1135
1132 1137 1134
1132 1135 1137
1136 1138 1135
1136 1139 1138
1139 1140 1138
1139 1141 1140
1138 1140 1142
1135 1138 1143
1138 1142 1143
1135 1143 1137
1143 1142 1144
1143 1144 1145
1137 1143 1145
1137 1145 1146
1134 1137 1146
1134 1146 1147
1131 1134 1147
1131 1147 1148
1148 1128 1131
1148 1149 1128
1149 1125 1128
1149 1150 1125
1150 1122 1125
1150 1151 1122
1122 1151 1119
1151 1152 1119
1119 1152 1153
1104 1119 1153
1153 1154 1104
1154 1155 1104
1155 1154 1156
1103 1104 1155
1155 1156 1157
1157 1156 1158
1103 1155 1159
1157 1159 1155
1157 1158 1160
1157 1161 1159
1160 1161 1157
1159 1162 1103
1162 1159 1161
1162 1163 1103
1103 1163 1164
1103 1164 1094
1162 1161 1165
1164 1166 1094
1165 1161 1167
1160 1167 1161
1165 1167 1168
1169 1168 1167
1166 1170 1094
1170 1166 1171
1093 1094 1170
1169 1167 1172
1160 1172 1167
1173 1169 1172
1170 1171 1174
1174 1171 1175
1160 1176 1172
1176 1160 1158
1176 1158 1177
1173 1172 1178
1176 1178 1172
1179 1173 1178
1177 1180 1176
1176 1180 1178
1177 1181 1180
1179 1178 1182
1180 1182 1178
1182 1183 1179
1181 1184 1180
1180 1184 1182
1181 1185 1184
1182 1186 1183
1184 1186 1182
1186 1187 1183
1186 1188 1187
1185 1189 1184
1184 1189 1186
1189 1188 1186
1185 1190 1189
1189 1191 1188
1190 1191 1189
1190 1192 1191
1193 1195 1194
1193 1196 1195
1197 1196 1193
1196 1198 1195
1197 1199 1196
1200 1199 1197
1196 1201 1198
1199 1201 1196
1202 1198 1201
1202 1203 1198
1200 1204 1199
1205 1204 1200
1199 1206 1201
1206 1202 1201
1207 1206 1199
1207 1199 1204
1205 1208 1204
1209 1208 1205
1210 1204 1208
1210 1207 1204
1209 1211 1208
1211 1210 1208
1212 1211 1209
1212 1213 1211
1213 1214 1211
1211 1214 1210
1213 1215 1214
1216 1214 1215
1214 1217 1210
1217 1207 1210
1216 1218 1214
1214 1218 1217
1219 1218 1216
1219 1220 1218
1220 1217 1218
1221 1220 1219
1221 1222 1220
1223 1222 1221
1217 1224 1207
1220 1225 1217
1225 1224 1217
1207 1224 1226
1207 1226 1206
1206 1226 1202
1220 1227 1225
1220 1222 1227
1225 1228 1224
1228 1226 1224
1227 1228 1225
1229 1202 1226
1228 1229 1226
1229 1230 1202
1230 1203 1202
1230 1231 1203
1232 1231 1230
1229 1232 1230
1232 1233 1231
1228 1234 1229
1229 1234 1232
1235 1233 1232
1235 1236 1233
1237 1235 1232
1237 1232 1234
1238 1237 1234
1228 1239 1234
1238 1234 1239
1227 1239 1228
1227 1238 1239
1240 1236 1235
1237 1240 1235
1240 1241 1236
1240 1242 1241
1237 1243 1240
1238 1243 1237
1243 1242 1240
1227 1244 1238
1222 1244 1227
1238 1245 1243
1245 1242 1243
1246 1245 1238
1246 1238 1244
1246 1242 1245
1222 1247 1244
1247 1246 1244
1223 1247 1222
1248 1242 1246
1247 1248 1246
1223 1248 1247
1249 1242 1248
1223 1249 1248
1250 1252 1251
1250 1253 1252
1254 1253 1250
1253 1255 1252
1254 1256 1253
1257 1256 1254
1257 1258 1256
1259 1258 1257
1259 1260 1258
1261 1260 1259
1261 1262 1260
1263 1262 1261
1263 1264 1262
1265 1262 1264
1266 1258 1260
1262 1266 1260
1267 1256 1258
1266 1267 1258
1268 1253 1256
1267 1268 1256
1253 1269 1255
1268 1269 1253
1265 1270 1262
1262 1270 1266
1265 1271 1270
1271 1266 1270
1265 1272 1271
1273 1271 1272
1274 1267 1266
1271 1274 1266
1275 1255 1269
1275 1276 1255
1277 1269 1268
1277 1275 1269
1278 1268 1267
1278 1277 1268
1274 1278 1267
1273 1279 1271
1279 1274 1271
1280 1276 1275
1280 1281 1276
1280 1282 1281
1283 1275 1277
1278 1283 1277
1283 1280 1275
1273 1284 1279
1273 1285 1284
1274 1286 1278
1278 1286 1283
1279 1287 1274
1284 1287 1279
1274 1287 1286
1285 1288 1284
1285 1289 1288
1290 1288 1289
1284 1291 1287
1291 1286 1287
1288 1291 1284
1292 1283 1286
1291 1292 1286
1293 1280 1283
1292 1293 1283
1290 1294 1288
1290 1295 1294
1288 1296 1291
1296 1292 1291
1294 1296 1288
1296 1297 1292
1297 1293 1292
1294 1298 1296
1294 1295 1298
1298 1297 1296
1293 1299 1280
1293 1300 1299
1280 1299 1282
1300 1282 1299
1300 1301 1282
1300 1302 1301
1298 1295 1303
1298 1303 1297
1297 1304 1293
1293 1304 1300
1297 1303 1305
1297 1305 1304
1303 1295 1305
1305 1300 1304
1306 1295 1302
1305 1295 1306
1300 1306 1302
1305 1306 1300
1307 1309 1308
1307 1310 1309
1311 1310 1307
1311 1312 1310
1311 1313 1312
1311 1314 1313
1315 1313 1314
1315 1316 1313
1317 1316 1315
1317 1318 1316
1319 1318 1317
1319 1320 1318
1321 1323 1322
1321 1324 1323
1324 1325 1323
1324 1326 1325
1326 1327 1325
1326 1328 1327
1329 1327 1328
1329 1330 1327
1331 1330 1329
1331 1332 1330
1333 1332 1331
1333 1334 1332
1335 1337 1336
1335 1338 1337
1339 1337 1338
1339 1338 1340
1341 1339 1340
1341 1340 1342
1343 1341 1342
1343 1342 1344
1345 1343 1344
1345 1346 1343
1347 1346 1345
1347 1348 1346
1346 1349 1343
1349 1346 1348
1349 1348 1350
1351 1349 1350
1351 1352 1349
1353 1352 1351
1353 1354 1352
1352 1355 1349
1354 1355 1352
1354 1356 1355
1355 1356 1357
1355 1357 1358
1358 1357 1359
1358 1359 1360
1360 1359 1361
1360 1361 1362
1363 1362 1361
1363 1364 1362
1365 1367 1366
1365 1368 1367
1368 1369 1367
1368 1370 1369
1370 1371 1369
1370 1372 1371
1373 1375 1374
1373 1376 1375
1377 1376 1373
1376 1378 1375
1377 1379 1376
1380 1379 1377
1376 1381 1378
1379 1381 1376
1381 1382 1378
1380 1383 1379
1384 1383 1380
1379 1385 1381
1383 1385 1379
1381 1386 1382
1385 1386 1381
1387 1382 1386
1384 1388 1383
1389 1388 1384
1383 1390 1385
1388 1390 1383
1387 1386 1391
1392 1387 1391
1392 1391 1393
1385 1394 1386
1391 1386 1394
1390 1394 1385
1393 1391 1395
1391 1394 1395
1393 1395 1396
1395 1397 1396
1390 1398 1394
1395 1394 1398
1395 1399 1397
1395 1398 1399
1400 1397 1399
1388 1401 1390
1401 1398 1390
1399 1398 1402
1401 1402 1398
1400 1399 1403
1399 1402 1403
1400 1403 1404
1402 1404 1403
1400 1404 1405
1402 1406 1404
1401 1406 1402
1405 1404 1407
1406 1407 1404
1405 1407 1408
1409 1401 1388
1389 1409 1388
1401 1410 1406
1409 1410 1401
1408 1407 1411
1408 1411 1412
1406 1413 1407
1410 1413 1406
1413 1411 1407
1414 1409 1389
1414 1389 1415
1416 1414 1415
1417 1410 1409
1410 1417 1413
1417 1409 1414
1412 1411 1418
1412 1418 1419
1413 1420 1411
1417 1420 1413
1420 1418 1411
1416 1421 1414
1421 1416 1422
1423 1417 1414
1417 1423 1420
1423 1414 1421
1419 1418 1424
1419 1424 1425
1420 1426 1418
1423 1426 1420
1426 1424 1418
1427 1423 1421
1423 1427 1426
1421 1422 1428
1427 1421 1428
1425 1424 1429
1425 1429 1430
1426 1431 1424
1429 1424 1431
1427 1431 1426
1429 1431 1432
1427 1433 1431
1432 1431 1433
1433 1427 1428
1432 1433 1434
1435 1428 1422
1433 1428 1435
1435 1434 1433
1435 1422 1436
1435 1437 1434
1436 1437 1435
1436 1438 1437
1439 1441 1440
1439 1442 1441
1442 1443 1441
1442 1444 1443
1444 1445 1443
1444 1446 1445
1446 1447 1445
1446 1448 1447
1448 1449 1447
1448 1450 1449
1450 1451 1449
1450 1452 1451
1451 1452 1453
1451 1453 1454
1454 1453 1455
1454 1455 1456
1456 1455 1457
1456 1457 1458
1458 1457 1459
1458 1459 1460
1460 1459 1461
1460 1461 1462
1462 1461 1463
1462 1463 1464
1464 1463 1465
1464 1465 1466
1465 1467 1466
1465 1468 1467
1469 1471 1470
1470 1472 1469
1472 1473 1469
1473 1474 1469
1469 1474 1475
1475 1476 1469
1477 1469 1476
1477 1476 1478
1479 1478 1476
1479 1480 1478
1478 1480 1481
1480 1482 1481
1475 1483 1476
1479 1476 1483
1475 1484 1483
1484 1479 1483
1479 1485 1480
1484 1485 1479
1486 1485 1484
1485 1487 1480
1486 1484 1488
1475 1488 1484
1488 1475 1489
1490 1488 1489
1490 1491 1488
1491 1492 1488
1492 1493 1488
1480 1487 1494
1495 1480 1494
1495 1482 1480
1494 1496 1495
1496 1482 1495
1494 1497 1496
1496 1498 1482
1496 1497 1499
1496 1499 1498
1497 1500 1499
1500 1501 1499
1498 1499 1502
1501 1502 1499
1500 1503 1501
1501 1504 1502
1501 1503 1505
1501 1506 1504
1501 1505 1507
1501 1507 1506
1507 1505 1508
1507 1509 1506
1510 1507 1508
1510 1509 1507
1510 1508 1511
1510 1512 1509
1513 1510 1511
1513 1512 1510
1511 1514 1513
1514 1512 1513
1511 1515 1514
1514 1516 1512
1515 1517 1514
1516 1514 1517
1515 1518 1517
1516 1517 1519
1518 1520 1517
1519 1517 1520
1518 1521 1520
1519 1520 1522
1523 1520 1521
1523 1522 1520
1524 1523 1521
1525 1523 1524
1526 1522 1523
1526 1523 1525
1525 1524 1527
1526 1525 1528
1525 1527 1529
1525 1530 1528
1525 1529 1531
1525 1531 1530
1532 1534 1533
1533 1534 1535
1535 1536 1533
1537 1535 1534
1535 1538 1536
1538 1539 1536
1538 1540 1539
1540 1541 1539
1535 1542 1538
1540 1538 1542
1537 1543 1535
1535 1543 1542
1537 1544 1543
1537 1545 1544
1543 1544 1546
1543 1546 1542
1547 1542 1546
1540 1542 1547
1547 1546 1548
1540 1549 1541
1549 1540 1547
1549 1550 1541
1551 1547 1548
1549 1547 1551
1551 1548 1552
1549 1553 1550
1553 1549 1551
1554 1550 1553
1554 1553 1555
1552 1556 1551
1553 1551 1556
1555 1553 1556
1552 1557 1556
1555 1556 1558
1558 1556 1557
1558 1557 1559
1560 1562 1561
1560 1563 1562
1563 1560 1564
1563 1565 1562
1563 1564 1566
1563 1567 1565
1567 1563 1566
1567 1566 1568
1567 1568 1569
1567 1569 1570
1570 1569 1571
1570 1571 1572
1572 1571 1573
1572 1573 1574
1574 1575 1572
1574 1573 1576
1574 1577 1575
1574 1576 1578
1578 1577 1574
1578 1579 1577
1580 1582 1581
1580 1583 1582
1584 1583 1580
1584 1585 1583
1586 1588 1587
1586 1589 1588
1589 1586 1590
1589 1590 1591
1589 1592 1588
1593 1589 1591
1589 1593 1592
1593 1591 1594
1593 1594 1595
1596 1592 1593
1593 1595 1596
1596 1597 1592
1596 1595 1598
1599 1597 1596
1596 1598 1599
1599 1600 1597
1599 1598 1601
1602 1600 1599
1599 1601 1602
1602 1601 1603
1602 1604 1600
1602 1603 1605
1605 1604 1602
1605 1606 1604
1607 1609 1608
1607 1610 1609
1610 1607 1611
1610 1611 1612
1610 1613 1609
1614 1610 1612
1610 1614 1613
1614 1612 1615
1614 1615 1616
1617 1613 1614
1614 1616 1617
1617 1618 1613
1617 1616 1619
1620 1618 1617
1617 1619 1620
1620 1621 1618
1620 1619 1622
1623 1621 1620
1620 1622 1623
1623 1622 1624
1623 1625 1621
1623 1624 1626
1626 1625 1623
1626 1627 1625
1628 1630 1629
1628 1631 1630
1631 1628 1632
1631 1632 1633
1631 1634 1630
1635 1631 1633
1631 1635 1634
1635 1633 1636
1635 1636 1637
1638 1634 1635
1635 1637 1638
1638 1639 1634
1638 1637 1640
1641 1639 1638
1638 1640 1641
1641 1642 1639
1641 1640 1643
1644 1642 1641
1641 1643 1644
1644 1643 1645
1644 1646 1642
1644 1645 1647
1647 1646 1644
1647 1648 1646
1649 1651 1650
1649 1652 1651
1652 1649 1653
1652 1653 1654
1652 1655 1651
1656 1652 1654
1652 1656 1655
1656 1654 1657
1656 1657 1658
1659 1655 1656
1656 1658 1659
1659 1660 1655
1659 1658 1661
1662 1660 1659
1659 1661 1662
1662 1663 1660
1662 1661 1664
1665 1663 1662
1662 1664 1665
1665 1664 1666
1665 1667 1663
1665 1666 1668
1668 1667 1665
1668 1669 1667
1670 1672 1671
1670 1673 1672
1673 1670 1674
1673 1674 1675
1673 1676 1672
1677 1673 1675
1673 1677 1676
1677 1675 1678
1677 1678 1679
1680 1676 1677
1677 1679 1680
1680 1681 1676
1680 1679 1682
1683 1681 1680
1680 1682 1683
1683 1684 1681
1683 1682 1685
1686 1684 1683
1683 1685 1686
1686 1685 1687
1686 1688 1684
1686 1687 1689
1689 1688 1686
1689 1690 1688
1691 1693 1692
1691 1694 1693
1691 1695 1694
1691 1696 1695
1696 1697 1695
1696 1698 1697
1699 1701 1700
1699 1702 1701
1702 1699 1703
1702 1703 1704
1704 1703 1705
1704 1705 1706
1707 1709 1708
1707 1710 1709
1710 1711 1709
1712 1710 1707
1712 1707 1713
1710 1714 1711
1712 1714 1710
1715 1712 1713
1716 1715 1713
1717 1712 1715
1717 1718 1712
1712 1718 1714
1719 1718 1717
1719 1720 1718
1720 1714 1718
1721 1720 1719
1711 1714 1722
1720 1722 1714
1711 1722 1723
1721 1724 1720
1724 1722 1720
1724 1721 1725
1723 1722 1726
1724 1726 1722
1723 1726 1727
1724 1725 1728
1728 1726 1724
1728 1725 1729
1728 1729 1730
1727 1726 1731
1728 1731 1726
1731 1728 1730
1727 1731 1732
1731 1730 1733
1733 1732 1731
1733 1734 1732
1735 1737 1736
1735 1738 1737
1738 1735 1739
1740 1737 1738
1740 1741 1737
1742 1740 1738
1738 1739 1743
1742 1738 1743
1743 1739 1744
1745 1742 1743
1743 1744 1746
1745 1743 1746
1746 1744 1747
1748 1745 1746
1746 1747 1749
1748 1746 1749
1750 1752 1751
1750 1753 1752
1754 1753 1750
1754 1755 1753
1756 1755 1754
1756 1757 1755
1758 1760 1759
1758 1761 1760
1762 1760 1761
1763 1761 1758
1762 1761 1764
1764 1765 1762
1764 1766 1765
1763 1767 1761
1767 1764 1761
1768 1766 1764
1767 1768 1764
1768 1769 1766
1770 1769 1768
1770 1768 1767
1770 1771 1769
1772 1771 1770
1773 1767 1763
1770 1767 1773
1773 1763 1774
1772 1770 1775
1775 1770 1773
1774 1776 1773
1775 1773 1776
1774 1777 1776
1775 1778 1772
1776 1778 1775
1778 1779 1772
1777 1780 1776
1776 1780 1778
1777 1781 1780
1782 1780 1781
1782 1778 1780
1782 1781 1783
1784 1782 1783
1784 1783 1785
1784 1785 1786
1779 1778 1787
1782 1787 1778
1787 1782 1784
1779 1787 1788
1788 1787 1789
1787 1784 1789
1788 1789 1790
1789 1791 1790
1789 1792 1791
1792 1789 1784
1792 1793 1791
1784 1786 1794
1792 1784 1794
1794 1786 1795
1794 1795 1796
1792 1794 1796
1796 1795 1797
1792 1798 1793
1792 1796 1798
1798 1799 1793
1798 1800 1799
1800 1798 1796
1800 1801 1799
1796 1797 1802
1800 1796 1802
1802 1797 1803
1800 1804 1801
1804 1800 1802
1804 1805 1801
1802 1803 1806
1804 1802 1806
1806 1803 1807
1804 1808 1805
1808 1804 1806
1806 1807 1809
1808 1806 1809
1807 1810 1809
1808 1809 1810
1807 1811 1810
1805 1808 1812
1808 1810 1812
1805 1812 1813
1811 1814 1810
1812 1810 1814
1811 1815 1814
1813 1812 1816
1812 1814 1816
1813 1816 1817
1815 1818 1814
1816 1814 1818
1815 1819 1818
1817 1816 1820
1816 1818 1820
1817 1820 1821
1821 1820 1822
1818 1822 1820
1821 1822 1823
1819 1824 1818
1818 1824 1822
1825 1822 1824
1819 1826 1824
1826 1825 1824
1826 1827 1825
1825 1827 1828
1823 1822 1829
1825 1829 1822
1823 1829 1830
1831 1830 1829
1831 1829 1832
1832 1829 1825
1833 1831 1832
1825 1828 1834
1832 1825 1834
1834 1828 1835
1833 1832 1836
1834 1836 1832
1836 1837 1833
1834 1835 1838
1834 1838 1836
1838 1835 1839
1838 1839 1840
1836 1838 1840
1840 1839 1841
1842 1837 1836
1836 1840 1842
1840 1841 1843
1842 1840 1843
1843 1841 1844
1845 1837 1842
1842 1843 1845
1845 1846 1837
1845 1847 1846
1843 1844 1848
1845 1843 1848
1845 1849 1847
1845 1848 1849
1849 1850 1847
1849 1851 1850
1848 1851 1849
1852 1850 1851
1852 1851 1853
1844 1854 1848
1848 1854 1851
1854 1853 1851
1844 1855 1854
1854 1856 1853
1855 1856 1854
1855 1857 1856
1858 1860 1859
1861 1858 1859
1862 1861 1859
1863 1862 1859
1862 1863 1864
1862 1864 1865
1865 1864 1866
1865 1866 1867
1866 1868 1867
1866 1869 1868
1870 1868 1869
1870 1869 1871
1872 1870 1871
1873 1872 1871
1873 1871 1874
1868 1870 1875
1868 1875 1876
1877 1873 1874
1877 1874 1878
1879 1877 1878
1879 1880 1877
1881 1880 1879
1881 1882 1880
1875 1883 1876
1884 1882 1881
1884 1885 1882
1884 1886 1885
1884 1887 1886
1887 1888 1886
1887 1889 1888
1889 1890 1888
1889 1891 1890
1892 1890 1891
1892 1893 1890
1894 1893 1892
1894 1895 1893
1895 1894 1896
1896 1894 1897
1896 1897 1883
1875 1896 1883
1883 1897 1898
1883 1898 1899
1900 1899 1898
1900 1898 1901
1901 1902 1900
1901 1903 1902
1902 1903 1904
1905 1902 1904
1905 1904 1906
1904 1907 1906
1908 1910 1909
1908 1911 1910
1912 1911 1908
1912 1913 1911
1914 1913 1912
1914 1915 1913
1916 1915 1914
1916 1917 1915
1918 1917 1916
1918 1919 1917
1920 1919 1918
1920 1921 1919
1920 1922 1921
1920 1923 1922
1923 1924 1922
1923 1925 1924
1925 1926 1924
1925 1927 1926
1927 1928 1926
1927 1929 1928
1929 1930 1928
1929 1931 1930
1931 1932 1930
1931 1933 1932
1933 1934 1932
1933 1935 1934
1936 1934 1935
1936 1937 1934
1938 1940 1939
1938 1941 1940
1941 1942 1940
1943 1941 1938
1941 1944 1942
1945 1942 1944
1943 1946 1941
1946 1944 1941
1945 1944 1947
1948 1945 1947
1943 1949 1946
1943 1950 1949
1946 1951 1944
1951 1947 1944
1949 1951 1946
1950 1952 1949
1950 1953 1952
1954 1952 1953
1949 1955 1951
1952 1955 1949
1951 1956 1947
1955 1956 1951
1948 1947 1957
1957 1947 1956
1948 1957 1958
1948 1958 1959
1960 1958 1957
1960 1957 1961
1957 1956 1961
1962 1960 1961
1955 1963 1956
1961 1956 1963
1962 1961 1964
1961 1963 1964
1964 1965 1962
1952 1966 1955
1966 1963 1955
1964 1963 1967
1966 1967 1963
1964 1968 1965
1964 1967 1968
1968 1969 1965
1970 1966 1952
1954 1970 1952
1971 1967 1966
1970 1971 1966
1968 1967 1972
1971 1972 1967
1968 1973 1969
1968 1972 1973
1973 1974 1969
1954 1975 1970
1954 1976 1975
1970 1977 1971
1977 1972 1971
1970 1975 1977
1973 1972 1978
1977 1978 1972
1973 1979 1974
1973 1978 1979
1974 1979 1980
1980 1979 1978
1974 1980 1981
1976 1982 1975
1976 1983 1982
1975 1984 1977
1975 1982 1984
1985 1978 1977
1980 1978 1985
1985 1977 1984
1981 1980 1986
1986 1980 1985
1981 1986 1987
1986 1988 1987
1983 1989 1982
1983 1990 1989
1982 1991 1984
1982 1989 1991
1992 1985 1984
1986 1985 1992
1992 1984 1991
1986 1993 1988
1993 1986 1992
1993 1994 1988
1993 1995 1994
1993 1992 1996
1995 1993 1996
1996 1992 1991
1995 1996 1997
1996 1991 1998
1997 1996 1998
1989 1998 1991
1997 1998 1999
1990 2000 1989
1989 2000 1998
2000 1999 1998
1990 2001 2000
2000 2002 1999
2001 2002 2000
2001 2003 2002
2004 2006 2005
2004 2005 2007
2007 2005 2008
2007 2008 2009
2009 2008 2010
2010 2008 2011
2009 2010 2012
2013 2012 2010
2010 2011 2014
2013 2010 2014
2013 2015 2012
2013 2014 2016
2017 2015 2013
2013 2016 2018
2017 2013 2019
2013 2018 2019
2019 2018 2020
2021 2017 2019
2019 2020 2022
2021 2019 2022
2023 2021 2022
2023 2022 2024
2024 2025 2023
2024 2026 2025
2027 2029 2028
2027 2028 2030
2030 2031 2027
2030 2032 2031
2033 2031 2032
2032 2034 2033
2032 2035 2034
2032 2036 2035
2032 2037 2036
2037 2038 2036
2030 2039 2032
2037 2032 2039
2037 2040 2038
2040 2041 2038
2037 2039 2042
2040 2037 2042
2040 2043 2041
2043 2044 2041
2040 2042 2045
2043 2040 2045
2043 2046 2044
2046 2047 2044
2043 2045 2048
2046 2043 2048
2046 2049 2047
2049 2050 2047
2046 2048 2051
2049 2046 2051
2049 2052 2050
2052 2053 2050
2052 2049 2054
2049 2051 2054
2052 2055 2053
2052 2054 2055
2054 2056 2055
2053 2055 2056
2051 2057 2054
2054 2057 2056
2048 2058 2051
2051 2058 2057
2045 2059 2048
2048 2059 2058
2045 2060 2059
2042 2060 2045
2042 2061 2060
2061 2042 2039
2061 2039 2062
2062 2039 2030
2063 2056 2057
2064 2057 2058
2064 2063 2057
2065 2058 2059
2065 2064 2058
2066 2059 2060
2066 2065 2059
2060 2061 2067
2060 2067 2066
2068 2061 2062
2068 2067 2061
2069 2066 2067
2069 2065 2066
2065 2070 2064
2070 2063 2064
2063 2071 2056
2053 2056 2071
2063 2072 2071
2071 2072 2053
2073 2067 2068
2069 2067 2073
2065 2074 2070
2069 2074 2065
2070 2075 2063
2063 2075 2072
2076 2075 2070
2074 2076 2070
2072 2075 2077
2076 2077 2075
2072 2078 2053
2072 2077 2078
2053 2078 2079
2077 2079 2078
2079 2080 2053
2081 2080 2079
2077 2081 2079
2081 2082 2080
2083 2081 2077
2083 2082 2081
2083 2077 2076
2083 2084 2082
2085 2084 2083
2085 2083 2076
2085 2086 2084
2074 2087 2076
2085 2076 2087
2088 2087 2074
2088 2085 2087
2088 2074 2069
2089 2086 2085
2088 2089 2085
2089 2090 2086
2090 2089 2091
2088 2091 2089
2090 2091 2092
2093 2088 2069
2088 2093 2091
2091 2093 2094
2093 2069 2073
2094 2093 2073
2092 2091 2095
2091 2094 2095
2092 2095 2096
2097 2096 2095
2094 2097 2095
2097 2098 2096
2097 2099 2098
2094 2073 2100
2073 2068 2100
2101 2094 2100
2068 2101 2100
2094 2102 2097
2101 2102 2094
2097 2103 2099
2102 2103 2097
2104 2099 2103
2104 2105 2099
2102 2106 2103
2106 2104 2103
2101 2106 2102
2106 2107 2104
2108 2107 2106
2101 2108 2106
2108 2109 2107
2108 2110 2109
2068 2111 2101
2111 2108 2101
2062 2111 2068
2108 2112 2110
2111 2112 2108
2062 2113 2111
2112 2111 2113
2062 2030 2113
2114 2110 2112
2112 2113 2114
2030 2114 2113
2114 2115 2110
2030 2028 2114
2116 2115 2114
2116 2114 2028
2116 2028 2117
2116 2117 2118
2119 2118 2117
2119 2117 2120
2121 2119 2120
2121 2120 2122
2123 2121 2122
2123 2122 2124
2123 2124 2125
2123 2125 2126
2127 2126 2125
2125 2124 2128
2129 2128 2124
2129 2130 2128
2130 2131 2128
2130 2132 2131
2131 2133 2128
2125 2128 2133
2131 2134 2133
2133 2134 2135
2127 2125 2136
2136 2125 2133
2133 2135 2137
2136 2133 2137
2137 2135 2138
2139 2127 2136
2139 2136 2137
2139 2140 2127
2141 2140 2139
2137 2138 2142
2139 2137 2142
2142 2138 2143
2141 2139 2144
2144 2139 2142
2142 2143 2145
2144 2142 2145
2145 2143 2146
2145 2146 2147
2147 2144 2145
2147 2148 2144
2148 2141 2144
2148 2149 2141
2150 2152 2151
2150 2151 2153
2154 2150 2153
2154 2153 2155
2156 2154 2155
2156 2157 2154
2158 2157 2156
2158 2159 2157
2160 2162 2161
2160 2161 2163
2164 2160 2163
2161 2165 2163
2161 2166 2165
2163 2165 2167
2164 2163 2168
2163 2167 2168
2169 2164 2168
2168 2167 2170
2169 2168 2171
2168 2170 2171
2172 2169 2171
2171 2170 2173
2172 2171 2174
2171 2173 2174
2175 2172 2174
2174 2173 2176
2175 2174 2177
2174 2176 2177
2178 2175 2177
2179 2177 2176
2178 2177 2180
2179 2180 2177
2181 2178 2180
2182 2180 2179
2181 2180 2183
2182 2183 2180
2181 2183 2184
2184 2183 2182
2181 2184 2185
2184 2182 2186
2185 2184 2187
2187 2184 2186
2185 2187 2188
2187 2186 2189
2190 2188 2187
2189 2190 2187
2190 2191 2188
2189 2192 2190
2193 2191 2190
2192 2193 2190
2193 2194 2191
2192 2195 2193
2196 2194 2193
2195 2196 2193
2196 2197 2194
2195 2198 2196
2199 2197 2196
2198 2199 2196
2199 2200 2197
2198 2201 2199
2202 2200 2199
2201 2202 2199
2202 2203 2200
2201 2204 2202
2205 2203 2202
2204 2205 2202
2205 2206 2203
2204 2207 2205
2208 2206 2205
2207 2208 2205
2208 2209 2206
2207 2210 2208
2211 2213 2212
2211 2212 2214
2214 2215 2211
2214 2212 2216
2214 2217 2215
2218 2215 2217
2218 2217 2219
2214 2216 2220
2220 2217 2214
2221 2220 2216
2219 2217 2222
2220 2222 2217
2219 2222 2223
2221 2224 2220
2224 2222 2220
2225 2224 2221
2223 2222 2226
2224 2226 2222
2223 2226 2227
2225 2228 2224
2228 2226 2224
2228 2225 764
2227 2226 2229
2228 2229 2226
2227 2229 2230
2228 764 2231
2231 2229 2228
764 763 2231
766 2231 763
2230 2229 2232
2231 2232 2229
766 2232 2231
2230 2232 2233
2232 766 767
2232 767 2233
2234 2236 2235
2234 2235 2237
2238 2234 2237
2237 2235 2239
2238 2237 2240
2241 2238 2240
2237 2239 2242
2240 2237 2242
2243 2242 2239
2243 2244 2242
2244 2245 2242
2240 2242 2245
2244 2246 2245
2241 2240 2247
2247 2240 2245
2248 2241 2247
2249 2245 2246
2247 2245 2249
2249 2246 2250
2248 2247 2251
2251 2247 2249
2251 2252 2248
2253 2249 2250
2251 2249 2253
2253 2250 2254
2251 2255 2252
2255 2251 2253
2255 2256 2252
2254 2257 2253
2255 2253 2257
2254 1070 2257
1070 1069 2257
2255 2258 2256
2258 2255 2257
2258 2257 1069
2258 2259 2256
2260 2258 1069
2258 2260 2259
2260 1069 1066
1067 2260 1066
2259 2260 1067
2259 1067 2261
1093 2261 1067
1093 2262 2261
2263 2262 1093
2263 1093 2264
1093 1170 2264
2264 1170 1174
2263 2264 2265
2264 1174 2265
2263 2265 2266
2267 2265 1174
1174 1175 2267
2266 2265 2268
2267 2268 2265
2266 2268 2269
2270 2269 2268
2270 2268 2271
2267 2271 2268
2272 2270 2271
2273 2267 1175
2267 2273 2271
2273 1175 2274
2272 2271 2275
2273 2275 2271
2276 2272 2275
2274 2277 2273
2273 2277 2275
2274 2278 2277
2276 2275 2279
2277 2279 2275
2280 2276 2279
2278 2281 2277
2277 2281 2279
2278 2282 2281
2280 2279 2283
2281 2283 2279
2284 2280 2283
2284 2283 2285
2282 2286 2281
2281 2286 2283
2286 2285 2283
2282 2287 2286
2286 2288 2285
2287 2288 2286
2287 2289 2288
2290 2292 2291
2290 2291 2293
2293 2294 2290
2293 2295 2294
2293 2291 2296
2297 2295 2293
2293 2296 2297
2297 2298 2295
2299 2298 2297
2296 2300 2297
2299 2297 2300
2296 2301 2300
2302 2299 2300
2301 2303 2300
2302 2300 2303
2301 2304 2303
2305 2302 2303
2304 2306 2303
2305 2303 2306
2307 2305 2306
2304 2308 2306
2307 2306 2309
2308 2309 2306
2308 2310 2309
2311 2313 2312
2311 2312 2314
2314 2315 2311
2314 2316 2315
2314 2312 2317
2318 2316 2314
2314 2317 2318
2318 2319 2316
2320 2319 2318
2317 2321 2318
2320 2318 2321
2317 2322 2321
2323 2320 2321
2322 2324 2321
2323 2321 2324
2322 2325 2324
2326 2323 2324
2325 2327 2324
2326 2324 2327
2328 2326 2327
2325 2329 2327
2328 2327 2330
2329 2330 2327
2329 2331 2330
2332 2334 2333
2332 2333 2335
2335 2336 2332
2335 2337 2336
2335 2333 2338
2339 2337 2335
2335 2338 2339
2339 2340 2337
2341 2340 2339
2338 2342 2339
2341 2339 2342
2338 2343 2342
2344 2341 2342
2343 2345 2342
2344 2342 2345
2343 2346 2345
2347 2344 2345
2346 2348 2345
2347 2345 2348
2349 2347 2348
2346 2350 2348
2349 2348 2351
2350 2351 2348
2350 2352 2351
2353 2355 2354
2353 2354 2356
2356 2357 2353
2356 2358 2357
2356 2354 2359
2360 2358 2356
2356 2359 2360
2360 2361 2358
2362 2361 2360
2359 2363 2360
2362 2360 2363
2359 2364 2363
2365 2362 2363
2364 2366 2363
2365 2363 2366
2364 2367 2366
2368 2365 2366
2367 2369 2366
2368 2366 2369
2370 2368 2369
2367 2371 2369
2370 2369 2372
2371 2372 2369
2371 2373 2372
2374 2376 2375
2374 2375 2377
2377 2378 2374
2377 2379 2378
2377 2375 2380
2381 2379 2377
2377 2380 2381
2381 2382 2379
2383 2382 2381
2380 2384 2381
2383 2381 2384
2380 2385 2384
2386 2383 2384
2385 2387 2384
2386 2384 2387
2385 2388 2387
2389 2386 2387
2388 2390 2387
2389 2387 2390
2391 2389 2390
2388 2392 2390
2391 2390 2393
2392 2393 2390
2392 2394 2393
2395 2397 2396
2395 2396 2398
2398 2399 2395
2398 2400 2399
2398 2396 2401
2402 2400 2398
2398 2401 2402
2402 2403 2400
2404 2403 2402
2401 2405 2402
2404 2402 2405
2401 2406 2405
2407 2404 2405
2406 2408 2405
2407 2405 2408
2406 2409 2408
2410 2407 2408
2409 2411 2408
2410 2408 2411
2412 2410 2411
2409 2413 2411
2412 2411 2414
2413 2414 2411
2413 2415 2414
2416 2418 2417
2416 2417 2419
2419 2420 2416
2419 2421 2420
2421 2422 2420
2421 2423 2422
2424 2422 2423
2424 2423 2425
2426 2424 2425
2426 2427 2424
2428 2427 2426
2428 2426 2429
2430 2428 2429
2430 2431 2428
2432 2434 2433
2432 2435 2434
2436 2438 2437
2436 2439 2438
2440 2442 2441
2440 2443 2442
2444 2446 2445
2444 2447 2446
2448 2450 2449
2448 2451 2450
2452 2454 2453
2452 2455 2454
2456 2454 2455
2456 2457 2454
2458 2460 2459
2458 2461 2460
2462 2464 2463
2462 2465 2464
2466 2465 2462
2466 2467 2465
2465 2468 2464
2469 2465 2467
2465 2470 2468
2469 2470 2465
2470 2471 2468
2469 2472 2470
2470 2472 2471
2469 2473 2472
2474 2471 2472
2473 2474 2472
2473 2475 2474
2474 2476 2471
2477 2474 2475
2478 2476 2474
2477 2478 2474
2478 2479 2476
2477 2480 2478
2480 2479 2478
2477 2481 2480
2481 2482 2480
2480 2483 2479
2482 2483 2480
2481 2484 2482
2482 2485 2483
2486 2482 2484
2482 2487 2485
2486 2488 2482
2482 2488 2487
2489 2488 2486
2488 2490 2487
2489 2491 2488
2488 2491 2490
2492 2491 2489
2493 2490 2491
2492 2493 2491
2493 2494 2490
2492 2495 2493
2495 2494 2493
2492 2496 2495
2497 2495 2496
2495 2498 2494
2497 2499 2495
2499 2498 2495
2499 2500 2498
2501 2503 2502
2501 2504 2503
2504 2505 2503
2506 2504 2501
2504 2507 2505
2506 2508 2504
2508 2507 2504
2509 2508 2506
2508 2510 2507
2509 2511 2508
2511 2510 2508
2512 2511 2509
2511 2513 2510
2512 2514 2511
2514 2513 2511
2514 2515 2513
2516 2514 2512
2517 2515 2514
2516 2517 2514
2517 2518 2515
2516 2519 2517
2519 2518 2517
2516 2520 2519
2519 2521 2518
2522 2519 2520
2523 2521 2519
2522 2523 2519
2523 2524 2521
2525 2523 2522
2526 2524 2523
2525 2526 2523
2526 2527 2524
2525 2528 2526
2528 2527 2526
2525 2529 2528
2528 2530 2527
2531 2528 2529
2532 2530 2528
2531 2532 2528
2532 2533 2530
2534 2532 2531
2535 2533 2532
2534 2535 2532
2535 2536 2533
2534 2537 2535
2537 2536 2535
2534 2538 2537
2537 2539 2536
2540 2542 2541
2540 2543 2542
2544 2543 2540
2544 2545 2543
2546 2545 2544
2546 2544 2547
2548 2546 2547
2548 2547 2549
2550 2548 2549
2550 2551 2548
2552 2551 2550
2552 2550 2553
2554 2552 2553
2554 2553 2555
2556 2554 2555
2556 2555 2557
2558 2556 2557
2558 2557 2559
2560 2558 2559
2560 2559 2561
2562 2560 2561
2562 2561 2563
2564 2562 2563
2564 2565 2562
2566 2568 2567
2566 2569 2568
2570 2569 2566
2570 2571 2569
2572 2571 2570
2572 2570 2573
2574 2572 2573
2574 2573 2575
2576 2574 2575
2576 2577 2574
2578 2577 2576
2578 2576 2579
2580 2578 2579
2580 2579 2581
2582 2580 2581
2582 2581 2583
2584 2582 2583
2584 2583 2585
2586 2584 2585
2586 2585 2587
2588 2586 2587
2588 2587 2589
2590 2588 2589
2590 2591 2588
2592 2594 2593
2592 2595 2594
2595 2596 2594
2595 2597 2596
2597 2598 2596
2597 2599 2598
2599 2600 2598
2599 2601 2600
2601 2602 2600
2601 2603 2602
2603 2604 2602
2603 2605 2604
2605 2606 2604
2605 2607 2606
2606 2607 2608
2606 2608 2609
2608 2610 2609
2608 2611 2610
2610 2611 2612
2610 2612 2613
2613 2612 2614
2613 2614 2615
2614 2616 2615
2614 2617 2616
2618 2620 2619
2618 2619 2621
2619 2622 2621
2619 2623 2622
2624 2626 2625
2624 2625 2627
2627 2625 2628
2627 2628 2629
2630 2624 2627
2631 2627 2629
2630 2627 2631
2631 2629 2632
2633 2631 2632
2634 2630 2631
2633 2634 2631
2634 2635 2630
2636 2634 2633
2637 2635 2634
2636 2637 2634
2637 2638 2635
2639 2637 2636
2640 2638 2637
2639 2641 2637
2640 2637 2641
2642 2641 2639
2643 2640 2641
2642 2643 2641
2643 2644 2640
2645 2644 2643
2646 2643 2642
2645 2643 2646
2646 2642 2647
2648 2645 2646
2649 2646 2647
2648 2646 2650
2649 2650 2646
2651 2648 2650
2652 2650 2649
2651 2650 2652
2652 2649 2653
2654 2651 2652
2655 2652 2653
2654 2652 2656
2655 2656 2652
2657 2654 2656
2657 2656 2655
2657 2658 2654
2657 2655 2659
2660 2658 2657
2661 2657 2659
2660 2657 2662
2661 2662 2657
2663 2665 2664
2663 2664 2666
2663 2666 2667
2663 2667 2668
2668 2667 2669
2668 2669 2670
2670 2669 2671
2670 2671 2672
2672 2671 2673
2672 2673 2674
2674 2673 2675
2674 2675 2676
2677 2676 2675
2677 2675 2678
2677 2678 2679
2677 2679 2680
2681 2680 2679
2681 2679 2682
2683 2681 2682
2683 2682 2684
2685 2683 2684
2685 2684 2686
2687 2685 2686
2687 2686 2664
2688 2690 2689
2688 2691 2690
2691 2692 2690
2691 2693 2692
2693 2694 2692
2693 2695 2694
2695 2696 2694
2695 2697 2696
2697 2698 2696
2697 2699 2698
2699 2700 2698
2699 2701 2700
2701 2702 2700
2701 2703 2702
2703 2704 2702
2703 2705 2704
2705 2706 2704
2705 2707 2706
2707 2708 2706
2707 2709 2708
2709 2710 2708
2709 2711 2710
2711 2712 2710
2711 2713 2712
2714 2716 2715
2714 2717 2716
2717 2718 2716
2717 2719 2718
2718 2719 2720
2718 2720 2721
2720 2722 2721
2720 2723 2722
2723 2724 2722
2723 2725 2724
2725 2726 2724
2725 2727 2726
2727 2728 2726
2727 2729 2728
2729 2730 2728
2729 2731 2730
2730 2731 2732
2730 2732 2733
2732 2734 2733
2732 2735 2734
2735 2736 2734
2735 2737 2736
2737 2738 2736
2737 2739 2738
2740 2742 2741
2743 2741 2742
2740 2744 2742
2743 2742 2745
2746 2744 2740
2743 2745 2747
2746 2748 2744
2743 2747 2749
2750 2748 2746
2749 2747 2751
2750 2752 2748
2749 2751 2753
2754 2752 2750
2753 2751 2755
2754 2756 2752
2753 2755 2757
2758 2756 2754
2757 2755 2759
2758 2760 2756
2757 2759 2761
2762 2760 2758
2761 2759 2763
2761 2763 2762
2762 2763 2760
2764 2766 2765
2767 2765 2766
2764 2768 2766
2767 2766 2769
2770 2768 2764
2770 2771 2768
2772 2771 2770
2772 2773 2771
2774 2767 2769
2774 2769 2775
2774 2775 2776
2774 2776 2777
2777 2776 2778
2777 2778 2779
2779 2778 2780
2779 2780 2781
2781 2780 2782
2781 2782 2783
2784 2773 2772
2784 2785 2773
2783 2782 2786
2784 2786 2785
2783 2786 2787
2784 2787 2786
2788 2790 2789
2791 2789 2790
2788 2792 2790
2791 2790 2793
2794 2792 2788
2794 2795 2792
2796 2795 2794
2796 2797 2795
2798 2791 2793
2798 2793 2799
2798 2799 2800
2798 2800 2801
2801 2800 2802
2801 2802 2803
2803 2802 2804
2803 2804 2805
2805 2804 2806
2805 2806 2807
2808 2797 2796
2808 2809 2797
2807 2806 2810
2808 2810 2809
2807 2810 2811
2808 2811 2810
2812 2814 2813
2815 2812 2813
2814 2816 2813
2817 2815 2813
2816 2818 2813
2819 2817 2813
2818 2820 2813
2821 2819 2813
2820 2822 2813
2823 2821 2813
2822 2824 2813
2824 2823 2813
2825 2827 2826
2826 2827 2828
2825 2826 2829
2830 2825 2829
2826 2828 2831
2831 2828 2832
2830 2829 2833
2834 2830 2833
2829 2826 2835
2831 2835 2826
2833 2829 2835
2831 2832 2836
2836 2835 2831
2836 2832 2837
2834 2833 2838
2838 2833 2835
2839 2835 2836
2836 2837 2839
2840 2838 2835
2841 2834 2838
2841 2838 2840
2839 2837 2842
2843 2841 2840
2839 2842 2844
2844 2835 2839
2844 2842 2845
2843 2840 2846
2840 2835 2846
2844 2845 2847
2835 2844 2847
2843 2846 2848
2843 2848 2849
2849 2848 2850
2849 2850 2851
2852 2848 2846
2850 2848 2852
2845 2853 2847
2845 2854 2853
2854 2855 2853
2854 2856 2855
2857 2847 2853
2857 2853 2855
2846 2835 2858
2858 2852 2846
2859 2835 2847
2859 2847 2857
2835 2860 2858
2860 2835 2859
2852 2858 2860
2860 2859 2857
2852 2860 2861
2860 2857 2861
2850 2852 2861
2857 2855 2861
2856 2862 2855
2856 2863 2862
2864 2861 2855
2850 2861 2864
2864 2855 2862
2863 2865 2862
2863 2866 2865
2850 2864 2867
2851 2850 2867
2851 2867 2868
2869 2864 2862
2867 2864 2869
2869 2862 2865
2868 2867 2870
2867 2869 2870
2868 2870 2871
2866 2872 2865
2866 2873 2872
2873 2874 2872
2875 2872 2874
2876 2869 2865
2876 2865 2872
2870 2869 2876
2875 2876 2872
2871 2870 2877
2870 2876 2877
2877 2876 2875
2871 2877 2878
2877 2875 2879
2878 2877 2879
2880 2882 2881
2883 2882 2880
2880 2881 2884
2884 2881 2885
2883 2880 2886
2887 2883 2886
2884 2885 2888
2888 2885 2889
2887 2886 2890
2891 2887 2890
2891 2890 2892
2890 2893 2892
2890 2894 2893
2886 2894 2890
2886 2895 2894
2880 2895 2886
2880 2896 2895
2880 2897 2896
2880 2884 2897
2898 2897 2884
2898 2884 2888
2899 2898 2888
2899 2888 2900
2888 2889 2900
2899 2900 2901
2889 2901 2900
2899 2901 2902
2902 2901 2903
2889 2904 2901
2904 2903 2901
2902 2903 2905
2904 2906 2903
2903 2907 2905
2908 2903 2906
2903 2909 2907
2908 2909 2903
2907 2909 2910
2908 2910 2909
2911 2907 2910
2910 2908 2912
2911 2910 2913
2910 2912 2914
2910 2915 2913
2916 2910 2914
2910 2917 2915
2916 2917 2910
2917 2918 2915
2919 2917 2916
2917 2920 2918
2919 2920 2917
2920 2921 2918
2922 2920 2919
2920 2923 2921
2922 2923 2920
2923 2924 2921
2925 2923 2922
2923 2926 2924
2925 2926 2923
2927 2929 2928
2930 2929 2927
2930 2927 2931
2932 2930 2931
2932 2931 2933
2934 2932 2933
2934 2935 2932
2936 2932 2935
2936 2937 2932
2938 2932 2937
2938 2939 2932
2940 2939 2938
2940 2941 2939
2942 2941 2940
2942 2928 2941
2927 2928 2943
2928 2942 2944
2943 2928 2945
2928 2944 2945
2943 2945 2946
2946 2945 2947
2948 2945 2944
2948 2947 2945
2949 2946 2947
2950 2949 2947
2947 2948 2951
2950 2947 2952
2953 2950 2952
2947 2951 2954
2952 2947 2954
2955 2954 2951
2955 2951 2956
2957 2955 2956
2957 2956 2958
2958 2959 2957
2958 2960 2959
2961 2959 2960
2961 2962 2959
2963 2962 2961
2963 2961 2964
2965 2963 2964
2965 2966 2963
2967 2966 2965
2967 2968 2966
2969 2966 2968
2969 2970 2966
2970 2971 2966
2970 2972 2971
2973 2971 2972
2973 2974 2971
2973 2959 2974
2973 2975 2959
2976 2959 2975
2976 2957 2959
2976 2955 2957
2977 2955 2976
2955 2977 2978
2955 2978 2979
2954 2955 2979
2979 2978 2980
2954 2979 2981
2952 2954 2981
2979 2980 2982
2981 2979 2982
2983 2952 2981
2953 2952 2983
2980 2984 2982
2980 2985 2984
2981 2982 2986
2983 2981 2986
2987 2986 2982
2987 2983 2986
2987 2982 2984
2988 2953 2983
2987 2988 2983
2988 2989 2953
2985 2990 2984
2985 2991 2990
2990 2991 2992
2992 2991 2993
2992 2993 2994
2995 2987 2984
2995 2988 2987
2995 2984 2990
2996 2989 2988
2995 2996 2988
2996 2997 2989
2996 2998 2997
2998 2999 2997
3000 2999 2998
2990 3001 2995
2996 2995 3001
2990 3002 3001
2992 3002 2990
2996 3001 3003
2998 2996 3003
2992 3004 3002
2998 3003 3005
3006 2998 3005
3007 3004 2992
3000 2998 3008
3006 3008 2998
3009 3000 3008
3008 3006 3010
3007 2992 3011
2992 2994 3011
3011 2994 3012
3013 3007 3011
3011 3012 3013
3013 3014 3007
3015 3013 3012
3015 3014 3013
3015 3016 3014
3015 3012 3017
3018 3016 3015
3019 3015 3017
3018 3015 3019
3019 3017 3020
3019 3020 3021
3022 3018 3019
3019 3021 3022
3022 3023 3018
3022 3021 3009
3022 3010 3023
3022 3009 3024
3022 3024 3010
3009 3008 3024
3008 3010 3024
3025 3027 3026
3028 3026 3027
3025 3029 3027
3030 3029 3025
3028 3027 3031
3032 3028 3031
3032 3031 3033
3031 3034 3033
3031 3035 3034
3027 3035 3031
3030 3036 3029
3037 3036 3030
3037 3038 3036
3039 3038 3037
3039 3040 3038
3029 3036 3041
3038 3041 3036
3040 3042 3038
3038 3042 3041
3040 3043 3042
3042 3043 3044
3042 3044 3045
3041 3042 3045
3045 3044 3046
3045 3046 3047
3048 3045 3047
3041 3045 3048
3048 3047 3049
3029 3041 3050
3050 3041 3048
3027 3029 3050
3051 3048 3049
3050 3048 3051
3052 3050 3051
3051 3049 3053
3052 3051 3053
3052 3053 3054
3055 3052 3054
3027 3050 3056
3052 3056 3050
3027 3056 3035
3035 3056 3052
3055 3057 3052
3035 3052 3057
3058 3057 3055
3034 3035 3057
3058 3059 3057
3034 3057 3059
3060 3062 3061
3063 3060 3061
3060 3064 3062
3064 3065 3062
3063 3066 3060
3067 3066 3063
3067 3068 3066
3069 3066 3068
3069 3070 3066
3070 3060 3066
3064 3071 3065
3071 3072 3065
3071 3073 3072
3073 3074 3072
3073 3075 3074
3064 3076 3071
3076 3073 3071
3077 3075 3073
3076 3077 3073
3077 3078 3075
3079 3078 3077
3060 3080 3064
3064 3080 3076
3079 3077 3081
3082 3079 3081
3082 3081 3083
3084 3081 3077
3083 3081 3084
3084 3077 3076
3083 3084 3085
3086 3084 3076
3085 3084 3086
3086 3076 3080
3087 3086 3080
3085 3086 3088
3088 3086 3087
3088 3087 3089
3090 3089 3087
3060 3091 3080
3087 3080 3091
3070 3091 3060
3087 3091 3070
3090 3087 3092
3087 3070 3092
3093 3090 3092
3092 3070 3069
3093 3092 3094
3092 3069 3094
3095 3097 3096
3097 3098 3096
3095 3099 3097
3100 3099 3095
3100 3101 3099
3102 3099 3101
3102 3103 3099
3103 3097 3099
3097 3104 3098
3097 3105 3104
3104 3106 3098
3104 3107 3106
3105 3107 3104
3107 3108 3106
3107 3109 3108
3109 3110 3108
3109 3111 3110
3112 3109 3107
3105 3112 3107
3113 3111 3109
3112 3113 3109
3113 3114 3111
3115 3114 3113
3116 3113 3112
3116 3112 3105
3115 3113 3117
3116 3117 3113
3118 3115 3117
3118 3117 3119
3119 3117 3116
3119 3116 3120
3120 3116 3121
3116 3105 3121
3122 3121 3105
3120 3121 3123
3123 3121 3122
3123 3122 3124
3125 3124 3122
3122 3105 3126
3097 3126 3105
3103 3126 3097
3122 3126 3103
3125 3122 3127
3122 3103 3127
3128 3125 3127
3127 3103 3102
3128 3127 3129
3127 3102 3129
3130 3132 3131
3133 3130 3131
3130 3134 3132
3134 3135 3132
3134 3136 3135
3136 3137 3135
3133 3138 3130
3139 3138 3133
3139 3140 3138
3141 3138 3140
3141 3142 3138
3142 3130 3138
3130 3143 3134
3143 3136 3134
3136 3144 3137
3144 3145 3137
3144 3146 3145
3144 3147 3146
3148 3144 3136
3143 3148 3136
3144 3149 3147
3148 3149 3144
3150 3147 3149
3150 3149 3151
3152 3150 3151
3152 3151 3153
3154 3151 3149
3153 3151 3154
3154 3149 3148
3153 3154 3155
3156 3154 3148
3155 3154 3156
3156 3148 3143
3157 3156 3143
3155 3156 3158
3158 3156 3157
3158 3157 3159
3160 3159 3157
3157 3143 3161
3130 3161 3143
3142 3161 3130
3157 3161 3142
3160 3157 3162
3157 3142 3162
3163 3160 3162
3162 3142 3141
3163 3162 3164
3162 3141 3164
3165 3167 3166
3168 3165 3166
3165 3169 3167
3165 3170 3169
3169 3171 3167
3169 3172 3171
3170 3172 3169
3172 3173 3171
3168 3174 3165
3175 3165 3174
3176 3174 3168
3176 3177 3174
3177 3175 3174
3177 3178 3175
3179 3175 3178
3165 3180 3170
3175 3180 3165
3181 3180 3175
3181 3170 3180
3179 3182 3175
3181 3175 3182
3183 3182 3179
3183 3184 3182
3184 3181 3182
3184 3185 3181
3186 3181 3185
3186 3187 3181
3181 3187 3170
3188 3187 3186
3188 3189 3187
3189 3170 3187
3190 3189 3188
3189 3191 3170
3170 3191 3172
3190 3192 3189
3192 3191 3189
3193 3192 3190
3193 3194 3192
3192 3195 3191
3194 3195 3192
3172 3191 3195
3194 3196 3195
3195 3196 3197
3172 3195 3198
3195 3197 3198
3172 3198 3173
3198 3197 3199
3198 3199 3173
3200 3202 3201
3203 3200 3201
3200 3204 3202
3204 3205 3202
3204 3206 3205
3206 3207 3205
3203 3208 3200
3209 3200 3208
3210 3208 3203
3210 3211 3208
3211 3209 3208
3211 3212 3209
3213 3209 3212
3200 3214 3204
3214 3206 3204
3206 3215 3207
3215 3216 3207
3215 3217 3216
3218 3215 3206
3214 3218 3206
3219 3217 3215
3218 3219 3215
3219 3220 3217
3221 3220 3219
3221 3219 3218
3221 3222 3220
3223 3222 3221
3223 3221 3224
3224 3221 3225
3221 3218 3225
3224 3225 3226
3227 3225 3218
3226 3225 3227
3227 3218 3214
3228 3227 3214
3226 3227 3229
3229 3227 3228
3229 3228 3230
3231 3230 3228
3228 3214 3232
3200 3232 3214
3209 3232 3200
3228 3232 3209
3231 3228 3233
3228 3209 3233
3234 3231 3233
3213 3233 3209
3234 3233 3213
3235 3237 3236
3235 3238 3237
3239 3237 3238
3239 3240 3237
3236 3237 3241
3240 3241 3237
3236 3241 3242
3240 3243 3241
3244 3243 3240
3243 3244 3245
3246 3245 3244
3243 3245 3247
3241 3243 3247
3246 3248 3245
3241 3247 3249
3242 3241 3249
3242 3249 3250
3250 3251 3242
3250 3252 3251
3253 3248 3246
3252 3254 3251
3252 3255 3254
3254 3255 3256
3254 3256 3257
3257 3256 3258
3257 3258 3259
3259 3258 3260
3259 3260 3261
3262 3261 3260
3262 3260 3263
3264 3262 3263
3264 3263 3265
3266 3264 3265
3266 3265 3267
3266 3267 3268
3266 3268 3269
3270 3269 3268
3270 3271 3269
3272 3271 3270
3272 3273 3271
3274 3273 3272
3273 3275 3271
3274 3276 3273
3276 3274 3277
3276 3277 3253
3253 3277 3248
3253 3278 3276
3273 3276 3278
3273 3279 3275
3273 3278 3279
3279 3280 3275
3279 3278 3281
3279 3282 3280
3279 3281 3282
3283 3285 3284
3283 3284 3286
3283 3287 3285
3283 3286 3288
3289 3285 3287
3288 3286 3290
3289 3291 3285
3288 3290 3292
3293 3291 3289
3292 3290 3294
3293 3295 3291
3292 3294 3296
3297 3295 3293
3296 3294 3298
3297 3299 3295
3296 3298 3300
3301 3299 3297
3300 3298 3302
3301 3303 3299
3300 3302 3304
3305 3303 3301
3304 3302 3306
3304 3306 3305
3305 3306 3303
3307 3309 3308
3310 3308 3309
3307 3311 3309
3310 3309 3312
3313 3311 3307
3310 3312 3314
3313 3315 3311
3310 3314 3316
3317 3315 3313
3316 3314 3318
3317 3319 3315
3316 3318 3320
3321 3319 3317
3320 3318 3322
3321 3323 3319
3320 3322 3324
3325 3323 3321
3324 3322 3326
3325 3327 3323
3324 3326 3328
3329 3327 3325
3328 3326 3330
3328 3330 3329
3329 3330 3327
3331 3333 3332
3334 3332 3333
3331 3335 3333
3334 3333 3336
3337 3335 3331
3338 3334 3336
3337 3339 3335
3338 3336 3340
3341 3338 3340
3341 3340 3342
3343 3341 3342
3343 3342 3344
3345 3339 3337
3345 3346 3339
3347 3343 3344
3347 3344 3348
3347 3348 3349
3347 3349 3350
3350 3349 3351
3350 3351 3352
3345 3353 3346
3352 3351 3353
3345 3354 3353
3352 3353 3354
3355 3357 3356
3358 3356 3357
3355 3359 3357
3358 3357 3360
3361 3359 3355
3358 3360 3362
3361 3363 3359
3358 3362 3364
3364 3362 3365
3364 3365 3366
3366 3365 3367
3366 3367 3368
3368 3367 3369
3368 3369 3370
3370 3369 3371
3370 3371 3372
3372 3371 3373
3372 3373 3374
3375 3363 3361
3375 3376 3363
3374 3373 3377
3375 3377 3376
3374 3377 3378
3375 3378 3377
3379 3381 3380
3379 3382 3381
3380 3381 3383
3380 3383 3384
3384 3383 3385
3386 3382 3379
3386 3387 3382
3379 3380 3388
3384 3388 3380
3384 3385 3389
3389 3385 3390
3389 3390 3391
3391 3390 3392
3384 3389 3393
3391 3393 3389
3391 3392 3394
3394 3392 3395
3396 3387 3386
3396 3397 3387
3386 3379 3398
3379 3388 3398
3384 3399 3388
3384 3393 3399
3391 3400 3393
3394 3400 3391
3394 3395 3401
3401 3395 3402
3403 3397 3396
3403 3404 3397
3398 3388 3405
3399 3405 3388
3399 3393 3406
3400 3406 3393
3401 3407 3394
3394 3407 3400
3401 3402 3408
3408 3402 3409
3401 3410 3407
3408 3410 3401
3400 3407 3411
3410 3411 3407
3408 3409 3412
3412 3409 3413
3399 3414 3405
3399 3406 3414
3405 3414 3415
3414 3406 3415
3400 3416 3406
3400 3411 3416
3406 3416 3415
3416 3411 3415
3408 3417 3410
3412 3417 3408
3412 3413 3418
3418 3413 3419
3410 3420 3411
3411 3420 3415
3410 3421 3420
3410 3417 3421
3420 3421 3415
3422 3405 3415
3421 3423 3415
3424 3422 3415
3398 3405 3422
3398 3422 3424
3412 3425 3417
3425 3421 3417
3425 3423 3421
3418 3425 3412
3418 3419 3426
3426 3419 3427
3398 3424 3428
3386 3398 3428
3396 3386 3428
3425 3429 3423
3423 3429 3415
3418 3430 3425
3426 3430 3418
3425 3430 3429
3428 3424 3431
3431 3424 3415
3396 3428 3432
3428 3431 3432
3403 3396 3432
3433 3429 3430
3426 3433 3430
3426 3434 3433
3433 3435 3429
3429 3435 3415
3434 3435 3433
3432 3431 3436
3436 3431 3415
3403 3432 3437
3432 3436 3437
3435 3438 3415
3434 3438 3435
3438 3439 3415
3439 3436 3415
3434 3439 3438
3440 3436 3439
3440 3437 3436
3434 3440 3439
3441 3403 3437
3441 3437 3440
3441 3440 3434
3441 3404 3403
3441 3442 3404
3441 3434 3443
3443 3442 3441
3426 3443 3434
3443 3427 3442
3426 3427 3443
3444 3446 3445
3447 3444 3445
3444 3448 3446
3447 3445 3449
3450 3447 3449
3448 3451 3446
3448 3452 3451
3450 3449 3453
3449 3454 3453
3455 3450 3453
3455 3453 3456
3454 3456 3453
3457 3455 3456
3452 3458 3451
3452 3459 3458
3457 3456 3460
3461 3457 3460
3459 3462 3458
3459 3463 3462
3461 3460 3464
3465 3461 3464
3463 3466 3462
3463 3467 3466
3465 3464 3468
3469 3465 3468
3467 3470 3466
3467 3471 3470
3471 3472 3470
3471 3473 3472
3474 3466 3470
3472 3474 3470
3475 3462 3466
3474 3475 3466
3469 3468 3476
3477 3469 3476
3473 3477 3478
3473 3478 3472
3477 3476 3478
3479 3472 3478
3476 3479 3478
3472 3480 3474
3479 3480 3472
3468 3481 3476
3476 3481 3479
3475 3482 3462
3482 3458 3462
3482 3483 3458
3483 3451 3458
3480 3484 3474
3484 3475 3474
3485 3480 3479
3481 3485 3479
3475 3486 3482
3486 3483 3482
3468 3487 3481
3464 3487 3468
3483 3488 3451
3488 3446 3451
3488 3489 3446
3489 3445 3446
3483 3490 3488
3490 3489 3488
3475 3491 3486
3491 3492 3486
3484 3491 3475
3484 3492 3491
3486 3493 3483
3483 3493 3490
3486 3492 3493
3493 3492 3490
3464 3494 3487
3460 3494 3464
3489 3495 3445
3495 3449 3445
3490 3496 3489
3490 3492 3496
3489 3496 3497
3489 3497 3495
3496 3492 3497
3495 3498 3449
3497 3498 3495
3449 3498 3454
3497 3492 3499
3497 3499 3498
3499 3454 3498
3499 3492 3500
3499 3500 3454
3500 3492 3501
3454 3500 3501
3454 3501 3502
3454 3502 3456
3502 3501 3503
3501 3492 3503
3456 3502 3504
3502 3503 3504
3456 3504 3460
3460 3504 3494
3503 3494 3504
3503 3505 3494
3503 3492 3505
3505 3487 3494
3505 3506 3487
3505 3492 3506
3506 3481 3487
3506 3507 3481
3506 3492 3507
3481 3507 3485
3507 3492 3485
3485 3492 3508
3485 3508 3480
3508 3492 3484
3480 3508 3484
16384
0 13638
32768
gun_frame.007_Cylinder.051_0
