{"position":{"x":0.0,"y":0.0,"z":0.0},"rotation":{"x":0.7071068286895752,"y":0.0,"z":0.0,"w":0.7071068286895752},"scale":{"x":100.0,"y":100.00004577636719,"z":1.0},"colliderPosition":{"x":0.0,"y":0.0,"z":0.0},"colliderScale":{"x":1.0,"y":1.000000238418579,"z":0.10000000149011612},"meshName":"Quad","mainTextureName":"","normalTextureName":""}
{"position":{"x":0.0,"y":2.700000762939453,"z":0.0},"rotation":{"x":0.0,"y":0.0,"z":0.0,"w":1.0},"scale":{"x":5.0,"y":5.0,"z":30.0},"colliderPosition":{"x":0.0,"y":0.0,"z":0.0},"colliderScale":{"x":1.0,"y":1.0,"z":1.0},"meshName":"Cube","mainTextureName":"","normalTextureName":""}
{"position":{"x":0.0,"y":100.0,"z":0.0},"rotation":{"x":0.7071068286895752,"y":0.0,"z":0.0,"w":-0.7071068286895752},"scale":{"x":100.0,"y":100.00004577636719,"z":1.0},"colliderPosition":{"x":0.0,"y":0.0,"z":0.0},"colliderScale":{"x":1.0,"y":1.000000238418579,"z":0.10000000149011612},"meshName":"Quad","mainTextureName":"","normalTextureName":""}
{"position":{"x":28.399999618530275,"y":97.30000305175781,"z":-19.100000381469728},"rotation":{"x":0.0,"y":-0.1782127469778061,"z":0.0,"w":0.9839919805526733},"scale":{"x":5.0,"y":5.0,"z":30.0},"colliderPosition":{"x":0.0,"y":0.0,"z":0.0},"colliderScale":{"x":1.0,"y":1.0,"z":1.0},"meshName":"Cube","mainTextureName":"","normalTextureName":""}
{"position":{"x":0.0,"y":50.0,"z":-50.0},"rotation":{"x":1.0000001192092896,"y":0.0,"z":0.0,"w":0.0},"scale":{"x":100.0,"y":100.00004577636719,"z":1.0},"colliderPosition":{"x":0.0,"y":0.0,"z":0.0},"colliderScale":{"x":1.0,"y":1.000000238418579,"z":0.10000000149011612},"meshName":"Quad","mainTextureName":"","normalTextureName":""}
{"position":{"x":26.299999237060548,"y":20.199996948242189,"z":-47.000003814697269},"rotation":{"x":0.6408589482307434,"y":-0.2988309860229492,"z":-0.2988309860229492,"w":0.6408589482307434},"scale":{"x":5.0,"y":5.0,"z":30.0},"colliderPosition":{"x":0.0,"y":0.0,"z":0.0},"colliderScale":{"x":1.0,"y":1.0,"z":1.0},"meshName":"Cube","mainTextureName":"","normalTextureName":""}
{"position":{"x":0.0,"y":50.0,"z":50.0},"rotation":{"x":0.0,"y":0.0,"z":0.0,"w":1.0000001192092896},"scale":{"x":100.0,"y":100.00004577636719,"z":1.0},"colliderPosition":{"x":0.0,"y":0.0,"z":0.0},"colliderScale":{"x":1.0,"y":1.000000238418579,"z":0.10000000149011612},"meshName":"Quad","mainTextureName":"","normalTextureName":""}
{"position":{"x":33.70000076293945,"y":72.60000610351563,"z":47.29999542236328},"rotation":{"x":-0.7071068286895752,"y":0.0,"z":0.0,"w":0.7071068286895752},"scale":{"x":5.0,"y":5.0,"z":30.0},"colliderPosition":{"x":0.0,"y":0.0,"z":0.0},"colliderScale":{"x":1.0,"y":1.0,"z":1.0},"meshName":"Cube","mainTextureName":"","normalTextureName":""}
{"position":{"x":-50.0,"y":50.0,"z":0.0},"rotation":{"x":0.7071068286895752,"y":0.0,"z":-0.7071068286895752,"w":0.0},"scale":{"x":100.0,"y":100.00004577636719,"z":1.0},"colliderPosition":{"x":0.0,"y":0.0,"z":0.0},"colliderScale":{"x":1.0,"y":1.000000238418579,"z":0.10000000149011612},"meshName":"Quad","mainTextureName":"","normalTextureName":""}
{"position":{"x":-47.29999923706055,"y":32.0,"z":24.900001525878908},"rotation":{"x":0.5,"y":0.5,"z":-0.5,"w":0.5},"scale":{"x":5.0,"y":5.0,"z":30.0},"colliderPosition":{"x":0.0,"y":0.0,"z":0.0},"colliderScale":{"x":1.0,"y":1.0,"z":1.0},"meshName":"Cube","mainTextureName":"","normalTextureName":""}
{"position":{"x":50.0,"y":50.0,"z":0.0},"rotation":{"x":0.7071068286895752,"y":0.0,"z":0.7071068286895752,"w":0.0},"scale":{"x":100.0,"y":100.00004577636719,"z":1.0},"colliderPosition":{"x":0.0,"y":0.0,"z":0.0},"colliderScale":{"x":1.0,"y":1.000000238418579,"z":0.10000000149011612},"meshName":"Quad","mainTextureName":"","normalTextureName":""}
{"position":{"x":47.29999923706055,"y":47.900001525878909,"z":3.0},"rotation":{"x":0.6313573122024536,"y":-0.6313573122024536,"z":0.3184148073196411,"w":0.3184148073196411},"scale":{"x":5.0,"y":5.0,"z":30.0},"colliderPosition":{"x":0.0,"y":0.0,"z":0.0},"colliderScale":{"x":1.0,"y":1.0,"z":1.0},"meshName":"Cube","mainTextureName":"","normalTextureName":""}
